support_mode,variant,first,second,width_mm,segment,geometry,n_realizations,share_change_pp,raw_peak_change
variant_native,original_native,0,10,2,L1,sub-01,60,0.6936511446592867,-516.7587474599228
variant_native,original_native,0,10,2,L1,sub-02,60,0.34405974289648716,1160.674674389537
variant_native,original_native,0,10,2,L1,sub-03,60,1.0138741864471292,1875.8204469979405
variant_native,original_native,0,10,2,L1,sub-04,60,0.2582336539964427,1466.2034134144149
variant_native,original_native,0,10,2,L1,sub-05,60,-0.06082985581564537,4007.272425291986
variant_native,original_native,0,10,2,L1,sub-06,60,0.6334052348237881,2002.2904204507554
variant_native,original_native,0,10,2,L1,sub-07,60,0.4387885028027131,1198.8300504448277
variant_native,original_native,0,10,2,L1,sub-08,60,0.28146244444969337,2582.620730356063
variant_native,original_native,0,10,2,L1,sub-09,60,0.30259555722449666,966.0715562855852
variant_native,original_native,0,10,2,L1,sub-10,60,0.08388276567874745,2047.252767595446
variant_native,original_native,0,10,2,L1,sub-11,60,0.7943981801885851,15773.518439234926
variant_native,original_native,0,10,2,L1,sub-12,60,0.05401959116896734,1435.6164272925294
variant_native,original_native,0,10,2,L1,sub-13,60,-2.8616050427437574,-4893.460821719748
variant_native,original_native,0,10,2,L2,sub-01,60,-1.8430974332829209,-6997.892012448047
variant_native,original_native,0,10,2,L2,sub-02,60,0.37084810300878995,1208.3877769644573
variant_native,original_native,0,10,2,L2,sub-03,60,-0.0054466218277598785,990.3158550229205
variant_native,original_native,0,10,2,L2,sub-04,60,-0.37607865413444735,505.90608432310546
variant_native,original_native,0,10,2,L2,sub-05,60,-0.09112066992519334,4695.939649466594
variant_native,original_native,0,10,2,L2,sub-06,60,0.3138016054430906,761.3353058033562
variant_native,original_native,0,10,2,L2,sub-07,60,0.44801710858743626,1234.3254395622023
variant_native,original_native,0,10,2,L2,sub-08,60,0.023677326972082895,2769.3267859278862
variant_native,original_native,0,10,2,L2,sub-09,60,0.3330534994852846,741.6534747234186
variant_native,original_native,0,10,2,L2,sub-10,60,0.3569997224511975,2384.3117341210477
variant_native,original_native,0,10,2,L2,sub-11,60,-0.28593389870059344,11552.892968472415
variant_native,original_native,0,10,2,L2,sub-12,60,0.03274576021536938,708.6385260399314
variant_native,original_native,0,10,2,L2,sub-13,60,0.5103138885359295,1717.0682696236167
variant_native,original_native,0,10,2,L3,sub-01,60,-0.7639716038755752,-3735.945161831901
variant_native,original_native,0,10,2,L3,sub-02,60,0.2746484302116279,1413.6796798576092
variant_native,original_native,0,10,2,L3,sub-03,60,0.02490159414335286,566.8324752651713
variant_native,original_native,0,10,2,L3,sub-04,60,-0.41923555358920744,365.54062406516886
variant_native,original_native,0,10,2,L3,sub-05,60,-0.07090578026642626,1306.5284985684846
variant_native,original_native,0,10,2,L3,sub-06,60,-1.6490301967137353,-2896.311969792868
variant_native,original_native,0,10,2,L3,sub-07,60,-0.23310298400246948,994.6335485768735
variant_native,original_native,0,10,2,L3,sub-08,60,0.18267387726043627,1210.760185738737
variant_native,original_native,0,10,2,L3,sub-09,60,0.21563519031178424,503.2024452223208
variant_native,original_native,0,10,2,L3,sub-10,60,-0.09843156901798654,795.9742550795779
variant_native,original_native,0,10,2,L3,sub-11,60,-0.5999172575617071,5444.930224301566
variant_native,original_native,0,10,2,L3,sub-12,60,-0.19759527989308154,366.8798902177028
variant_native,original_native,0,10,2,L3,sub-13,60,0.6102164376797204,1349.9541626819444
variant_native,original_native,0,10,2,L4,sub-01,60,0.26746942895500025,-1731.6494695441165
variant_native,original_native,0,10,2,L4,sub-02,60,0.7765866964161636,1520.4515792075451
variant_native,original_native,0,10,2,L4,sub-03,60,-0.49406850316967793,959.2076773553258
variant_native,original_native,0,10,2,L4,sub-04,60,0.25313363934372546,1021.8938977084858
variant_native,original_native,0,10,2,L4,sub-05,60,-0.16308224728809073,6201.759373377307
variant_native,original_native,0,10,2,L4,sub-06,60,0.10346161440921285,428.09033674834717
variant_native,original_native,0,10,2,L4,sub-07,60,-0.1730174740144692,119.21383187735766
variant_native,original_native,0,10,2,L4,sub-08,60,-0.13247868110390168,1377.9636634221101
variant_native,original_native,0,10,2,L4,sub-09,60,-0.0934135131627428,183.39774496790764
variant_native,original_native,0,10,2,L4,sub-10,60,0.0035100737530000823,1777.6748866424439
variant_native,original_native,0,10,2,L4,sub-11,60,-0.2006406020554778,7228.491488560979
variant_native,original_native,0,10,2,L4,sub-12,60,0.274119957334075,848.7628824389656
variant_native,original_native,0,10,2,L4,sub-13,60,0.20498701319251583,57.428202785190614
variant_native,original_native,0,10,2,L5,sub-01,60,-0.48765073467856257,-4966.281693253319
variant_native,original_native,0,10,2,L5,sub-02,60,-0.529366532226241,78.04883615482214
variant_native,original_native,0,10,2,L5,sub-03,60,-0.5230926887607021,60.225232756808644
variant_native,original_native,0,10,2,L5,sub-04,60,0.1340683552235323,974.0088898902397
variant_native,original_native,0,10,2,L5,sub-05,60,0.14823016650123533,2050.106654675086
variant_native,original_native,0,10,2,L5,sub-06,60,0.23832713478117076,521.071048252538
variant_native,original_native,0,10,2,L5,sub-07,60,-1.085509559841277,565.7272743188845
variant_native,original_native,0,10,2,L5,sub-08,60,-0.04330336565198887,695.9116499347613
variant_native,original_native,0,10,2,L5,sub-09,60,0.14981987077966197,486.0970565231529
variant_native,original_native,0,10,2,L5,sub-10,60,-0.31451066986217935,654.7990506585271
variant_native,original_native,0,10,2,L5,sub-11,60,-0.17812921712159518,8080.42906692556
variant_native,original_native,0,10,2,L5,sub-12,60,0.4341019981863325,1109.137913132339
variant_native,original_native,0,10,2,L5,sub-13,60,0.34761389912832713,212.12756386049048
variant_native,original_native,0,10,2,S1,sub-01,60,1.4286447050417395,5723.572268436228
variant_native,original_native,0,10,2,S1,sub-02,60,-1.0964734748669143,3101.0966811414196
variant_native,original_native,0,10,2,S1,sub-03,60,-0.014880357784454033,571.9678974977163
variant_native,original_native,0,10,2,S1,sub-04,60,0.05082967194517728,1684.8780855796724
variant_native,original_native,0,10,2,S1,sub-05,60,0.05048977953560125,1965.1912195121226
variant_native,original_native,0,10,2,S1,sub-06,60,0.497201634297724,1829.9285053718136
variant_native,original_native,0,10,2,S1,sub-07,60,0.22381554829149797,481.35198990026026
variant_native,original_native,0,10,2,S1,sub-08,60,-1.6180659582811476,-1470.1464331591412
variant_native,original_native,0,10,2,S1,sub-09,60,-0.5567791157115717,339.8892726583382
variant_native,original_native,0,10,2,S1,sub-10,60,-0.24423212624102406,4596.267307813965
variant_native,original_native,0,10,2,S1,sub-11,60,-0.3251847664222836,4609.4297005128965
variant_native,original_native,0,10,2,S1,sub-12,60,-0.3951939151910946,11634.190502650199
variant_native,original_native,0,10,2,S1,sub-13,60,0.7777764291392182,-771.9341573998653
variant_native,original_native,0,10,2,S2,sub-01,60,0.7049544931810298,5386.13250619129
variant_native,original_native,0,10,2,S2,sub-02,60,-0.14030296543991427,1427.9373063556436
variant_native,original_native,0,10,2,S2,sub-03,60,-0.0012876090478888037,424.24391439739617
variant_native,original_native,0,10,2,S2,sub-04,60,0.0990488872147741,990.715532715361
variant_native,original_native,0,10,2,S2,sub-05,60,0.18721860725852257,2251.3616502516356
variant_native,original_native,0,10,2,S2,sub-06,60,-0.13716702704125,990.460964092829
variant_native,original_native,0,10,2,S2,sub-07,60,0.38100885817656766,1294.9712599851039
variant_native,original_native,0,10,2,S2,sub-08,60,1.3060343563548242,6118.449477795422
variant_native,original_native,0,10,2,S2,sub-09,60,-0.3509114889269138,1115.4467453614766
variant_native,original_native,0,10,2,S2,sub-10,60,0.21278180323824544,5492.039688119028
variant_native,original_native,0,10,2,S2,sub-11,60,0.7954075616730695,3446.915119041476
variant_native,original_native,0,10,2,S2,sub-12,60,-0.20219811182056538,1569.878907865567
variant_native,original_native,0,10,2,S2,sub-13,60,0.41069737506804327,355.06326222834025
variant_native,original_native,0,10,5,L1,sub-01,60,1.2317614202522051,-596.5035298386368
variant_native,original_native,0,10,5,L1,sub-02,60,0.04114063131389164,235.3287912903317
variant_native,original_native,0,10,5,L1,sub-03,60,1.5309111873750454,465.56075296021305
variant_native,original_native,0,10,5,L1,sub-04,60,0.5564592119190155,381.89344621951955
variant_native,original_native,0,10,5,L1,sub-05,60,0.35675049877187426,536.2165455906936
variant_native,original_native,0,10,5,L1,sub-06,60,0.8110930820033162,430.1462193804683
variant_native,original_native,0,10,5,L1,sub-07,60,1.1084651771977718,481.72541401834434
variant_native,original_native,0,10,5,L1,sub-08,60,0.3338176272131161,203.8924952383816
variant_native,original_native,0,10,5,L1,sub-09,60,-0.8474539518271601,13.01070138279318
variant_native,original_native,0,10,5,L1,sub-10,60,0.2801074607233425,370.0555064316667
variant_native,original_native,0,10,5,L1,sub-11,60,1.0339241032167097,2888.4390917151645
variant_native,original_native,0,10,5,L1,sub-12,60,-0.21548786782045856,108.98299791035903
variant_native,original_native,0,10,5,L1,sub-13,60,-4.304125375871657,-2355.4683359250284
variant_native,original_native,0,10,5,L2,sub-01,60,-2.591674488757607,-4604.7259247722595
variant_native,original_native,0,10,5,L2,sub-02,60,1.0818893960105607,470.91924375887123
variant_native,original_native,0,10,5,L2,sub-03,60,0.28649164135027777,207.2032504408593
variant_native,original_native,0,10,5,L2,sub-04,60,-0.5170392842820073,47.536653829556165
variant_native,original_native,0,10,5,L2,sub-05,60,0.7673868491689965,809.9970106783902
variant_native,original_native,0,10,5,L2,sub-06,60,0.5398291116097187,318.51263274107197
variant_native,original_native,0,10,5,L2,sub-07,60,0.9646684032225589,395.08293961091164
variant_native,original_native,0,10,5,L2,sub-08,60,0.7417133930538565,420.1763934021214
variant_native,original_native,0,10,5,L2,sub-09,60,-0.3145925954772825,152.89531624457396
variant_native,original_native,0,10,5,L2,sub-10,60,0.36640894228271326,398.15355942292797
variant_native,original_native,0,10,5,L2,sub-11,60,-0.23451734351405892,2704.577210818035
variant_native,original_native,0,10,5,L2,sub-12,60,0.38439193519881887,307.39977812253005
variant_native,original_native,0,10,5,L2,sub-13,60,1.8741647453837642,425.9127411437678
variant_native,original_native,0,10,5,L3,sub-01,60,-2.31941224799185,-4238.718637386701
variant_native,original_native,0,10,5,L3,sub-02,60,0.7905124748682262,460.8375408182845
variant_native,original_native,0,10,5,L3,sub-03,60,-0.6305905953185115,-66.23166595000671
variant_native,original_native,0,10,5,L3,sub-04,60,-0.42696833860373107,82.78923101439347
variant_native,original_native,0,10,5,L3,sub-05,60,0.8009339865307621,503.27632142985385
variant_native,original_native,0,10,5,L3,sub-06,60,-1.513437978433068,-859.9768707465495
variant_native,original_native,0,10,5,L3,sub-07,60,-0.20520908391889087,59.020800506998235
variant_native,original_native,0,10,5,L3,sub-08,60,-0.2679913688113993,-28.842256642434126
variant_native,original_native,0,10,5,L3,sub-09,60,0.8614179477624135,519.2183345378406
variant_native,original_native,0,10,5,L3,sub-10,60,0.5492252370921772,420.25662691191263
variant_native,original_native,0,10,5,L3,sub-11,60,0.7477649329245621,1609.9892057924928
variant_native,original_native,0,10,5,L3,sub-12,60,0.48076888234076026,330.720368956582
variant_native,original_native,0,10,5,L3,sub-13,60,0.3870877968663743,-6.2343030209018595
variant_native,original_native,0,10,5,L4,sub-01,60,0.9485314316284609,-1069.5013191484702
variant_native,original_native,0,10,5,L4,sub-02,60,0.6974238123776992,398.27524212371696
variant_native,original_native,0,10,5,L4,sub-03,60,-0.41625718305614845,-16.9607624645212
variant_native,original_native,0,10,5,L4,sub-04,60,-0.28229175343734186,135.79691263757448
variant_native,original_native,0,10,5,L4,sub-05,60,-0.42056450879830565,420.11162900156273
variant_native,original_native,0,10,5,L4,sub-06,60,-0.1340792272248125,58.216114986351194
variant_native,original_native,0,10,5,L4,sub-07,60,-0.13021370283792408,24.04992220208619
variant_native,original_native,0,10,5,L4,sub-08,60,-0.13573388073832823,35.9862193590207
variant_native,original_native,0,10,5,L4,sub-09,60,1.3831639159346547,672.179769115711
variant_native,original_native,0,10,5,L4,sub-10,60,0.7946870812906848,593.424157874764
variant_native,original_native,0,10,5,L4,sub-11,60,-0.2808966213788683,1980.190523389292
variant_native,original_native,0,10,5,L4,sub-12,60,0.3528824559149232,296.8392003837624
variant_native,original_native,0,10,5,L4,sub-13,60,0.37112849556162425,-3.3401223998141023
variant_native,original_native,0,10,5,L5,sub-01,60,1.012695936760464,-847.2893988010347
variant_native,original_native,0,10,5,L5,sub-02,60,-1.0117889755589795,-48.63226307458394
variant_native,original_native,0,10,5,L5,sub-03,60,-0.3682012759501756,2.325521600205468
variant_native,original_native,0,10,5,L5,sub-04,60,0.48694283165447383,357.9759529961047
variant_native,original_native,0,10,5,L5,sub-05,60,-0.2561152925580643,40.38516336123654
variant_native,original_native,0,10,5,L5,sub-06,60,0.06917279726634613,82.69431604829275
variant_native,original_native,0,10,5,L5,sub-07,60,-1.6555291676918529,-742.1838794052862
variant_native,original_native,0,10,5,L5,sub-08,60,-0.13087751264251465,-4.5858829207713905
variant_native,original_native,0,10,5,L5,sub-09,60,0.2056940308094802,342.66499206164383
variant_native,original_native,0,10,5,L5,sub-10,60,-0.7603319485561161,71.56090761283834
variant_native,original_native,0,10,5,L5,sub-11,60,-0.6411395151958461,1396.7277253634975
variant_native,original_native,0,10,5,L5,sub-12,60,-0.6840729234356733,-15.321282757944717
variant_native,original_native,0,10,5,L5,sub-13,60,0.3580873946086349,-4.740646691764417
variant_native,original_native,0,10,5,S1,sub-01,60,1.3746288298343183,287.7428515324224
variant_native,original_native,0,10,5,S1,sub-02,60,-0.6288122267214505,190.16968817828308
variant_native,original_native,0,10,5,S1,sub-03,60,-0.2146792273105764,44.677508943266425
variant_native,original_native,0,10,5,S1,sub-04,60,0.34147433128722443,334.92714178570156
variant_native,original_native,0,10,5,S1,sub-05,60,-0.8750508516593809,76.963856999758
variant_native,original_native,0,10,5,S1,sub-06,60,0.1304370204696059,185.35513257597765
variant_native,original_native,0,10,5,S1,sub-07,60,0.051469543468734065,71.79373268499815
variant_native,original_native,0,10,5,S1,sub-08,60,-1.402618827550802,-666.3618288047304
variant_native,original_native,0,10,5,S1,sub-09,60,-0.4634475168076843,383.0398132906288
variant_native,original_native,0,10,5,S1,sub-10,60,-0.6944220490833325,432.0850314940517
variant_native,original_native,0,10,5,S1,sub-11,60,-0.323377511445338,685.0927287901851
variant_native,original_native,0,10,5,S1,sub-12,60,-0.16007595622053958,1138.0521537709753
variant_native,original_native,0,10,5,S1,sub-13,60,0.8970010727849292,86.3302619327262
variant_native,original_native,0,10,5,S2,sub-01,60,0.34346911827400656,134.071150107057
variant_native,original_native,0,10,5,S2,sub-02,60,-0.9703651122899497,23.443990638763534
variant_native,original_native,0,10,5,S2,sub-03,60,-0.18767454708991066,54.74472744400831
variant_native,original_native,0,10,5,S2,sub-04,60,-0.15857699853763121,128.5401111039368
variant_native,original_native,0,10,5,S2,sub-05,60,-0.37334068145588134,157.26291724313634
variant_native,original_native,0,10,5,S2,sub-06,60,0.09698519430889685,96.66314028063525
variant_native,original_native,0,10,5,S2,sub-07,60,-0.1336511694403973,50.08124770444188
variant_native,original_native,0,10,5,S2,sub-08,60,0.8616905694760716,462.8680110425255
variant_native,original_native,0,10,5,S2,sub-09,60,-0.8247818303944214,132.82409552420435
variant_native,original_native,0,10,5,S2,sub-10,60,-0.5356747237494723,459.54356392078955
variant_native,original_native,0,10,5,S2,sub-11,60,-0.301758044607163,104.14131089094987
variant_native,original_native,0,10,5,S2,sub-12,60,-0.15840652597783278,143.16066476201453
variant_native,original_native,0,10,5,S2,sub-13,60,0.41665587066633153,24.739076270699538
variant_native,original_native,0,10,10,L1,sub-01,60,0.9658019320775058,-206.55981199305333
variant_native,original_native,0,10,10,L1,sub-02,60,1.876696080320253,417.4462998545413
variant_native,original_native,0,10,10,L1,sub-03,60,2.7321856838138463,350.13310264389605
variant_native,original_native,0,10,10,L1,sub-04,60,1.3565213264474425,399.81400370872484
variant_native,original_native,0,10,10,L1,sub-05,60,2.15032430031587,421.01951599580303
variant_native,original_native,0,10,10,L1,sub-06,60,2.0235428510106135,372.67877557630067
variant_native,original_native,0,10,10,L1,sub-07,60,2.636627033733599,412.34761259422686
variant_native,original_native,0,10,10,L1,sub-08,60,2.436713904101742,362.33702440572466
variant_native,original_native,0,10,10,L1,sub-09,60,0.6834031590689118,269.3034611920294
variant_native,original_native,0,10,10,L1,sub-10,60,1.9890165058966245,415.21096659453457
variant_native,original_native,0,10,10,L1,sub-11,60,3.054020100651184,1259.077834413149
variant_native,original_native,0,10,10,L1,sub-12,60,1.4715532055382756,360.2361390423161
variant_native,original_native,0,10,10,L1,sub-13,60,-2.1710297792020894,-993.2596965094674
variant_native,original_native,0,10,10,L2,sub-01,60,-2.368265397031768,-2121.623486061068
variant_native,original_native,0,10,10,L2,sub-02,60,2.0658038787229405,432.0987788687094
variant_native,original_native,0,10,10,L2,sub-03,60,-0.7898889019854568,-69.10396711599108
variant_native,original_native,0,10,10,L2,sub-04,60,1.2424174588816437,392.1596364935958
variant_native,original_native,0,10,10,L2,sub-05,60,2.01211334631377,464.8619252563714
variant_native,original_native,0,10,10,L2,sub-06,60,-0.0404363759375329,12.636459776647772
variant_native,original_native,0,10,10,L2,sub-07,60,-0.12272553181362159,11.876401941973604
variant_native,original_native,0,10,10,L2,sub-08,60,-0.408225031477739,-0.11030827352171475
variant_native,original_native,0,10,10,L2,sub-09,60,-0.13869075322997154,154.00799036098707
variant_native,original_native,0,10,10,L2,sub-10,60,1.901742749288733,408.3246670161774
variant_native,original_native,0,10,10,L2,sub-11,60,1.4392637514713735,687.8857354892585
variant_native,original_native,0,10,10,L2,sub-12,60,1.6185960325337476,366.0983721374713
variant_native,original_native,0,10,10,L2,sub-13,60,0.1614493509883461,-34.18684030496441
variant_native,original_native,0,10,10,L3,sub-01,60,-2.2787865702745598,-2143.6546180919204
variant_native,original_native,0,10,10,L3,sub-02,60,1.6925166122698276,372.6770887281779
variant_native,original_native,0,10,10,L3,sub-03,60,-0.5514806666965014,-41.95638665306908
variant_native,original_native,0,10,10,L3,sub-04,60,0.6977585833117408,342.0493444449038
variant_native,original_native,0,10,10,L3,sub-05,60,-0.38794904465351915,16.18558576787336
variant_native,original_native,0,10,10,L3,sub-06,60,-1.1649583742574063,-235.62263894880073
variant_native,original_native,0,10,10,L3,sub-07,60,-0.5091074305950455,-33.60177473907583
variant_native,original_native,0,10,10,L3,sub-08,60,-0.6818102776175432,-41.244801321178095
variant_native,original_native,0,10,10,L3,sub-09,60,1.355257641267706,353.26805513988717
variant_native,original_native,0,10,10,L3,sub-10,60,-0.4390139922959111,46.233424846872815
variant_native,original_native,0,10,10,L3,sub-11,60,0.13392455908101733,372.28868031046574
variant_native,original_native,0,10,10,L3,sub-12,60,0.19279761672719006,186.23025357884282
variant_native,original_native,0,10,10,L3,sub-13,60,0.277226114294238,-29.707425102575435
variant_native,original_native,0,10,10,L4,sub-01,60,0.9419039003554759,-485.92615946077785
variant_native,original_native,0,10,10,L4,sub-02,60,-1.4837653851253134,-24.651821212918833
variant_native,original_native,0,10,10,L4,sub-03,60,-0.519312416750155,-41.94868191145854
variant_native,original_native,0,10,10,L4,sub-04,60,0.034372011769297064,220.34579327600775
variant_native,original_native,0,10,10,L4,sub-05,60,-0.7995505947177945,-18.836459798565844
variant_native,original_native,0,10,10,L4,sub-06,60,-0.33350297817081054,-21.23506205004328
variant_native,original_native,0,10,10,L4,sub-07,60,-0.6250280571217749,-52.607740561158906
variant_native,original_native,0,10,10,L4,sub-08,60,-0.5684502911977851,-22.340883851079425
variant_native,original_native,0,10,10,L4,sub-09,60,1.5441133763358232,420.3966147991313
variant_native,original_native,0,10,10,L4,sub-10,60,-0.9264912347264856,-23.63115348223352
variant_native,original_native,0,10,10,L4,sub-11,60,-0.9011957057142916,180.4515284098658
variant_native,original_native,0,10,10,L4,sub-12,60,-0.7447113301512509,19.578998137259823
variant_native,original_native,0,10,10,L4,sub-13,60,0.3283054895839044,-24.575516866703893
variant_native,original_native,0,10,10,L5,sub-01,60,1.0099013865917894,-466.4621229165766
variant_native,original_native,0,10,10,L5,sub-02,60,-1.4713072391221766,-28.168399017611762
variant_native,original_native,0,10,10,L5,sub-03,60,-0.45381458967823385,-30.410332909564474
variant_native,original_native,0,10,10,L5,sub-04,60,-0.24096919216609555,194.27496820881646
variant_native,original_native,0,10,10,L5,sub-05,60,-1.054093807850103,-58.44531443354091
variant_native,original_native,0,10,10,L5,sub-06,60,-0.2670919494025084,-9.83002954711742
variant_native,original_native,0,10,10,L5,sub-07,60,-0.755003154985862,-91.58750705456404
variant_native,original_native,0,10,10,L5,sub-08,60,-0.5741165470653888,-19.78755146059384
variant_native,original_native,0,10,10,L5,sub-09,60,-0.8390339009394066,14.466562652089245
variant_native,original_native,0,10,10,L5,sub-10,60,-0.930572726007963,-9.121296276961724
variant_native,original_native,0,10,10,L5,sub-11,60,-1.329745217032484,-7.207259323206639
variant_native,original_native,0,10,10,L5,sub-12,60,-0.967473858806048,-15.849579958335887
variant_native,original_native,0,10,10,L5,sub-13,60,0.39505476906880627,-23.099359871990693
variant_native,original_native,0,10,10,S1,sub-01,60,1.504631167064186,-80.60385351222428
variant_native,original_native,0,10,10,S1,sub-02,60,-1.3740564273666265,10.735871889126129
variant_native,original_native,0,10,10,S1,sub-03,60,-0.16074195658123144,7.12462522007626
variant_native,original_native,0,10,10,S1,sub-04,60,-1.3790347272889831,15.980978552903855
variant_native,original_native,0,10,10,S1,sub-05,60,-1.2727645882018337,11.371398477448993
variant_native,original_native,0,10,10,S1,sub-06,60,-0.1615653220143335,11.864835659579596
variant_native,original_native,0,10,10,S1,sub-07,60,-0.3650393175765692,-14.139731228768392
variant_native,original_native,0,10,10,S1,sub-08,60,-0.2602229689841278,53.349345385282774
variant_native,original_native,0,10,10,S1,sub-09,60,-1.7515157577686358,-13.15048484769576
variant_native,original_native,0,10,10,S1,sub-10,60,-0.7960559447174773,32.973835191556546
variant_native,original_native,0,10,10,S1,sub-11,60,-1.116707056262123,-2.7618857901226077
variant_native,original_native,0,10,10,S1,sub-12,60,-0.6513151308573445,64.48675733791868
variant_native,original_native,0,10,10,S1,sub-13,60,0.37650669433323053,-17.79239638572613
variant_native,original_native,0,10,10,S2,sub-01,60,0.2248135812173682,-22.219140178745626
variant_native,original_native,0,10,10,S2,sub-02,60,-1.3058875196989008,10.268050741766304
variant_native,original_native,0,10,10,S2,sub-03,60,-0.25694715212227,-9.609999182781511
variant_native,original_native,0,10,10,S2,sub-04,60,-1.7110654609550455,-68.80154825651313
variant_native,original_native,0,10,10,S2,sub-05,60,-0.6480796112063879,23.207444093576257
variant_native,original_native,0,10,10,S2,sub-06,60,-0.0559878512280224,22.407257451646554
variant_native,original_native,0,10,10,S2,sub-07,60,-0.2597235416407276,1.6998158107020118
variant_native,original_native,0,10,10,S2,sub-08,60,0.05611121224084253,82.08059149039332
variant_native,original_native,0,10,10,S2,sub-09,60,-0.8535337647344261,11.19134660913542
variant_native,original_native,0,10,10,S2,sub-10,60,-0.7986253574375225,31.668966152260957
variant_native,original_native,0,10,10,S2,sub-11,60,-1.2795604321946756,6.3538466026159695
variant_native,original_native,0,10,10,S2,sub-12,60,-0.9194465349845713,6.296999881773846
variant_native,original_native,0,10,10,S2,sub-13,60,0.6324873609335645,14.752766447610615
variant_native,common_endpoint,0,10,2,L1,sub-01,60,0.6663714385187662,-516.7587474599228
variant_native,common_endpoint,0,10,2,L1,sub-02,60,0.5426739012490642,1318.621403846217
variant_native,common_endpoint,0,10,2,L1,sub-03,60,1.2038122077400237,1875.8204469979405
variant_native,common_endpoint,0,10,2,L1,sub-04,60,0.25277372612972737,1466.2034134144149
variant_native,common_endpoint,0,10,2,L1,sub-05,60,-0.06465042657847253,4007.272425291986
variant_native,common_endpoint,0,10,2,L1,sub-06,60,0.5498571962272292,2002.2904204507554
variant_native,common_endpoint,0,10,2,L1,sub-07,60,0.41887542447525156,1198.8300504448277
variant_native,common_endpoint,0,10,2,L1,sub-08,60,0.34145002254757445,2582.620730356063
variant_native,common_endpoint,0,10,2,L1,sub-09,60,0.26359418109194394,966.0715562855852
variant_native,common_endpoint,0,10,2,L1,sub-10,60,0.11371132751853304,2057.9979842043567
variant_native,common_endpoint,0,10,2,L1,sub-11,60,0.7382031621323178,15773.518439234926
variant_native,common_endpoint,0,10,2,L1,sub-12,60,0.13155294556220765,1435.6164272925294
variant_native,common_endpoint,0,10,2,L1,sub-13,60,-2.803420839168214,-4849.387222034795
variant_native,common_endpoint,0,10,2,L2,sub-01,60,-1.891036854399174,-6997.892012448047
variant_native,common_endpoint,0,10,2,L2,sub-02,60,0.34443744207310617,1208.3877769644573
variant_native,common_endpoint,0,10,2,L2,sub-03,60,-0.7307887436893538,452.5100347431871
variant_native,common_endpoint,0,10,2,L2,sub-04,60,-0.3803871451121463,505.90608432310546
variant_native,common_endpoint,0,10,2,L2,sub-05,60,-0.09740746749285338,4695.939649466594
variant_native,common_endpoint,0,10,2,L2,sub-06,60,0.1127526780875893,603.2578848500608
variant_native,common_endpoint,0,10,2,L2,sub-07,60,0.5514570581797724,1422.984834957897
variant_native,common_endpoint,0,10,2,L2,sub-08,60,0.07276749901113354,2769.3267859278862
variant_native,common_endpoint,0,10,2,L2,sub-09,60,0.3122907976015525,741.6534747234186
variant_native,common_endpoint,0,10,2,L2,sub-10,60,0.3776369551401239,2384.3117341210477
variant_native,common_endpoint,0,10,2,L2,sub-11,60,-0.1690747805240111,11843.672683756677
variant_native,common_endpoint,0,10,2,L2,sub-12,60,0.09321986977637152,708.6385260399314
variant_native,common_endpoint,0,10,2,L2,sub-13,60,0.5766006573882975,1717.0682696236167
variant_native,common_endpoint,0,10,2,L3,sub-01,60,-0.8068451335457675,-3735.945161831901
variant_native,common_endpoint,0,10,2,L3,sub-02,60,0.24658894890076485,1413.6796798576092
variant_native,common_endpoint,0,10,2,L3,sub-03,60,-0.011441120594193449,481.6381992350026
variant_native,common_endpoint,0,10,2,L3,sub-04,60,-0.42365916342179644,365.54062406516886
variant_native,common_endpoint,0,10,2,L3,sub-05,60,-0.04026813227279223,1380.0616851891164
variant_native,common_endpoint,0,10,2,L3,sub-06,60,-1.9392222624438853,-3186.883809106911
variant_native,common_endpoint,0,10,2,L3,sub-07,60,-0.26650128815564833,772.7458104628643
variant_native,common_endpoint,0,10,2,L3,sub-08,60,-0.18509067189256448,301.2853469533966
variant_native,common_endpoint,0,10,2,L3,sub-09,60,0.2023895661041037,503.2024452223208
variant_native,common_endpoint,0,10,2,L3,sub-10,60,-0.0742842224476128,795.9742550795779
variant_native,common_endpoint,0,10,2,L3,sub-11,60,-0.25156459741730886,5935.110472243284
variant_native,common_endpoint,0,10,2,L3,sub-12,60,-0.12611615630359288,378.18351781321945
variant_native,common_endpoint,0,10,2,L3,sub-13,60,0.48241840372253203,565.3232409968783
variant_native,common_endpoint,0,10,2,L4,sub-01,60,0.25172342518821006,-1731.6494695441165
variant_native,common_endpoint,0,10,2,L4,sub-02,60,0.7465053133561674,1520.4515792075451
variant_native,common_endpoint,0,10,2,L4,sub-03,60,-0.5992718552337222,16.706808224641524
variant_native,common_endpoint,0,10,2,L4,sub-04,60,0.25990971043309297,1031.7715838890433
variant_native,common_endpoint,0,10,2,L4,sub-05,60,-0.1541440179800559,6219.307342265954
variant_native,common_endpoint,0,10,2,L4,sub-06,60,-0.0267909943777256,428.09033674834717
variant_native,common_endpoint,0,10,2,L4,sub-07,60,-0.18789402346901454,138.76621989448856
variant_native,common_endpoint,0,10,2,L4,sub-08,60,-0.12895002225728253,1300.9063538248006
variant_native,common_endpoint,0,10,2,L4,sub-09,60,0.3075626937700945,697.3147163450503
variant_native,common_endpoint,0,10,2,L4,sub-10,60,-0.1684549509312662,1583.950609617865
variant_native,common_endpoint,0,10,2,L4,sub-11,60,-0.49298756101431074,6972.711157685698
variant_native,common_endpoint,0,10,2,L4,sub-12,60,0.3547664715476672,847.4965973355581
variant_native,common_endpoint,0,10,2,L4,sub-13,60,0.20423831059056916,57.428202785190614
variant_native,common_endpoint,0,10,2,L5,sub-01,60,-0.3361438596994701,-4195.783436067143
variant_native,common_endpoint,0,10,2,L5,sub-02,60,-0.5859140714283961,50.49333102143384
variant_native,common_endpoint,0,10,2,L5,sub-03,60,0.042277704284768326,351.00270780291515
variant_native,common_endpoint,0,10,2,L5,sub-04,60,0.15713522510909123,1002.5593540127516
variant_native,common_endpoint,0,10,2,L5,sub-05,60,0.14182315090483544,1607.2510614414687
variant_native,common_endpoint,0,10,2,L5,sub-06,60,0.22389335850856643,562.8831950448388
variant_native,common_endpoint,0,10,2,L5,sub-07,60,-1.0818293325280182,765.4211418480619
variant_native,common_endpoint,0,10,2,L5,sub-08,60,-0.022583595526405563,655.3925430277116
variant_native,common_endpoint,0,10,2,L5,sub-09,60,-0.013431055092090548,352.0880602436345
variant_native,common_endpoint,0,10,2,L5,sub-10,60,-0.2880779455680339,654.7990506585271
variant_native,common_endpoint,0,10,2,L5,sub-11,60,-0.1412171715323013,1350.8601583284412
variant_native,common_endpoint,0,10,2,L5,sub-12,60,-0.04031483521588678,403.06964875466497
variant_native,common_endpoint,0,10,2,L5,sub-13,60,0.3469254288126462,212.12756386049048
variant_native,common_endpoint,0,10,2,S1,sub-01,60,1.4131186407888778,5723.572268436228
variant_native,common_endpoint,0,10,2,S1,sub-02,60,-1.1365171502544706,3101.0966811414196
variant_native,common_endpoint,0,10,2,S1,sub-03,60,0.05318325193874954,571.9678974977163
variant_native,common_endpoint,0,10,2,S1,sub-04,60,0.04394080774990658,1684.8780855796724
variant_native,common_endpoint,0,10,2,S1,sub-05,60,0.03488361383291473,1965.1912195121226
variant_native,common_endpoint,0,10,2,S1,sub-06,60,0.3632822348069958,1764.7285049397333
variant_native,common_endpoint,0,10,2,S1,sub-07,60,0.1947007663913935,481.35198990026026
variant_native,common_endpoint,0,10,2,S1,sub-08,60,-1.5481923412087535,-1470.1464331591412
variant_native,common_endpoint,0,10,2,S1,sub-09,60,-0.7171643047862453,339.8892726583382
variant_native,common_endpoint,0,10,2,S1,sub-10,60,-0.21310582139875728,4596.267307813965
variant_native,common_endpoint,0,10,2,S1,sub-11,60,-0.43883683143760094,4609.4297005128965
variant_native,common_endpoint,0,10,2,S1,sub-12,60,-0.28357037793857326,11634.190502650199
variant_native,common_endpoint,0,10,2,S1,sub-13,60,0.790675274407779,-771.9341573998653
variant_native,common_endpoint,0,10,2,S2,sub-01,60,0.7028123431485549,5386.13250619129
variant_native,common_endpoint,0,10,2,S2,sub-02,60,-0.15777438389623638,1427.9373063556436
variant_native,common_endpoint,0,10,2,S2,sub-03,60,0.042228555553725705,424.24391439739617
variant_native,common_endpoint,0,10,2,S2,sub-04,60,0.09028683911212125,990.715532715361
variant_native,common_endpoint,0,10,2,S2,sub-05,60,0.1797632795864269,2251.3616502516356
variant_native,common_endpoint,0,10,2,S2,sub-06,60,0.7162277891912291,1333.4415553100382
variant_native,common_endpoint,0,10,2,S2,sub-07,60,0.3711913951062656,1294.9712599851039
variant_native,common_endpoint,0,10,2,S2,sub-08,60,1.470599109326298,6118.449477795422
variant_native,common_endpoint,0,10,2,S2,sub-09,60,-0.35524187868936014,1115.4467453614766
variant_native,common_endpoint,0,10,2,S2,sub-10,60,0.25257465768701504,5492.039688119028
variant_native,common_endpoint,0,10,2,S2,sub-11,60,0.7554777797932147,3446.915119041476
variant_native,common_endpoint,0,10,2,S2,sub-12,60,-0.1295379174281908,1552.1546589130207
variant_native,common_endpoint,0,10,2,S2,sub-13,60,0.4025627642463873,309.72280516886997
variant_native,common_endpoint,0,10,5,L1,sub-01,60,1.232721093982309,-596.5035298386368
variant_native,common_endpoint,0,10,5,L1,sub-02,60,0.17599371741415987,245.2210490525271
variant_native,common_endpoint,0,10,5,L1,sub-03,60,1.6877563900305117,465.56075296021305
variant_native,common_endpoint,0,10,5,L1,sub-04,60,0.5761732202674461,381.89344621951955
variant_native,common_endpoint,0,10,5,L1,sub-05,60,0.3839677932778892,536.2165455906936
variant_native,common_endpoint,0,10,5,L1,sub-06,60,1.0119071581959593,430.1462193804683
variant_native,common_endpoint,0,10,5,L1,sub-07,60,1.3388934530759744,481.72541401834434
variant_native,common_endpoint,0,10,5,L1,sub-08,60,0.38086864310169677,203.8924952383816
variant_native,common_endpoint,0,10,5,L1,sub-09,60,-0.5254111552976589,103.86257402828511
variant_native,common_endpoint,0,10,5,L1,sub-10,60,0.5228316701375676,386.37481671662925
variant_native,common_endpoint,0,10,5,L1,sub-11,60,0.9755045205662088,2888.4390917151645
variant_native,common_endpoint,0,10,5,L1,sub-12,60,0.26713783105003447,281.2919802455503
variant_native,common_endpoint,0,10,5,L1,sub-13,60,-4.428991504268968,-2399.3995061708124
variant_native,common_endpoint,0,10,5,L2,sub-01,60,-2.5937397486174683,-4604.7259247722595
variant_native,common_endpoint,0,10,5,L2,sub-02,60,1.1866212050945768,470.91924375887123
variant_native,common_endpoint,0,10,5,L2,sub-03,60,-0.33071103555029374,68.47688173602137
variant_native,common_endpoint,0,10,5,L2,sub-04,60,-0.4904574780197235,47.536653829556165
variant_native,common_endpoint,0,10,5,L2,sub-05,60,0.8212143368877828,809.9970106783902
variant_native,common_endpoint,0,10,5,L2,sub-06,60,-0.1093651942081402,57.17334700824596
variant_native,common_endpoint,0,10,5,L2,sub-07,60,0.03523181270897746,91.77199636503975
variant_native,common_endpoint,0,10,5,L2,sub-08,60,0.7872290943073043,420.1763934021214
variant_native,common_endpoint,0,10,5,L2,sub-09,60,-0.24214065934730492,168.1598293664219
variant_native,common_endpoint,0,10,5,L2,sub-10,60,0.5837075091730319,398.15355942292797
variant_native,common_endpoint,0,10,5,L2,sub-11,60,0.4559946534257314,2828.0693086046945
variant_native,common_endpoint,0,10,5,L2,sub-12,60,0.45553639169033217,316.4184907410985
variant_native,common_endpoint,0,10,5,L2,sub-13,60,1.9658923002360493,425.9127411437678
variant_native,common_endpoint,0,10,5,L3,sub-01,60,-2.3220705371399335,-4238.718637386701
variant_native,common_endpoint,0,10,5,L3,sub-02,60,0.8953025265822382,460.8375408182845
variant_native,common_endpoint,0,10,5,L3,sub-03,60,-0.5428306518296734,-66.23166595000671
variant_native,common_endpoint,0,10,5,L3,sub-04,60,-0.4019335234374926,82.78923101439347
variant_native,common_endpoint,0,10,5,L3,sub-05,60,0.6819022411686982,462.8653942144765
variant_native,common_endpoint,0,10,5,L3,sub-06,60,-1.8406913858009526,-1031.0819737168154
variant_native,common_endpoint,0,10,5,L3,sub-07,60,-0.17359725592858757,53.454846358784636
variant_native,common_endpoint,0,10,5,L3,sub-08,60,-0.4564066215467499,-104.11774722572588
variant_native,common_endpoint,0,10,5,L3,sub-09,60,0.9178464410573194,519.2183345378406
variant_native,common_endpoint,0,10,5,L3,sub-10,60,0.7714193812537189,420.25662691191263
variant_native,common_endpoint,0,10,5,L3,sub-11,60,0.6867840327818523,1596.1535572727696
variant_native,common_endpoint,0,10,5,L3,sub-12,60,0.6425151676431159,321.6070246463289
variant_native,common_endpoint,0,10,5,L3,sub-13,60,0.3220829714161107,-38.552436224083095
variant_native,common_endpoint,0,10,5,L4,sub-01,60,0.9507726254812674,-1069.5013191484702
variant_native,common_endpoint,0,10,5,L4,sub-02,60,0.09948725760575954,206.91173455764252
variant_native,common_endpoint,0,10,5,L4,sub-03,60,-0.3496549731741929,-19.490190401664403
variant_native,common_endpoint,0,10,5,L4,sub-04,60,-0.2624980233511777,132.60416237701864
variant_native,common_endpoint,0,10,5,L4,sub-05,60,-0.4981383240394862,217.60800422466212
variant_native,common_endpoint,0,10,5,L4,sub-06,60,0.036215351674162045,61.27682129483809
variant_native,common_endpoint,0,10,5,L4,sub-07,60,-0.12894704756956138,24.04992220208619
variant_native,common_endpoint,0,10,5,L4,sub-08,60,-0.1405725973851136,30.856796472554848
variant_native,common_endpoint,0,10,5,L4,sub-09,60,1.433828667513275,672.179769115711
variant_native,common_endpoint,0,10,5,L4,sub-10,60,-0.4628951762210003,142.59628637658068
variant_native,common_endpoint,0,10,5,L4,sub-11,60,-0.5636855706433416,1948.0227105800893
variant_native,common_endpoint,0,10,5,L4,sub-12,60,-0.11241659834764466,163.9375252631745
variant_native,common_endpoint,0,10,5,L4,sub-13,60,0.39341495917701313,-3.3401223998141023
variant_native,common_endpoint,0,10,5,L5,sub-01,60,1.0455694769208845,-802.9901280750607
variant_native,common_endpoint,0,10,5,L5,sub-02,60,-0.8930043176902906,-31.877377881913652
variant_native,common_endpoint,0,10,5,L5,sub-03,60,-0.27708219972763487,2.325521600205468
variant_native,common_endpoint,0,10,5,L5,sub-04,60,0.36227737942435556,318.12971341835566
variant_native,common_endpoint,0,10,5,L5,sub-05,60,-0.11640020249506566,68.97912488150567
variant_native,common_endpoint,0,10,5,L5,sub-06,60,0.40234253095021727,139.52234327871665
variant_native,common_endpoint,0,10,5,L5,sub-07,60,-1.0423938329623461,-263.49783482147154
variant_native,common_endpoint,0,10,5,L5,sub-08,60,-0.13084686080975574,-10.304752917484173
variant_native,common_endpoint,0,10,5,L5,sub-09,60,-0.3498397357956915,135.7801993617302
variant_native,common_endpoint,0,10,5,L5,sub-10,60,-0.5987311664431593,71.56090761283834
variant_native,common_endpoint,0,10,5,L5,sub-11,60,-0.6779099294289046,53.5295552440186
variant_native,common_endpoint,0,10,5,L5,sub-12,60,-0.8242606918504845,-78.29750130817105
variant_native,common_endpoint,0,10,5,L5,sub-13,60,0.37991437164634306,-4.740646691764417
variant_native,common_endpoint,0,10,5,S1,sub-01,60,1.3419514413268656,248.49234001012636
variant_native,common_endpoint,0,10,5,S1,sub-02,60,-0.5591114458665251,190.16968817828308
variant_native,common_endpoint,0,10,5,S1,sub-03,60,-0.1116310710770715,44.677508943266425
variant_native,common_endpoint,0,10,5,S1,sub-04,60,0.36090212901053204,334.92714178570156
variant_native,common_endpoint,0,10,5,S1,sub-05,60,-0.8958074493265379,76.963856999758
variant_native,common_endpoint,0,10,5,S1,sub-06,60,0.2190461317932402,185.35513257597765
variant_native,common_endpoint,0,10,5,S1,sub-07,60,0.08407967901154255,71.79373268499815
variant_native,common_endpoint,0,10,5,S1,sub-08,60,-1.3402737258473634,-666.3618288047304
variant_native,common_endpoint,0,10,5,S1,sub-09,60,-0.43560812892481177,383.0398132906288
variant_native,common_endpoint,0,10,5,S1,sub-10,60,-0.5157478303296957,432.0850314940517
variant_native,common_endpoint,0,10,5,S1,sub-11,60,-0.4594907883196948,685.0927287901851
variant_native,common_endpoint,0,10,5,S1,sub-12,60,-0.28927888312394473,1138.0521537709753
variant_native,common_endpoint,0,10,5,S1,sub-13,60,0.9266246338902413,86.3302619327262
variant_native,common_endpoint,0,10,5,S2,sub-01,60,0.34479564804607327,134.071150107057
variant_native,common_endpoint,0,10,5,S2,sub-02,60,-0.9052889431399204,23.443990638763534
variant_native,common_endpoint,0,10,5,S2,sub-03,60,-0.07584645867164581,54.74472744400831
variant_native,common_endpoint,0,10,5,S2,sub-04,60,-0.14446370389393795,128.5401111039368
variant_native,common_endpoint,0,10,5,S2,sub-05,60,-0.376738395473279,157.26291724313634
variant_native,common_endpoint,0,10,5,S2,sub-06,60,0.28054540739551415,103.38990684759474
variant_native,common_endpoint,0,10,5,S2,sub-07,60,-0.11326680833600072,50.08124770444188
variant_native,common_endpoint,0,10,5,S2,sub-08,60,0.9000020681799807,462.8680110425255
variant_native,common_endpoint,0,10,5,S2,sub-09,60,-0.7986754292051285,132.82409552420435
variant_native,common_endpoint,0,10,5,S2,sub-10,60,-0.3005843875704652,459.54356392078955
variant_native,common_endpoint,0,10,5,S2,sub-11,60,-0.41719691838185524,104.14131089094987
variant_native,common_endpoint,0,10,5,S2,sub-12,60,-0.13923321706140873,143.16066476201453
variant_native,common_endpoint,0,10,5,S2,sub-13,60,0.4410622679032127,24.739076270699538
variant_native,common_endpoint,0,10,10,L1,sub-01,60,0.9658019320775058,-206.55981199305333
variant_native,common_endpoint,0,10,10,L1,sub-02,60,1.876696080320253,417.4462998545413
variant_native,common_endpoint,0,10,10,L1,sub-03,60,2.7321856838138463,350.13310264389605
variant_native,common_endpoint,0,10,10,L1,sub-04,60,1.3565213264474425,399.81400370872484
variant_native,common_endpoint,0,10,10,L1,sub-05,60,2.15032430031587,421.01951599580303
variant_native,common_endpoint,0,10,10,L1,sub-06,60,2.0235428510106135,372.67877557630067
variant_native,common_endpoint,0,10,10,L1,sub-07,60,2.636627033733599,412.34761259422686
variant_native,common_endpoint,0,10,10,L1,sub-08,60,2.436713904101742,362.33702440572466
variant_native,common_endpoint,0,10,10,L1,sub-09,60,0.6834031590689118,269.3034611920294
variant_native,common_endpoint,0,10,10,L1,sub-10,60,1.9890165058966245,415.21096659453457
variant_native,common_endpoint,0,10,10,L1,sub-11,60,3.054020100651184,1259.077834413149
variant_native,common_endpoint,0,10,10,L1,sub-12,60,1.4715532055382756,360.2361390423161
variant_native,common_endpoint,0,10,10,L1,sub-13,60,-2.1710297792020894,-993.2596965094674
variant_native,common_endpoint,0,10,10,L2,sub-01,60,-2.368265397031768,-2121.623486061068
variant_native,common_endpoint,0,10,10,L2,sub-02,60,2.0658038787229405,432.0987788687094
variant_native,common_endpoint,0,10,10,L2,sub-03,60,-0.7898889019854568,-69.10396711599108
variant_native,common_endpoint,0,10,10,L2,sub-04,60,1.2424174588816437,392.1596364935958
variant_native,common_endpoint,0,10,10,L2,sub-05,60,2.01211334631377,464.8619252563714
variant_native,common_endpoint,0,10,10,L2,sub-06,60,-0.0404363759375329,12.636459776647772
variant_native,common_endpoint,0,10,10,L2,sub-07,60,-0.12272553181362159,11.876401941973604
variant_native,common_endpoint,0,10,10,L2,sub-08,60,-0.408225031477739,-0.11030827352171475
variant_native,common_endpoint,0,10,10,L2,sub-09,60,-0.13869075322997154,154.00799036098707
variant_native,common_endpoint,0,10,10,L2,sub-10,60,1.901742749288733,408.3246670161774
variant_native,common_endpoint,0,10,10,L2,sub-11,60,1.4392637514713735,687.8857354892585
variant_native,common_endpoint,0,10,10,L2,sub-12,60,1.6185960325337476,366.0983721374713
variant_native,common_endpoint,0,10,10,L2,sub-13,60,0.1614493509883461,-34.18684030496441
variant_native,common_endpoint,0,10,10,L3,sub-01,60,-2.2787865702745598,-2143.6546180919204
variant_native,common_endpoint,0,10,10,L3,sub-02,60,1.6925166122698276,372.6770887281779
variant_native,common_endpoint,0,10,10,L3,sub-03,60,-0.5514806666965014,-41.95638665306908
variant_native,common_endpoint,0,10,10,L3,sub-04,60,0.6977585833117408,342.0493444449038
variant_native,common_endpoint,0,10,10,L3,sub-05,60,-0.38794904465351915,16.18558576787336
variant_native,common_endpoint,0,10,10,L3,sub-06,60,-1.1649583742574063,-235.62263894880073
variant_native,common_endpoint,0,10,10,L3,sub-07,60,-0.5091074305950455,-33.60177473907583
variant_native,common_endpoint,0,10,10,L3,sub-08,60,-0.6818102776175432,-41.244801321178095
variant_native,common_endpoint,0,10,10,L3,sub-09,60,1.355257641267706,353.26805513988717
variant_native,common_endpoint,0,10,10,L3,sub-10,60,-0.4390139922959111,46.233424846872815
variant_native,common_endpoint,0,10,10,L3,sub-11,60,0.13392455908101733,372.28868031046574
variant_native,common_endpoint,0,10,10,L3,sub-12,60,0.19279761672719006,186.23025357884282
variant_native,common_endpoint,0,10,10,L3,sub-13,60,0.277226114294238,-29.707425102575435
variant_native,common_endpoint,0,10,10,L4,sub-01,60,0.9419039003554759,-485.92615946077785
variant_native,common_endpoint,0,10,10,L4,sub-02,60,-1.4837653851253134,-24.651821212918833
variant_native,common_endpoint,0,10,10,L4,sub-03,60,-0.519312416750155,-41.94868191145854
variant_native,common_endpoint,0,10,10,L4,sub-04,60,0.034372011769297064,220.34579327600775
variant_native,common_endpoint,0,10,10,L4,sub-05,60,-0.7995505947177945,-18.836459798565844
variant_native,common_endpoint,0,10,10,L4,sub-06,60,-0.33350297817081054,-21.23506205004328
variant_native,common_endpoint,0,10,10,L4,sub-07,60,-0.6250280571217749,-52.607740561158906
variant_native,common_endpoint,0,10,10,L4,sub-08,60,-0.5684502911977851,-22.340883851079425
variant_native,common_endpoint,0,10,10,L4,sub-09,60,1.5441133763358232,420.3966147991313
variant_native,common_endpoint,0,10,10,L4,sub-10,60,-0.9264912347264856,-23.63115348223352
variant_native,common_endpoint,0,10,10,L4,sub-11,60,-0.9011957057142916,180.4515284098658
variant_native,common_endpoint,0,10,10,L4,sub-12,60,-0.7447113301512509,19.578998137259823
variant_native,common_endpoint,0,10,10,L4,sub-13,60,0.3283054895839044,-24.575516866703893
variant_native,common_endpoint,0,10,10,L5,sub-01,60,1.0099013865917894,-466.4621229165766
variant_native,common_endpoint,0,10,10,L5,sub-02,60,-1.4713072391221766,-28.168399017611762
variant_native,common_endpoint,0,10,10,L5,sub-03,60,-0.45381458967823385,-30.410332909564474
variant_native,common_endpoint,0,10,10,L5,sub-04,60,-0.24096919216609555,194.27496820881646
variant_native,common_endpoint,0,10,10,L5,sub-05,60,-1.054093807850103,-58.44531443354091
variant_native,common_endpoint,0,10,10,L5,sub-06,60,-0.2670919494025084,-9.83002954711742
variant_native,common_endpoint,0,10,10,L5,sub-07,60,-0.755003154985862,-91.58750705456404
variant_native,common_endpoint,0,10,10,L5,sub-08,60,-0.5741165470653888,-19.78755146059384
variant_native,common_endpoint,0,10,10,L5,sub-09,60,-0.8390339009394066,14.466562652089245
variant_native,common_endpoint,0,10,10,L5,sub-10,60,-0.930572726007963,-9.121296276961724
variant_native,common_endpoint,0,10,10,L5,sub-11,60,-1.329745217032484,-7.207259323206639
variant_native,common_endpoint,0,10,10,L5,sub-12,60,-0.967473858806048,-15.849579958335887
variant_native,common_endpoint,0,10,10,L5,sub-13,60,0.39505476906880627,-23.099359871990693
variant_native,common_endpoint,0,10,10,S1,sub-01,60,1.504631167064186,-80.60385351222428
variant_native,common_endpoint,0,10,10,S1,sub-02,60,-1.3740564273666265,10.735871889126129
variant_native,common_endpoint,0,10,10,S1,sub-03,60,-0.16074195658123144,7.12462522007626
variant_native,common_endpoint,0,10,10,S1,sub-04,60,-1.3790347272889831,15.980978552903855
variant_native,common_endpoint,0,10,10,S1,sub-05,60,-1.2727645882018337,11.371398477448993
variant_native,common_endpoint,0,10,10,S1,sub-06,60,-0.1615653220143335,11.864835659579596
variant_native,common_endpoint,0,10,10,S1,sub-07,60,-0.3650393175765692,-14.139731228768392
variant_native,common_endpoint,0,10,10,S1,sub-08,60,-0.2602229689841278,53.349345385282774
variant_native,common_endpoint,0,10,10,S1,sub-09,60,-1.7515157577686358,-13.15048484769576
variant_native,common_endpoint,0,10,10,S1,sub-10,60,-0.7960559447174773,32.973835191556546
variant_native,common_endpoint,0,10,10,S1,sub-11,60,-1.116707056262123,-2.7618857901226077
variant_native,common_endpoint,0,10,10,S1,sub-12,60,-0.6513151308573445,64.48675733791868
variant_native,common_endpoint,0,10,10,S1,sub-13,60,0.37650669433323053,-17.79239638572613
variant_native,common_endpoint,0,10,10,S2,sub-01,60,0.2248135812173682,-22.219140178745626
variant_native,common_endpoint,0,10,10,S2,sub-02,60,-1.3058875196989008,10.268050741766304
variant_native,common_endpoint,0,10,10,S2,sub-03,60,-0.25694715212227,-9.609999182781511
variant_native,common_endpoint,0,10,10,S2,sub-04,60,-1.7110654609550455,-68.80154825651313
variant_native,common_endpoint,0,10,10,S2,sub-05,60,-0.6480796112063879,23.207444093576257
variant_native,common_endpoint,0,10,10,S2,sub-06,60,-0.0559878512280224,22.407257451646554
variant_native,common_endpoint,0,10,10,S2,sub-07,60,-0.2597235416407276,1.6998158107020118
variant_native,common_endpoint,0,10,10,S2,sub-08,60,0.05611121224084253,82.08059149039332
variant_native,common_endpoint,0,10,10,S2,sub-09,60,-0.8535337647344261,11.19134660913542
variant_native,common_endpoint,0,10,10,S2,sub-10,60,-0.7986253574375225,31.668966152260957
variant_native,common_endpoint,0,10,10,S2,sub-11,60,-1.2795604321946756,6.3538466026159695
variant_native,common_endpoint,0,10,10,S2,sub-12,60,-0.9194465349845713,6.296999881773846
variant_native,common_endpoint,0,10,10,S2,sub-13,60,0.6324873609335645,14.752766447610615
variant_native,common_endpoint_central,0,10,2,L1,sub-01,60,1.1494062928083268,1140.0169972962153
variant_native,common_endpoint_central,0,10,2,L1,sub-02,60,0.6005909837328397,1320.9742031020064
variant_native,common_endpoint_central,0,10,2,L1,sub-03,60,1.762055109243743,2007.5573492688964
variant_native,common_endpoint_central,0,10,2,L1,sub-04,60,0.5930215651523522,1193.9328491966282
variant_native,common_endpoint_central,0,10,2,L1,sub-05,60,-0.18757581148405852,3629.4517390964656
variant_native,common_endpoint_central,0,10,2,L1,sub-06,60,-0.12665537573740576,423.1887439018697
variant_native,common_endpoint_central,0,10,2,L1,sub-07,60,0.5002777141802599,1231.8984476258333
variant_native,common_endpoint_central,0,10,2,L1,sub-08,60,-0.07276464207228435,1720.9788971373541
variant_native,common_endpoint_central,0,10,2,L1,sub-09,60,0.3788586476574094,954.1002219349728
variant_native,common_endpoint_central,0,10,2,L1,sub-10,60,0.2794454110366294,2043.8993431493686
variant_native,common_endpoint_central,0,10,2,L1,sub-11,60,0.34694798410250705,15818.28185400293
variant_native,common_endpoint_central,0,10,2,L1,sub-12,60,0.5353226266590291,1462.7037678469355
variant_native,common_endpoint_central,0,10,2,L1,sub-13,60,-3.8072127285793744,-4973.1266974886985
variant_native,common_endpoint_central,0,10,2,L2,sub-01,60,-2.0771239969734454,-7400.5000069527705
variant_native,common_endpoint_central,0,10,2,L2,sub-02,60,0.6869790666645538,1388.1710491530905
variant_native,common_endpoint_central,0,10,2,L2,sub-03,60,-1.1235894303281435,272.41066972972845
variant_native,common_endpoint_central,0,10,2,L2,sub-04,60,-0.13640732970733846,289.8486759849521
variant_native,common_endpoint_central,0,10,2,L2,sub-05,60,0.23497327673988924,4844.344083282906
variant_native,common_endpoint_central,0,10,2,L2,sub-06,60,-0.3730943386051219,223.44172566299
variant_native,common_endpoint_central,0,10,2,L2,sub-07,60,-0.21213951620382415,785.4453890997278
variant_native,common_endpoint_central,0,10,2,L2,sub-08,60,-0.4377544498704345,1902.6984753830395
variant_native,common_endpoint_central,0,10,2,L2,sub-09,60,0.379777928909715,699.0023376722119
variant_native,common_endpoint_central,0,10,2,L2,sub-10,60,0.5884476515517998,2439.9478448294053
variant_native,common_endpoint_central,0,10,2,L2,sub-11,60,0.0864645902352123,12206.390307938416
variant_native,common_endpoint_central,0,10,2,L2,sub-12,60,0.3177712762494299,848.9844017471294
variant_native,common_endpoint_central,0,10,2,L2,sub-13,60,1.2763271610777271,880.1297986911413
variant_native,common_endpoint_central,0,10,2,L3,sub-01,60,-1.793269484649838,-7143.857564120297
variant_native,common_endpoint_central,0,10,2,L3,sub-02,60,0.2883597345709992,1319.49604278347
variant_native,common_endpoint_central,0,10,2,L3,sub-03,60,-0.11219570166900263,364.05663921846565
variant_native,common_endpoint_central,0,10,2,L3,sub-04,60,-0.10278402381200774,256.96550690438943
variant_native,common_endpoint_central,0,10,2,L3,sub-05,60,0.1423171510629403,1551.4206046241177
variant_native,common_endpoint_central,0,10,2,L3,sub-06,60,-0.009582469434823302,411.3450487589303
variant_native,common_endpoint_central,0,10,2,L3,sub-07,60,-0.42299531305825705,488.48687500949546
variant_native,common_endpoint_central,0,10,2,L3,sub-08,60,-0.2709746301275564,314.3507125267695
variant_native,common_endpoint_central,0,10,2,L3,sub-09,60,0.2816184464598456,503.2024452223208
variant_native,common_endpoint_central,0,10,2,L3,sub-10,60,-0.3608214425942476,402.6744047155789
variant_native,common_endpoint_central,0,10,2,L3,sub-11,60,-0.17568970142472373,6041.366293148049
variant_native,common_endpoint_central,0,10,2,L3,sub-12,60,-0.08541179136539295,424.88956784265577
variant_native,common_endpoint_central,0,10,2,L3,sub-13,60,0.6802173685052534,119.60698560575256
variant_native,common_endpoint_central,0,10,2,L4,sub-01,60,0.6388040761241591,-2543.4344194092614
variant_native,common_endpoint_central,0,10,2,L4,sub-02,60,-0.8160138279930433,198.84350300868513
variant_native,common_endpoint_central,0,10,2,L4,sub-03,60,-0.03335430386723449,193.8951105314538
variant_native,common_endpoint_central,0,10,2,L4,sub-04,60,-0.2796345622451824,47.48157457883455
variant_native,common_endpoint_central,0,10,2,L4,sub-05,60,-0.4607115977701719,1607.6135386899027
variant_native,common_endpoint_central,0,10,2,L4,sub-06,60,-0.03263902503821648,521.0206279608599
variant_native,common_endpoint_central,0,10,2,L4,sub-07,60,-0.18946217393942522,209.76954855025645
variant_native,common_endpoint_central,0,10,2,L4,sub-08,60,-0.2298848156852023,1298.3911737722601
variant_native,common_endpoint_central,0,10,2,L4,sub-09,60,0.3797126535817344,697.5368544345437
variant_native,common_endpoint_central,0,10,2,L4,sub-10,60,-0.35556791300152707,1108.7846834393429
variant_native,common_endpoint_central,0,10,2,L4,sub-11,60,-0.384742316437811,919.4476509167697
variant_native,common_endpoint_central,0,10,2,L4,sub-12,60,-0.45273081387714686,172.85170972121304
variant_native,common_endpoint_central,0,10,2,L4,sub-13,60,0.5176002706874031,73.83911648503054
variant_native,common_endpoint_central,0,10,2,L5,sub-01,60,0.45079965974759495,-2856.7938410614706
variant_native,common_endpoint_central,0,10,2,L5,sub-02,60,-0.20443683288727096,339.8428171429342
variant_native,common_endpoint_central,0,10,2,L5,sub-03,60,-0.22724656515590064,155.49867167158428
variant_native,common_endpoint_central,0,10,2,L5,sub-04,60,-0.11423793257882811,198.69398820359012
variant_native,common_endpoint_central,0,10,2,L5,sub-05,60,0.2052970543886646,1511.9486850294088
variant_native,common_endpoint_central,0,10,2,L5,sub-06,60,0.6053579239765932,811.8759502306356
variant_native,common_endpoint_central,0,10,2,L5,sub-07,60,0.1437066598854761,3319.4803454635044
variant_native,common_endpoint_central,0,10,2,L5,sub-08,60,-0.11737831296122736,720.474074374136
variant_native,common_endpoint_central,0,10,2,L5,sub-09,60,-0.1843271093141879,80.1253315984481
variant_native,common_endpoint_central,0,10,2,L5,sub-10,60,-0.28191347548478574,617.6383446735149
variant_native,common_endpoint_central,0,10,2,L5,sub-11,60,-0.05395068352719603,687.0619637096241
variant_native,common_endpoint_central,0,10,2,L5,sub-12,60,-0.13473774461010693,357.35499562170025
variant_native,common_endpoint_central,0,10,2,L5,sub-13,60,0.46165475087114494,93.2179323341515
variant_native,common_endpoint_central,0,10,2,S1,sub-01,60,1.2746597860488598,677.2046388442233
variant_native,common_endpoint_central,0,10,2,S1,sub-02,60,-0.7080565392918795,752.558040533325
variant_native,common_endpoint_central,0,10,2,S1,sub-03,60,-0.11906905828049587,483.18896038148654
variant_native,common_endpoint_central,0,10,2,S1,sub-04,60,-0.14105120072595298,416.27455314767445
variant_native,common_endpoint_central,0,10,2,S1,sub-05,60,-0.09320869398584247,1374.6645231605771
variant_native,common_endpoint_central,0,10,2,S1,sub-06,60,0.509273370357164,1080.869398170555
variant_native,common_endpoint_central,0,10,2,S1,sub-07,60,-0.20425294238640382,297.09398102993146
variant_native,common_endpoint_central,0,10,2,S1,sub-08,60,-0.08513443364343508,1347.1583252691644
variant_native,common_endpoint_central,0,10,2,S1,sub-09,60,-0.8113872372795943,60.2818686079484
variant_native,common_endpoint_central,0,10,2,S1,sub-10,60,-0.15414490005460077,2308.091337742606
variant_native,common_endpoint_central,0,10,2,S1,sub-11,60,0.0763660871348565,994.4569807471476
variant_native,common_endpoint_central,0,10,2,S1,sub-12,60,-0.08865837919858291,402.1259783074171
variant_native,common_endpoint_central,0,10,2,S1,sub-13,60,0.37842759330603737,49.13222640604931
variant_native,common_endpoint_central,0,10,2,S2,sub-01,60,0.35672366689434126,766.4245785684262
variant_native,common_endpoint_central,0,10,2,S2,sub-02,60,0.152577415203801,767.7671915926636
variant_native,common_endpoint_central,0,10,2,S2,sub-03,60,-0.14660004994296566,258.2716921131369
variant_native,common_endpoint_central,0,10,2,S2,sub-04,60,0.181093483916956,399.3897599169821
variant_native,common_endpoint_central,0,10,2,S2,sub-05,60,0.1589086210485798,2143.0664307165857
variant_native,common_endpoint_central,0,10,2,S2,sub-06,60,-0.5726600855181897,660.1994902899771
variant_native,common_endpoint_central,0,10,2,S2,sub-07,60,0.38486557152217704,1290.3512832458534
variant_native,common_endpoint_central,0,10,2,S2,sub-08,60,1.213891284360141,5992.799913409825
variant_native,common_endpoint_central,0,10,2,S2,sub-09,60,-0.42425333001492516,882.259880690581
variant_native,common_endpoint_central,0,10,2,S2,sub-10,60,0.28455466854673356,4339.69429715518
variant_native,common_endpoint_central,0,10,2,S2,sub-11,60,0.10460403991715923,601.7991386965856
variant_native,common_endpoint_central,0,10,2,S2,sub-12,60,-0.09155517385723098,689.9054067439431
variant_native,common_endpoint_central,0,10,2,S2,sub-13,60,0.4929855841318093,216.64439745743462
variant_native,common_endpoint_central,0,10,5,L1,sub-01,60,1.3619464675619213,45.25110273913311
variant_native,common_endpoint_central,0,10,5,L1,sub-02,60,1.1432872464369115,360.9699496911209
variant_native,common_endpoint_central,0,10,5,L1,sub-03,60,2.126817573510519,561.5168500482818
variant_native,common_endpoint_central,0,10,5,L1,sub-04,60,1.3458767376957688,377.754076600453
variant_native,common_endpoint_central,0,10,5,L1,sub-05,60,0.7312256941167118,537.6068836704449
variant_native,common_endpoint_central,0,10,5,L1,sub-06,60,0.009230880769744237,68.91911524633137
variant_native,common_endpoint_central,0,10,5,L1,sub-07,60,1.5532316451504045,481.72541401834434
variant_native,common_endpoint_central,0,10,5,L1,sub-08,60,0.8193139470339479,278.2692966387106
variant_native,common_endpoint_central,0,10,5,L1,sub-09,60,0.3717120208357221,327.9687663039598
variant_native,common_endpoint_central,0,10,5,L1,sub-10,60,0.8374286917379409,395.54217107804953
variant_native,common_endpoint_central,0,10,5,L1,sub-11,60,1.63415126896276,2888.4390917151645
variant_native,common_endpoint_central,0,10,5,L1,sub-12,60,0.8029460420319822,311.4915190092734
variant_native,common_endpoint_central,0,10,5,L1,sub-13,60,-3.905178991587459,-2407.8467699033617
variant_native,common_endpoint_central,0,10,5,L2,sub-01,60,-2.816967707266344,-4604.7259247722595
variant_native,common_endpoint_central,0,10,5,L2,sub-02,60,1.5984410367491135,472.72721839777915
variant_native,common_endpoint_central,0,10,5,L2,sub-03,60,-0.8466323059396095,-39.49074761582797
variant_native,common_endpoint_central,0,10,5,L2,sub-04,60,0.12541509037745674,47.536653829556165
variant_native,common_endpoint_central,0,10,5,L2,sub-05,60,0.9119605405849119,714.9075626700792
variant_native,common_endpoint_central,0,10,5,L2,sub-06,60,-0.4606490238434679,-46.44087059470699
variant_native,common_endpoint_central,0,10,5,L2,sub-07,60,-0.7119414756185272,-42.975143028195525
variant_native,common_endpoint_central,0,10,5,L2,sub-08,60,-0.49196345424460824,158.49363228300692
variant_native,common_endpoint_central,0,10,5,L2,sub-09,60,0.31157140735282096,324.03033229540944
variant_native,common_endpoint_central,0,10,5,L2,sub-10,60,0.8931836155901558,398.15355942292797
variant_native,common_endpoint_central,0,10,5,L2,sub-11,60,0.3381593525055908,2736.7783105503872
variant_native,common_endpoint_central,0,10,5,L2,sub-12,60,0.941732888450732,316.4184907410985
variant_native,common_endpoint_central,0,10,5,L2,sub-13,60,0.5985847004676397,-57.239920927482736
variant_native,common_endpoint_central,0,10,5,L3,sub-01,60,-2.497306396397799,-4238.718637386701
variant_native,common_endpoint_central,0,10,5,L3,sub-02,60,-0.19408456558083037,115.25339715453862
variant_native,common_endpoint_central,0,10,5,L3,sub-03,60,-0.39668638836963965,-23.790923538347045
variant_native,common_endpoint_central,0,10,5,L3,sub-04,60,0.04667722238918813,31.502331380588636
variant_native,common_endpoint_central,0,10,5,L3,sub-05,60,-0.6761659512209877,-102.97645666905687
variant_native,common_endpoint_central,0,10,5,L3,sub-06,60,-0.4264633295045181,-37.2392105056596
variant_native,common_endpoint_central,0,10,5,L3,sub-07,60,-0.3002861599293945,41.31971716359039
variant_native,common_endpoint_central,0,10,5,L3,sub-08,60,-0.35891544447351303,-19.14269086943943
variant_native,common_endpoint_central,0,10,5,L3,sub-09,60,1.0166379889224528,521.9141836923845
variant_native,common_endpoint_central,0,10,5,L3,sub-10,60,-0.5971694104148253,-12.237695347402314
variant_native,common_endpoint_central,0,10,5,L3,sub-11,60,-0.4280172953122854,1286.1167138199569
variant_native,common_endpoint_central,0,10,5,L3,sub-12,60,0.3104560995199877,177.48131577728884
variant_native,common_endpoint_central,0,10,5,L3,sub-13,60,0.535661351760217,-50.98082269208779
variant_native,common_endpoint_central,0,10,5,L4,sub-01,60,1.2958759332226626,-1069.5013191484702
variant_native,common_endpoint_central,0,10,5,L4,sub-02,60,-0.8009318557467009,-30.643937574232904
variant_native,common_endpoint_central,0,10,5,L4,sub-03,60,-0.3590381131385832,-15.86495501780638
variant_native,common_endpoint_central,0,10,5,L4,sub-04,60,-0.20211143206131502,-44.33790878365668
variant_native,common_endpoint_central,0,10,5,L4,sub-05,60,-0.3664079779638588,74.04523636898983
variant_native,common_endpoint_central,0,10,5,L4,sub-06,60,0.6483813695935051,201.0957189728566
variant_native,common_endpoint_central,0,10,5,L4,sub-07,60,-0.24802196662013867,28.680138992192642
variant_native,common_endpoint_central,0,10,5,L4,sub-08,60,-0.4034170544369183,43.8976616688425
variant_native,common_endpoint_central,0,10,5,L4,sub-09,60,1.533941391775746,672.179769115711
variant_native,common_endpoint_central,0,10,5,L4,sub-10,60,-0.5468565060627935,43.156446473093084
variant_native,common_endpoint_central,0,10,5,L4,sub-11,60,-0.47796573800888686,19.741735444773756
variant_native,common_endpoint_central,0,10,5,L4,sub-12,60,-0.9527215045691685,-111.41924922185778
variant_native,common_endpoint_central,0,10,5,L4,sub-13,60,0.6787868558172434,-3.3401223998141023
variant_native,common_endpoint_central,0,10,5,L5,sub-01,60,1.0374240003317736,-1060.4186114071779
variant_native,common_endpoint_central,0,10,5,L5,sub-02,60,-0.8152989137151425,-35.881173692959734
variant_native,common_endpoint_central,0,10,5,L5,sub-03,60,-0.3040816070805062,2.325521600205468
variant_native,common_endpoint_central,0,10,5,L5,sub-04,60,-0.18232086484539506,-36.74820738671948
variant_native,common_endpoint_central,0,10,5,L5,sub-05,60,0.05817386891558397,63.928747255113535
variant_native,common_endpoint_central,0,10,5,L5,sub-06,60,0.5766927478647736,198.90647709727284
variant_native,common_endpoint_central,0,10,5,L5,sub-07,60,0.30021606697645986,415.41398202519633
variant_native,common_endpoint_central,0,10,5,L5,sub-08,60,-0.23746492798752214,30.80950643368078
variant_native,common_endpoint_central,0,10,5,L5,sub-09,60,-0.7394677013718014,2.290482969424928
variant_native,common_endpoint_central,0,10,5,L5,sub-10,60,-0.37187632727976216,71.56090761283834
variant_native,common_endpoint_central,0,10,5,L5,sub-11,60,-0.4202564311065035,11.505803493822093
variant_native,common_endpoint_central,0,10,5,L5,sub-12,60,-0.3614540645513688,20.13835708116664
variant_native,common_endpoint_central,0,10,5,L5,sub-13,60,0.6597351356489743,-4.740646691764417
variant_native,common_endpoint_central,0,10,5,S1,sub-01,60,1.356795158709928,-68.05245985027868
variant_native,common_endpoint_central,0,10,5,S1,sub-02,60,-0.44993865891279256,68.69013438134738
variant_native,common_endpoint_central,0,10,5,S1,sub-03,60,-0.13321421234153066,44.677508943266425
variant_native,common_endpoint_central,0,10,5,S1,sub-04,60,-0.6145763966674893,-139.19290034128522
variant_native,common_endpoint_central,0,10,5,S1,sub-05,60,-0.6895631420965179,-19.01601770060648
variant_native,common_endpoint_central,0,10,5,S1,sub-06,60,-0.11574708153412092,34.13114981015361
variant_native,common_endpoint_central,0,10,5,S1,sub-07,60,-0.33936427486300147,12.120344932339792
variant_native,common_endpoint_central,0,10,5,S1,sub-08,60,-0.10707158140749289,118.1007019108918
variant_native,common_endpoint_central,0,10,5,S1,sub-09,60,-1.9234252374619838,47.00165171217579
variant_native,common_endpoint_central,0,10,5,S1,sub-10,60,-0.19660008314270302,235.96345530155443
variant_native,common_endpoint_central,0,10,5,S1,sub-11,60,-0.3035736023452642,81.62472311149928
variant_native,common_endpoint_central,0,10,5,S1,sub-12,60,-0.39242153609804037,18.391970332661717
variant_native,common_endpoint_central,0,10,5,S1,sub-13,60,0.7203543820901606,10.035350348122874
variant_native,common_endpoint_central,0,10,5,S2,sub-01,60,0.2622325438378565,5.927283936568597
variant_native,common_endpoint_central,0,10,5,S2,sub-02,60,-0.4814742892305599,57.1090263906253
variant_native,common_endpoint_central,0,10,5,S2,sub-03,60,-0.08716494664064992,54.74472744400831
variant_native,common_endpoint_central,0,10,5,S2,sub-04,60,-0.5189603568882144,-100.17058787985178
variant_native,common_endpoint_central,0,10,5,S2,sub-05,60,0.030776967664157846,225.19588155903557
variant_native,common_endpoint_central,0,10,5,S2,sub-06,60,-0.2314455633459168,55.59328770811791
variant_native,common_endpoint_central,0,10,5,S2,sub-07,60,-0.25383383509580154,51.75523450033144
variant_native,common_endpoint_central,0,10,5,S2,sub-08,60,0.7795185155161071,462.8680110425255
variant_native,common_endpoint_central,0,10,5,S2,sub-09,60,-0.5709698700529559,157.35452848199097
variant_native,common_endpoint_central,0,10,5,S2,sub-10,60,-0.018109980428009445,378.76743452524386
variant_native,common_endpoint_central,0,10,5,S2,sub-11,60,-0.34249755469541365,46.7988488747076
variant_native,common_endpoint_central,0,10,5,S2,sub-12,60,-0.348537924784122,58.11872329767588
variant_native,common_endpoint_central,0,10,5,S2,sub-13,60,0.7120565658032236,41.24482019501234
variant_native,common_endpoint_central,0,10,10,L1,sub-01,60,0.9658019320775058,-206.55981199305333
variant_native,common_endpoint_central,0,10,10,L1,sub-02,60,1.876696080320253,417.4462998545413
variant_native,common_endpoint_central,0,10,10,L1,sub-03,60,2.7321856838138463,350.13310264389605
variant_native,common_endpoint_central,0,10,10,L1,sub-04,60,1.3565213264474425,399.81400370872484
variant_native,common_endpoint_central,0,10,10,L1,sub-05,60,2.15032430031587,421.01951599580303
variant_native,common_endpoint_central,0,10,10,L1,sub-06,60,2.0235428510106135,372.67877557630067
variant_native,common_endpoint_central,0,10,10,L1,sub-07,60,2.636627033733599,412.34761259422686
variant_native,common_endpoint_central,0,10,10,L1,sub-08,60,2.436713904101742,362.33702440572466
variant_native,common_endpoint_central,0,10,10,L1,sub-09,60,0.6834031590689118,269.3034611920294
variant_native,common_endpoint_central,0,10,10,L1,sub-10,60,1.9890165058966245,415.21096659453457
variant_native,common_endpoint_central,0,10,10,L1,sub-11,60,3.054020100651184,1259.077834413149
variant_native,common_endpoint_central,0,10,10,L1,sub-12,60,1.4715532055382756,360.2361390423161
variant_native,common_endpoint_central,0,10,10,L1,sub-13,60,-2.1710297792020894,-993.2596965094674
variant_native,common_endpoint_central,0,10,10,L2,sub-01,60,-2.368265397031768,-2121.623486061068
variant_native,common_endpoint_central,0,10,10,L2,sub-02,60,2.0658038787229405,432.0987788687094
variant_native,common_endpoint_central,0,10,10,L2,sub-03,60,-0.7898889019854568,-69.10396711599108
variant_native,common_endpoint_central,0,10,10,L2,sub-04,60,1.2424174588816437,392.1596364935958
variant_native,common_endpoint_central,0,10,10,L2,sub-05,60,2.01211334631377,464.8619252563714
variant_native,common_endpoint_central,0,10,10,L2,sub-06,60,-0.0404363759375329,12.636459776647772
variant_native,common_endpoint_central,0,10,10,L2,sub-07,60,-0.12272553181362159,11.876401941973604
variant_native,common_endpoint_central,0,10,10,L2,sub-08,60,-0.408225031477739,-0.11030827352171475
variant_native,common_endpoint_central,0,10,10,L2,sub-09,60,-0.13869075322997154,154.00799036098707
variant_native,common_endpoint_central,0,10,10,L2,sub-10,60,1.901742749288733,408.3246670161774
variant_native,common_endpoint_central,0,10,10,L2,sub-11,60,1.4392637514713735,687.8857354892585
variant_native,common_endpoint_central,0,10,10,L2,sub-12,60,1.6185960325337476,366.0983721374713
variant_native,common_endpoint_central,0,10,10,L2,sub-13,60,0.1614493509883461,-34.18684030496441
variant_native,common_endpoint_central,0,10,10,L3,sub-01,60,-2.2787865702745598,-2143.6546180919204
variant_native,common_endpoint_central,0,10,10,L3,sub-02,60,1.6925166122698276,372.6770887281779
variant_native,common_endpoint_central,0,10,10,L3,sub-03,60,-0.5514806666965014,-41.95638665306908
variant_native,common_endpoint_central,0,10,10,L3,sub-04,60,0.6977585833117408,342.0493444449038
variant_native,common_endpoint_central,0,10,10,L3,sub-05,60,-0.38794904465351915,16.18558576787336
variant_native,common_endpoint_central,0,10,10,L3,sub-06,60,-1.1649583742574063,-235.62263894880073
variant_native,common_endpoint_central,0,10,10,L3,sub-07,60,-0.5091074305950455,-33.60177473907583
variant_native,common_endpoint_central,0,10,10,L3,sub-08,60,-0.6818102776175432,-41.244801321178095
variant_native,common_endpoint_central,0,10,10,L3,sub-09,60,1.355257641267706,353.26805513988717
variant_native,common_endpoint_central,0,10,10,L3,sub-10,60,-0.4390139922959111,46.233424846872815
variant_native,common_endpoint_central,0,10,10,L3,sub-11,60,0.13392455908101733,372.28868031046574
variant_native,common_endpoint_central,0,10,10,L3,sub-12,60,0.19279761672719006,186.23025357884282
variant_native,common_endpoint_central,0,10,10,L3,sub-13,60,0.277226114294238,-29.707425102575435
variant_native,common_endpoint_central,0,10,10,L4,sub-01,60,0.9419039003554759,-485.92615946077785
variant_native,common_endpoint_central,0,10,10,L4,sub-02,60,-1.4837653851253134,-24.651821212918833
variant_native,common_endpoint_central,0,10,10,L4,sub-03,60,-0.519312416750155,-41.94868191145854
variant_native,common_endpoint_central,0,10,10,L4,sub-04,60,0.034372011769297064,220.34579327600775
variant_native,common_endpoint_central,0,10,10,L4,sub-05,60,-0.7995505947177945,-18.836459798565844
variant_native,common_endpoint_central,0,10,10,L4,sub-06,60,-0.33350297817081054,-21.23506205004328
variant_native,common_endpoint_central,0,10,10,L4,sub-07,60,-0.6250280571217749,-52.607740561158906
variant_native,common_endpoint_central,0,10,10,L4,sub-08,60,-0.5684502911977851,-22.340883851079425
variant_native,common_endpoint_central,0,10,10,L4,sub-09,60,1.5441133763358232,420.3966147991313
variant_native,common_endpoint_central,0,10,10,L4,sub-10,60,-0.9264912347264856,-23.63115348223352
variant_native,common_endpoint_central,0,10,10,L4,sub-11,60,-0.9011957057142916,180.4515284098658
variant_native,common_endpoint_central,0,10,10,L4,sub-12,60,-0.7447113301512509,19.578998137259823
variant_native,common_endpoint_central,0,10,10,L4,sub-13,60,0.3283054895839044,-24.575516866703893
variant_native,common_endpoint_central,0,10,10,L5,sub-01,60,1.0099013865917894,-466.4621229165766
variant_native,common_endpoint_central,0,10,10,L5,sub-02,60,-1.4713072391221766,-28.168399017611762
variant_native,common_endpoint_central,0,10,10,L5,sub-03,60,-0.45381458967823385,-30.410332909564474
variant_native,common_endpoint_central,0,10,10,L5,sub-04,60,-0.24096919216609555,194.27496820881646
variant_native,common_endpoint_central,0,10,10,L5,sub-05,60,-1.054093807850103,-58.44531443354091
variant_native,common_endpoint_central,0,10,10,L5,sub-06,60,-0.2670919494025084,-9.83002954711742
variant_native,common_endpoint_central,0,10,10,L5,sub-07,60,-0.755003154985862,-91.58750705456404
variant_native,common_endpoint_central,0,10,10,L5,sub-08,60,-0.5741165470653888,-19.78755146059384
variant_native,common_endpoint_central,0,10,10,L5,sub-09,60,-0.8390339009394066,14.466562652089245
variant_native,common_endpoint_central,0,10,10,L5,sub-10,60,-0.930572726007963,-9.121296276961724
variant_native,common_endpoint_central,0,10,10,L5,sub-11,60,-1.329745217032484,-7.207259323206639
variant_native,common_endpoint_central,0,10,10,L5,sub-12,60,-0.967473858806048,-15.849579958335887
variant_native,common_endpoint_central,0,10,10,L5,sub-13,60,0.39505476906880627,-23.099359871990693
variant_native,common_endpoint_central,0,10,10,S1,sub-01,60,1.504631167064186,-80.60385351222428
variant_native,common_endpoint_central,0,10,10,S1,sub-02,60,-1.3740564273666265,10.735871889126129
variant_native,common_endpoint_central,0,10,10,S1,sub-03,60,-0.16074195658123144,7.12462522007626
variant_native,common_endpoint_central,0,10,10,S1,sub-04,60,-1.3790347272889831,15.980978552903855
variant_native,common_endpoint_central,0,10,10,S1,sub-05,60,-1.2727645882018337,11.371398477448993
variant_native,common_endpoint_central,0,10,10,S1,sub-06,60,-0.1615653220143335,11.864835659579596
variant_native,common_endpoint_central,0,10,10,S1,sub-07,60,-0.3650393175765692,-14.139731228768392
variant_native,common_endpoint_central,0,10,10,S1,sub-08,60,-0.2602229689841278,53.349345385282774
variant_native,common_endpoint_central,0,10,10,S1,sub-09,60,-1.7515157577686358,-13.15048484769576
variant_native,common_endpoint_central,0,10,10,S1,sub-10,60,-0.7960559447174773,32.973835191556546
variant_native,common_endpoint_central,0,10,10,S1,sub-11,60,-1.116707056262123,-2.7618857901226077
variant_native,common_endpoint_central,0,10,10,S1,sub-12,60,-0.6513151308573445,64.48675733791868
variant_native,common_endpoint_central,0,10,10,S1,sub-13,60,0.37650669433323053,-17.79239638572613
variant_native,common_endpoint_central,0,10,10,S2,sub-01,60,0.2248135812173682,-22.219140178745626
variant_native,common_endpoint_central,0,10,10,S2,sub-02,60,-1.3058875196989008,10.268050741766304
variant_native,common_endpoint_central,0,10,10,S2,sub-03,60,-0.25694715212227,-9.609999182781511
variant_native,common_endpoint_central,0,10,10,S2,sub-04,60,-1.7110654609550455,-68.80154825651313
variant_native,common_endpoint_central,0,10,10,S2,sub-05,60,-0.6480796112063879,23.207444093576257
variant_native,common_endpoint_central,0,10,10,S2,sub-06,60,-0.0559878512280224,22.407257451646554
variant_native,common_endpoint_central,0,10,10,S2,sub-07,60,-0.2597235416407276,1.6998158107020118
variant_native,common_endpoint_central,0,10,10,S2,sub-08,60,0.05611121224084253,82.08059149039332
variant_native,common_endpoint_central,0,10,10,S2,sub-09,60,-0.8535337647344261,11.19134660913542
variant_native,common_endpoint_central,0,10,10,S2,sub-10,60,-0.7986253574375225,31.668966152260957
variant_native,common_endpoint_central,0,10,10,S2,sub-11,60,-1.2795604321946756,6.3538466026159695
variant_native,common_endpoint_central,0,10,10,S2,sub-12,60,-0.9194465349845713,6.296999881773846
variant_native,common_endpoint_central,0,10,10,S2,sub-13,60,0.6324873609335645,14.752766447610615
variant_native,original_native,0,20,2,L1,sub-01,60,1.294295319711994,-1748.7123784089495
variant_native,original_native,0,20,2,L1,sub-02,60,0.7088156597478712,2424.723086633369
variant_native,original_native,0,20,2,L1,sub-03,60,1.8263112238866326,4052.926774466613
variant_native,original_native,0,20,2,L1,sub-04,60,0.7202403970817249,3176.426002649579
variant_native,original_native,0,20,2,L1,sub-05,60,-0.21763365358077044,7722.431377578677
variant_native,original_native,0,20,2,L1,sub-06,60,1.2999105441985246,4283.284581285388
variant_native,original_native,0,20,2,L1,sub-07,60,0.641530207999945,2384.3099774490943
variant_native,original_native,0,20,2,L1,sub-08,60,0.5949429471436614,5536.437325618108
variant_native,original_native,0,20,2,L1,sub-09,60,0.6431171724586047,2081.9164014843655
variant_native,original_native,0,20,2,L1,sub-10,60,0.46180012865686054,4688.96669165205
variant_native,original_native,0,20,2,L1,sub-11,60,1.2902214037707205,32103.372520956247
variant_native,original_native,0,20,2,L1,sub-12,60,0.08514682612291319,2964.934568122892
variant_native,original_native,0,20,2,L1,sub-13,60,-6.109178845227727,-9536.746488159952
variant_native,original_native,0,20,2,L2,sub-01,60,-3.860445872267475,-12359.695594502447
variant_native,original_native,0,20,2,L2,sub-02,60,0.8080587557382489,2575.682287572587
variant_native,original_native,0,20,2,L2,sub-03,60,-0.7796110542216315,1458.3442574030385
variant_native,original_native,0,20,2,L2,sub-04,60,-0.7115824650767646,1010.9847236094323
variant_native,original_native,0,20,2,L2,sub-05,60,-0.13128907660261938,9287.834662443393
variant_native,original_native,0,20,2,L2,sub-06,60,0.6025944539454045,1471.422488356981
variant_native,original_native,0,20,2,L2,sub-07,60,0.7720219434621847,2657.638841596131
variant_native,original_native,0,20,2,L2,sub-08,60,-0.12572758907515136,5804.737040434718
variant_native,original_native,0,20,2,L2,sub-09,60,0.5830290285629487,1578.6458808150826
variant_native,original_native,0,20,2,L2,sub-10,60,0.6808790025397116,5117.1380426029245
variant_native,original_native,0,20,2,L2,sub-11,60,-0.686900556949811,23068.991586409
variant_native,original_native,0,20,2,L2,sub-12,60,0.2385419812115451,1684.6253873408336
variant_native,original_native,0,20,2,L2,sub-13,60,0.7761134656609142,3099.4180504467327
variant_native,original_native,0,20,2,L3,sub-01,60,-0.812231898451039,-4642.533157558257
variant_native,original_native,0,20,2,L3,sub-02,60,0.5835068283889089,2986.5474558125056
variant_native,original_native,0,20,2,L3,sub-03,60,0.12756671968307048,1343.6811225411882
variant_native,original_native,0,20,2,L3,sub-04,60,-0.5698722430392192,962.1411274832317
variant_native,original_native,0,20,2,L3,sub-05,60,-0.3330914236422994,2592.31351813771
variant_native,original_native,0,20,2,L3,sub-06,60,-3.869478776881559,-7158.790789524673
variant_native,original_native,0,20,2,L3,sub-07,60,-0.5530681154681598,2146.815157096562
variant_native,original_native,0,20,2,L3,sub-08,60,0.2874941830133304,2308.4601694335342
variant_native,original_native,0,20,2,L3,sub-09,60,0.3248152360900657,986.4036490744113
variant_native,original_native,0,20,2,L3,sub-10,60,-0.20345836430443154,1761.290099997201
variant_native,original_native,0,20,2,L3,sub-11,60,-1.1874779133229911,10563.859091427094
variant_native,original_native,0,20,2,L3,sub-12,60,-0.0929218474253075,1040.5371404429634
variant_native,original_native,0,20,2,L3,sub-13,60,1.4322350949989295,2791.7115155097135
variant_native,original_native,0,20,2,L4,sub-01,60,0.21819220344937482,-4559.766390771587
variant_native,original_native,0,20,2,L4,sub-02,60,1.228567850961573,2852.2339234804394
variant_native,original_native,0,20,2,L4,sub-03,60,-0.7397921270011237,2206.136558392652
variant_native,original_native,0,20,2,L4,sub-04,60,0.5495479097155026,1992.7326553491987
variant_native,original_native,0,20,2,L4,sub-05,60,-0.4655653061104145,11885.705259334754
variant_native,original_native,0,20,2,L4,sub-06,60,0.2740714629785003,868.9765774109256
variant_native,original_native,0,20,2,L4,sub-07,60,-0.16751349468382198,429.01773977185314
variant_native,original_native,0,20,2,L4,sub-08,60,-0.2733465838335064,2963.448370705836
variant_native,original_native,0,20,2,L4,sub-09,60,0.26241617290442515,946.7601604253898
variant_native,original_native,0,20,2,L4,sub-10,60,-0.14938194040331804,3651.0659332252167
variant_native,original_native,0,20,2,L4,sub-11,60,-0.37283755755138503,13834.226796039522
variant_native,original_native,0,20,2,L4,sub-12,60,0.6160545717450927,1834.0405491388908
variant_native,original_native,0,20,2,L4,sub-13,60,0.6003658278581169,189.62100468168939
variant_native,original_native,0,20,2,L5,sub-01,60,-1.1153060604877238,-10613.523346611379
variant_native,original_native,0,20,2,L5,sub-02,60,-0.8938783245281187,246.28260891032144
variant_native,original_native,0,20,2,L5,sub-03,60,-0.6018683452575052,406.45078559919256
variant_native,original_native,0,20,2,L5,sub-04,60,0.17006694853053717,1741.1184261946933
variant_native,original_native,0,20,2,L5,sub-05,60,0.3687193608408798,4099.733467348998
variant_native,original_native,0,20,2,L5,sub-06,60,0.6695941415046607,1227.131764768791
variant_native,original_native,0,20,2,L5,sub-07,60,-2.2538750177468048,1676.9869730587202
variant_native,original_native,0,20,2,L5,sub-08,60,0.029056012864030856,1596.009997930942
variant_native,original_native,0,20,2,L5,sub-09,60,0.4097947597202056,1178.6902811506586
variant_native,original_native,0,20,2,L5,sub-10,60,-0.6732748296221814,1510.9377043396873
variant_native,original_native,0,20,2,L5,sub-11,60,-0.247557691183049,16009.561245866116
variant_native,original_native,0,20,2,L5,sub-12,60,0.6690325921314499,2011.0012567755
variant_native,original_native,0,20,2,L5,sub-13,60,0.9312706289041562,531.1591259486873
variant_native,original_native,0,20,2,S1,sub-01,60,2.8904983134264914,11776.04306854918
variant_native,original_native,0,20,2,S1,sub-02,60,-2.5456394834012803,5921.539791641346
variant_native,original_native,0,20,2,S1,sub-03,60,0.02641425311537117,1298.5312036262005
variant_native,original_native,0,20,2,S1,sub-04,60,-0.026267149696734462,3046.7346828627105
variant_native,original_native,0,20,2,S1,sub-05,60,0.2245862773789926,4351.821883317281
variant_native,original_native,0,20,2,S1,sub-06,60,1.0787189340421082,4047.4755636800155
variant_native,original_native,0,20,2,S1,sub-07,60,0.6351217378412877,1214.502984441174
variant_native,original_native,0,20,2,S1,sub-08,60,-3.620223032016987,-3798.085440557794
variant_native,original_native,0,20,2,S1,sub-09,60,-1.4270192164568534,586.422931490489
variant_native,original_native,0,20,2,S1,sub-10,60,-0.6491326381353949,9701.277408369582
variant_native,original_native,0,20,2,S1,sub-11,60,-0.5688824845240962,9653.664009991837
variant_native,original_native,0,20,2,S1,sub-12,60,-1.2196339513928889,23615.310620966608
variant_native,original_native,0,20,2,S1,sub-13,60,1.4017084696534559,-2358.780275901664
variant_native,original_native,0,20,2,S2,sub-01,60,1.3849979946183768,11225.677036434488
variant_native,original_native,0,20,2,S2,sub-02,60,0.11056871309279684,3326.1572181323663
variant_native,original_native,0,20,2,S2,sub-03,60,0.1409793297951844,1034.0607762166624
variant_native,original_native,0,20,2,S2,sub-04,60,-0.1321333975150467,1467.1654584304376
variant_native,original_native,0,20,2,S2,sub-05,60,0.5542738217162338,5083.197113936505
variant_native,original_native,0,20,2,S2,sub-06,60,-0.05541075978763729,2261.423892005256
variant_native,original_native,0,20,2,S2,sub-07,60,0.9257827385953673,3084.7531895979364
variant_native,original_native,0,20,2,S2,sub-08,60,3.1078040619046217,14425.616002816305
variant_native,original_native,0,20,2,S2,sub-09,60,-0.7961531532793955,2344.3669321751822
variant_native,original_native,0,20,2,S2,sub-10,60,0.532568641268755,12406.993464020188
variant_native,original_native,0,20,2,S2,sub-11,60,1.77343479976061,7370.632253654769
variant_native,original_native,0,20,2,S2,sub-12,60,-0.2962201723928042,3510.820078304085
variant_native,original_native,0,20,2,S2,sub-13,60,0.9674853581521545,742.4568108992561
variant_native,original_native,0,20,5,L1,sub-01,60,2.783858760592947,-1632.0445537272738
variant_native,original_native,0,20,5,L1,sub-02,60,0.393674176627034,506.25716563921793
variant_native,original_native,0,20,5,L1,sub-03,60,3.4694176358715523,1046.1327985077935
variant_native,original_native,0,20,5,L1,sub-04,60,0.7220129038472998,701.1819135486378
variant_native,original_native,0,20,5,L1,sub-05,60,0.419128382033778,958.2704043928203
variant_native,original_native,0,20,5,L1,sub-06,60,1.5081777560195369,854.6226021324358
variant_native,original_native,0,20,5,L1,sub-07,60,2.1257256898026617,900.5416524848981
variant_native,original_native,0,20,5,L1,sub-08,60,0.9632783020561284,488.10122997227734
variant_native,original_native,0,20,5,L1,sub-09,60,-0.9988064046896707,207.51309930636975
variant_native,original_native,0,20,5,L1,sub-10,60,0.5190954714345225,748.0180432056992
variant_native,original_native,0,20,5,L1,sub-11,60,1.9355767757556348,5791.286760965424
variant_native,original_native,0,20,5,L1,sub-12,60,-0.21470000103727568,275.7538689577533
variant_native,original_native,0,20,5,L1,sub-13,60,-10.34680171117963,-4931.4003814687085
variant_native,original_native,0,20,5,L2,sub-01,60,-5.88249432143582,-9572.874307388256
variant_native,original_native,0,20,5,L2,sub-02,60,1.840406688221734,865.9543548005611
variant_native,original_native,0,20,5,L2,sub-03,60,0.5407320047013472,415.20226797473305
variant_native,original_native,0,20,5,L2,sub-04,60,-1.0987806889818112,109.97860068216367
variant_native,original_native,0,20,5,L2,sub-05,60,1.1389401530848184,1498.5627678087665
variant_native,original_native,0,20,5,L2,sub-06,60,0.8587428650621644,609.9066644265206
variant_native,original_native,0,20,5,L2,sub-07,60,1.7257689403254795,748.9753343693881
variant_native,original_native,0,20,5,L2,sub-08,60,1.818678735721192,979.9917482097329
variant_native,original_native,0,20,5,L2,sub-09,60,-0.46538508175869675,351.1051169663746
variant_native,original_native,0,20,5,L2,sub-10,60,0.5970705037954139,768.7777426189309
variant_native,original_native,0,20,5,L2,sub-11,60,-0.560703460672898,5343.611931804046
variant_native,original_native,0,20,5,L2,sub-12,60,0.7845145065048288,597.8732700402039
variant_native,original_native,0,20,5,L2,sub-13,60,4.084929547811917,661.1626283143489
variant_native,original_native,0,20,5,L3,sub-01,60,-5.238122615307486,-8778.906505890374
variant_native,original_native,0,20,5,L3,sub-02,60,1.3720074304882615,858.655313285393
variant_native,original_native,0,20,5,L3,sub-03,60,-1.321071713299517,-167.874066369428
variant_native,original_native,0,20,5,L3,sub-04,60,-1.0101219516177544,159.35289005527224
variant_native,original_native,0,20,5,L3,sub-05,60,1.2718832866120577,919.0269236902568
variant_native,original_native,0,20,5,L3,sub-06,60,-3.908633037757365,-2177.117834068716
variant_native,original_native,0,20,5,L3,sub-07,60,-0.4047893504166379,107.04509518067792
variant_native,original_native,0,20,5,L3,sub-08,60,-0.6117903321574907,-108.38304324229557
variant_native,original_native,0,20,5,L3,sub-09,60,1.4821645731771267,992.1971150347298
variant_native,original_native,0,20,5,L3,sub-10,60,1.046591752059762,846.5898276989335
variant_native,original_native,0,20,5,L3,sub-11,60,1.3611604474751458,3243.4855284578634
variant_native,original_native,0,20,5,L3,sub-12,60,0.6460183636980822,540.0444740659763
variant_native,original_native,0,20,5,L3,sub-13,60,0.9559512788642716,-57.36979606735528
variant_native,original_native,0,20,5,L4,sub-01,60,1.9386631094519298,-2814.038820504682
variant_native,original_native,0,20,5,L4,sub-02,60,1.259762988937989,752.9988399613259
variant_native,original_native,0,20,5,L4,sub-03,60,-0.9373133419366605,-77.3824762393949
variant_native,original_native,0,20,5,L4,sub-04,60,-0.16645719375511872,439.74144385408874
variant_native,original_native,0,20,5,L4,sub-05,60,-0.8103187601715196,852.029054041741
variant_native,original_native,0,20,5,L4,sub-06,60,-0.08408143959006303,174.62822877413757
variant_native,original_native,0,20,5,L4,sub-07,60,-0.041523869790671644,85.13282715033037
variant_native,original_native,0,20,5,L4,sub-08,60,-0.2891564891175961,67.68342188209375
variant_native,original_native,0,20,5,L4,sub-09,60,2.363040703197976,1261.328878932451
variant_native,original_native,0,20,5,L4,sub-10,60,1.3748301000091483,1160.8608763906595
variant_native,original_native,0,20,5,L4,sub-11,60,-0.5204065724071287,3971.1769017912975
variant_native,original_native,0,20,5,L4,sub-12,60,0.8042669850375821,611.0978363269534
variant_native,original_native,0,20,5,L4,sub-13,60,0.9491763048088393,-48.71390209142074
variant_native,original_native,0,20,5,L5,sub-01,60,2.3606719276179287,-2029.1481470379354
variant_native,original_native,0,20,5,L5,sub-02,60,-1.9655463438707461,-141.99350912646742
variant_native,original_native,0,20,5,L5,sub-03,60,-0.8476381057088739,-38.20121476927117
variant_native,original_native,0,20,5,L5,sub-04,60,0.9987851810195695,792.2792566839142
variant_native,original_native,0,20,5,L5,sub-05,60,-0.2114168105599083,180.8552950503154
variant_native,original_native,0,20,5,L5,sub-06,60,0.810319393017684,447.8940483642966
variant_native,original_native,0,20,5,L5,sub-07,60,-3.5793671588381244,-1687.2741381663423
variant_native,original_native,0,20,5,L5,sub-08,60,-0.29917522458309403,-36.48771091719587
variant_native,original_native,0,20,5,L5,sub-09,60,0.40641286284325623,695.9974069078555
variant_native,original_native,0,20,5,L5,sub-10,60,-1.4366047993096278,134.7265305494668
variant_native,original_native,0,20,5,L5,sub-11,60,-1.2443195359589403,2693.706437627285
variant_native,original_native,0,20,5,L5,sub-12,60,-1.4200326066105522,-95.59573880020157
variant_native,original_native,0,20,5,L5,sub-13,60,0.953415042142096,-39.84468988326355
variant_native,original_native,0,20,5,S1,sub-01,60,3.253798701446667,531.1827304102809
variant_native,original_native,0,20,5,S1,sub-02,60,-1.239880440758972,345.81123272549723
variant_native,original_native,0,20,5,S1,sub-03,60,-0.49167667175179797,59.605116876861125
variant_native,original_native,0,20,5,S1,sub-04,60,1.1280396345689003,862.7740835963697
variant_native,original_native,0,20,5,S1,sub-05,60,-1.7432512647116423,88.21033853340144
variant_native,original_native,0,20,5,S1,sub-06,60,0.5904960283099473,504.87695046362194
variant_native,original_native,0,20,5,S1,sub-07,60,0.3925581593107436,188.69528881036373
variant_native,original_native,0,20,5,S1,sub-08,60,-3.598946019062333,-1757.8997799006058
variant_native,original_native,0,20,5,S1,sub-09,60,-1.242317871513017,659.4284250194643
variant_native,original_native,0,20,5,S1,sub-10,60,-1.2753847662540743,917.6809682983284
variant_native,original_native,0,20,5,S1,sub-11,60,-0.5083941454882466,1438.3599698358885
variant_native,original_native,0,20,5,S1,sub-12,60,-0.5647620328399673,2239.0065520089515
variant_native,original_native,0,20,5,S1,sub-13,60,2.3173418536222585,150.99088606425292
variant_native,original_native,0,20,5,S2,sub-01,60,0.7836244376338333,248.73228944245153
variant_native,original_native,0,20,5,S2,sub-02,60,-1.6604244996453004,63.26273155561758
variant_native,original_native,0,20,5,S2,sub-03,60,-0.4124498078760514,82.93096903325792
variant_native,original_native,0,20,5,S2,sub-04,60,-0.5734778850810813,224.27731919388458
variant_native,original_native,0,20,5,S2,sub-05,60,-0.06496498628758393,539.7208915573035
variant_native,original_native,0,20,5,S2,sub-06,60,0.22497843493809416,172.13504051661158
variant_native,original_native,0,20,5,S2,sub-07,60,-0.21837241039344904,94.02193043162077
variant_native,original_native,0,20,5,S2,sub-08,60,2.017111027143191,1077.6923985930791
variant_native,original_native,0,20,5,S2,sub-09,60,-1.5451087812569755,261.2027044789416
variant_native,original_native,0,20,5,S2,sub-10,60,-0.825598261735145,1051.7522209225856
variant_native,original_native,0,20,5,S2,sub-11,60,-0.46291350870356757,203.99544602434023
variant_native,original_native,0,20,5,S2,sub-12,60,-0.03530521475269839,348.5463137803739
variant_native,original_native,0,20,5,S2,sub-13,60,1.0859876839302494,19.391967990199294
variant_native,original_native,0,20,10,L1,sub-01,60,2.4314508117817963,-561.2106150345803
variant_native,original_native,0,20,10,L1,sub-02,60,3.1439011029280506,746.4846420154554
variant_native,original_native,0,20,10,L1,sub-03,60,5.613849991076926,665.133400273047
variant_native,original_native,0,20,10,L1,sub-04,60,2.105235386092598,715.9812930065735
variant_native,original_native,0,20,10,L1,sub-05,60,3.7675202419990637,754.9689787112097
variant_native,original_native,0,20,10,L1,sub-06,60,3.6574330456231987,677.7622688885978
variant_native,original_native,0,20,10,L1,sub-07,60,5.086979840306487,732.5735300389839
variant_native,original_native,0,20,10,L1,sub-08,60,4.542268319448466,670.437927056295
variant_native,original_native,0,20,10,L1,sub-09,60,1.3670509269195696,534.0046828019879
variant_native,original_native,0,20,10,L1,sub-10,60,3.5201077696693863,763.594334538233
variant_native,original_native,0,20,10,L1,sub-11,60,5.466573026004296,2521.3906720468963
variant_native,original_native,0,20,10,L1,sub-12,60,2.5447862686602525,633.4690746794756
variant_native,original_native,0,20,10,L1,sub-13,60,-5.951843382629996,-2158.0168864597886
variant_native,original_native,0,20,10,L2,sub-01,60,-5.636410076825413,-4576.0485979243185
variant_native,original_native,0,20,10,L2,sub-02,60,3.8167371391406144,821.8003889030402
variant_native,original_native,0,20,10,L2,sub-03,60,-1.678799578026109,-183.27457113133042
variant_native,original_native,0,20,10,L2,sub-04,60,1.8631681283332475,693.2801773533223
variant_native,original_native,0,20,10,L2,sub-05,60,3.646486889382176,857.2477964932318
variant_native,original_native,0,20,10,L2,sub-06,60,0.07251966095537994,45.15580365980058
variant_native,original_native,0,20,10,L2,sub-07,60,-0.20007793707297594,-9.312331906133219
variant_native,original_native,0,20,10,L2,sub-08,60,-0.3856706636880867,46.10805475094677
variant_native,original_native,0,20,10,L2,sub-09,60,0.10633861172089934,365.8262214179157
variant_native,original_native,0,20,10,L2,sub-10,60,3.162032166923011,716.932938478116
variant_native,original_native,0,20,10,L2,sub-11,60,2.674233378907519,1371.293599358873
variant_native,original_native,0,20,10,L2,sub-12,60,2.7718455478706203,640.1664802242897
variant_native,original_native,0,20,10,L2,sub-13,60,0.5285390005885648,-103.22737384690646
variant_native,original_native,0,20,10,L3,sub-01,60,-5.502427278338574,-4667.522439933675
variant_native,original_native,0,20,10,L3,sub-02,60,3.516209630836622,764.2521165280222
variant_native,original_native,0,20,10,L3,sub-03,60,-1.193057185307,-127.36669806115265
variant_native,original_native,0,20,10,L3,sub-04,60,1.2590211637281012,642.088773499513
variant_native,original_native,0,20,10,L3,sub-05,60,-0.49844265265015625,37.885795908768465
variant_native,original_native,0,20,10,L3,sub-06,60,-2.6163580700480926,-600.1920525443803
variant_native,original_native,0,20,10,L3,sub-07,60,-1.0272611263196822,-112.03863763704206
variant_native,original_native,0,20,10,L3,sub-08,60,-1.5048878958333205,-118.12757253313411
variant_native,original_native,0,20,10,L3,sub-09,60,2.4536324006059234,688.2344467346986
variant_native,original_native,0,20,10,L3,sub-10,60,-0.04046572882494338,200.34145211625795
variant_native,original_native,0,20,10,L3,sub-11,60,0.852666643375185,832.612503739148
variant_native,original_native,0,20,10,L3,sub-12,60,0.41462982644605717,330.7701058411496
variant_native,original_native,0,20,10,L3,sub-13,60,0.7601874706964554,-101.4148760786074
variant_native,original_native,0,20,10,L4,sub-01,60,2.1454400704682666,-1266.1646028109246
variant_native,original_native,0,20,10,L4,sub-02,60,-2.801945191455909,-90.33396173733058
variant_native,original_native,0,20,10,L4,sub-03,60,-1.095506701096313,-123.5915842082299
variant_native,original_native,0,20,10,L4,sub-04,60,0.4731003284721298,473.8680317560803
variant_native,original_native,0,20,10,L4,sub-05,60,-1.5137271247938398,-67.79385801651868
variant_native,original_native,0,20,10,L4,sub-06,60,-0.5211061718612916,-47.570404850382225
variant_native,original_native,0,20,10,L4,sub-07,60,-1.3184507987305116,-154.64215246740287
variant_native,original_native,0,20,10,L4,sub-08,60,-1.2295639883063616,-74.48579622006284
variant_native,original_native,0,20,10,L4,sub-09,60,2.7303241332503023,789.494264576968
variant_native,original_native,0,20,10,L4,sub-10,60,-1.789959839267706,-73.17505359943786
variant_native,original_native,0,20,10,L4,sub-11,60,-1.7577589770544448,342.10139861970157
variant_native,original_native,0,20,10,L4,sub-12,60,-1.10435056001607,51.500309920430816
variant_native,original_native,0,20,10,L4,sub-13,60,0.8853946304565354,-91.55770845822157
variant_native,original_native,0,20,10,L5,sub-01,60,2.3612450813825547,-1198.6339978936137
variant_native,original_native,0,20,10,L5,sub-02,60,-2.7937162250075023,-97.92370127847595
variant_native,original_native,0,20,10,L5,sub-03,60,-0.9374836067712493,-100.33172442431946
variant_native,original_native,0,20,10,L5,sub-04,60,-0.2733298166837756,386.7645742564771
variant_native,original_native,0,20,10,L5,sub-05,60,-2.045796879762344,-144.16285842893706
variant_native,original_native,0,20,10,L5,sub-06,60,-0.6578709596766201,-55.417063069728755
variant_native,original_native,0,20,10,L5,sub-07,60,-1.4688686675670406,-256.351363683969
variant_native,original_native,0,20,10,L5,sub-08,60,-1.2367643725419082,-70.91089346112486
variant_native,original_native,0,20,10,L5,sub-09,60,-1.614039288204961,9.050134783455693
variant_native,original_native,0,20,10,L5,sub-10,60,-1.8273325072017483,-52.83014220432632
variant_native,original_native,0,20,10,L5,sub-11,60,-2.5788759498586185,-50.74963181734186
variant_native,original_native,0,20,10,L5,sub-12,60,-1.84002605419112,-66.49573858909321
variant_native,original_native,0,20,10,L5,sub-13,60,1.0586386399464567,-88.71566150290568
variant_native,original_native,0,20,10,S1,sub-01,60,3.658435233399989,-315.71888852809934
variant_native,original_native,0,20,10,S1,sub-02,60,-2.5038236354243932,-10.629515336839782
variant_native,original_native,0,20,10,S1,sub-03,60,-0.21106299946731896,-18.512551675069837
variant_native,original_native,0,20,10,S1,sub-04,60,-2.3189423792881962,38.65514765505704
variant_native,original_native,0,20,10,S1,sub-05,60,-2.181744858753165,-22.655615650662817
variant_native,original_native,0,20,10,S1,sub-06,60,0.11642531700326988,73.37442724216511
variant_native,original_native,0,20,10,S1,sub-07,60,-0.6765725044825636,-66.98240840710424
variant_native,original_native,0,20,10,S1,sub-08,60,-0.520189150600722,82.21214433039502
variant_native,original_native,0,20,10,S1,sub-09,60,-3.367823753061484,-69.3574881918712
variant_native,original_native,0,20,10,S1,sub-10,60,-1.5373853615863606,37.71416487987806
variant_native,original_native,0,20,10,S1,sub-11,60,-2.1986840157335275,-37.884892223578646
variant_native,original_native,0,20,10,S1,sub-12,60,-1.105987076154712,108.02539204680846
variant_native,original_native,0,20,10,S1,sub-13,60,1.0592956245484406,-67.49907754247343
variant_native,original_native,0,20,10,S2,sub-01,60,0.5422661581313774,-77.89019512260205
variant_native,original_native,0,20,10,S2,sub-02,60,-2.3773628210174835,-9.489592972984504
variant_native,original_native,0,20,10,S2,sub-03,60,-0.4979399204089369,-54.55603764536788
variant_native,original_native,0,20,10,S2,sub-04,60,-3.108252810654105,-155.35389378794207
variant_native,original_native,0,20,10,S2,sub-05,60,-1.1742956154217323,25.24955110679956
variant_native,original_native,0,20,10,S2,sub-06,60,-0.051042821995842626,-0.9527490450769771
variant_native,original_native,0,20,10,S2,sub-07,60,-0.3957488061337146,-29.10769692938203
variant_native,original_native,0,20,10,S2,sub-08,60,0.3348077515219346,172.07511677021668
variant_native,original_native,0,20,10,S2,sub-09,60,-1.67548303123025,-7.508251974601702
variant_native,original_native,0,20,10,S2,sub-10,60,-1.486996499711642,41.50428595009431
variant_native,original_native,0,20,10,S2,sub-11,60,-2.4581541056404106,-19.266575476345494
variant_native,original_native,0,20,10,S2,sub-12,60,-1.68089795261503,-17.984230260450044
variant_native,original_native,0,20,10,S2,sub-13,60,1.6597880163935477,3.566790207526958
variant_native,common_endpoint,0,20,2,L1,sub-01,60,1.194331517375598,-1748.7123784089495
variant_native,common_endpoint,0,20,2,L1,sub-02,60,0.9266053886044932,2586.258423854104
variant_native,common_endpoint,0,20,2,L1,sub-03,60,2.18276016961253,4052.926774466613
variant_native,common_endpoint,0,20,2,L1,sub-04,60,0.7157733943427418,3176.426002649579
variant_native,common_endpoint,0,20,2,L1,sub-05,60,-0.23682090082597798,7722.431377578677
variant_native,common_endpoint,0,20,2,L1,sub-06,60,1.079266280770948,4283.284581285388
variant_native,common_endpoint,0,20,2,L1,sub-07,60,0.5555107020179663,2384.3099774490943
variant_native,common_endpoint,0,20,2,L1,sub-08,60,0.6755198008838372,5536.437325618108
variant_native,common_endpoint,0,20,2,L1,sub-09,60,0.603309383318426,2081.9164014843655
variant_native,common_endpoint,0,20,2,L1,sub-10,60,0.519765951766527,4699.7119082609615
variant_native,common_endpoint,0,20,2,L1,sub-11,60,1.1400817570845068,32103.372520956247
variant_native,common_endpoint,0,20,2,L1,sub-12,60,0.22122390126330238,2964.934568122892
variant_native,common_endpoint,0,20,2,L1,sub-13,60,-6.16578364343754,-9695.829765528282
variant_native,common_endpoint,0,20,2,L2,sub-01,60,-3.9674276730125437,-12359.695594502447
variant_native,common_endpoint,0,20,2,L2,sub-02,60,0.7956734312919652,2575.682287572587
variant_native,common_endpoint,0,20,2,L2,sub-03,60,-1.9867076137126296,487.3598038109093
variant_native,common_endpoint,0,20,2,L2,sub-04,60,-0.7113768170245748,1010.9847236094323
variant_native,common_endpoint,0,20,2,L2,sub-05,60,-0.15361400571733647,9287.834662443393
variant_native,common_endpoint,0,20,2,L2,sub-06,60,0.12652028394610731,1152.1221050693723
variant_native,common_endpoint,0,20,2,L2,sub-07,60,0.9894848454665912,3065.670461352714
variant_native,common_endpoint,0,20,2,L2,sub-08,60,-0.07440425906236335,5804.737040434718
variant_native,common_endpoint,0,20,2,L2,sub-09,60,0.5677928540695106,1578.6458808150826
variant_native,common_endpoint,0,20,2,L2,sub-10,60,0.7318420436351796,5117.1380426029245
variant_native,common_endpoint,0,20,2,L2,sub-11,60,-0.5221705727213112,23616.432030279135
variant_native,common_endpoint,0,20,2,L2,sub-12,60,0.3509441828039075,1684.6253873408336
variant_native,common_endpoint,0,20,2,L2,sub-13,60,0.9304813956864864,3099.4180504467327
variant_native,common_endpoint,0,20,2,L3,sub-01,60,-0.9077334219743627,-4642.533157558257
variant_native,common_endpoint,0,20,2,L3,sub-02,60,0.5706625745003361,2986.5474558125056
variant_native,common_endpoint,0,20,2,L3,sub-03,60,0.07210874872802463,1173.7592365186456
variant_native,common_endpoint,0,20,2,L3,sub-04,60,-0.5703220375600283,962.1411274832317
variant_native,common_endpoint,0,20,2,L3,sub-05,60,-0.22344527189738855,2790.772881217074
variant_native,common_endpoint,0,20,2,L3,sub-06,60,-4.251760558843283,-7559.003832707275
variant_native,common_endpoint,0,20,2,L3,sub-07,60,-0.5595877442359399,1723.5717041214607
variant_native,common_endpoint,0,20,2,L3,sub-08,60,-0.297211302523447,673.0235530456079
variant_native,common_endpoint,0,20,2,L3,sub-09,60,0.3185182175760139,986.4036490744113
variant_native,common_endpoint,0,20,2,L3,sub-10,60,-0.1455004569552192,1761.290099997201
variant_native,common_endpoint,0,20,2,L3,sub-11,60,-0.5124618860951797,11611.25599546753
variant_native,common_endpoint,0,20,2,L3,sub-12,60,0.08973950460320042,1143.7682338452273
variant_native,common_endpoint,0,20,2,L3,sub-13,60,1.224136507964014,1318.821940650086
variant_native,common_endpoint,0,20,2,L4,sub-01,60,0.15280322038936467,-4559.766390771587
variant_native,common_endpoint,0,20,2,L4,sub-02,60,1.2139479092529828,2852.2339234804394
variant_native,common_endpoint,0,20,2,L4,sub-03,60,-0.8597407781915183,330.5488132958127
variant_native,common_endpoint,0,20,2,L4,sub-04,60,0.574521200089623,2016.751039319889
variant_native,common_endpoint,0,20,2,L4,sub-05,60,-0.48091116512751114,11909.296394603121
variant_native,common_endpoint,0,20,2,L4,sub-06,60,-0.017551651480943783,868.9765774109256
variant_native,common_endpoint,0,20,2,L4,sub-07,60,-0.2064699297050345,464.1362906193843
variant_native,common_endpoint,0,20,2,L4,sub-08,60,-0.2664010320577134,2832.380910468048
variant_native,common_endpoint,0,20,2,L4,sub-09,60,0.7627788501032619,1573.1179174566516
variant_native,common_endpoint,0,20,2,L4,sub-10,60,-0.5348895223586762,3194.641388264213
variant_native,common_endpoint,0,20,2,L4,sub-11,60,-0.8778986237348677,13556.348929006379
variant_native,common_endpoint,0,20,2,L4,sub-12,60,0.7659511598983234,1825.5756570343835
variant_native,common_endpoint,0,20,2,L4,sub-13,60,0.6131345440257954,189.62100468168939
variant_native,common_endpoint,0,20,2,L5,sub-01,60,-0.6726434781529635,-8682.561119934728
variant_native,common_endpoint,0,20,2,L5,sub-02,60,-1.045551793477447,126.9682546607899
variant_native,common_endpoint,0,20,2,L5,sub-03,60,0.2062090085196611,840.4401178184094
variant_native,common_endpoint,0,20,2,L5,sub-04,60,0.15946507057558273,1732.87150215578
variant_native,common_endpoint,0,20,2,L5,sub-05,60,0.37143030901050655,3443.2753740444487
variant_native,common_endpoint,0,20,2,L5,sub-06,60,0.6134579116940265,1272.7462661379163
variant_native,common_endpoint,0,20,2,L5,sub-07,60,-2.2115453959516733,2175.1250930941665
variant_native,common_endpoint,0,20,2,L5,sub-08,60,0.0643175351739995,1501.7961553725906
variant_native,common_endpoint,0,20,2,L5,sub-09,60,0.15744478425356004,937.3697267653137
variant_native,common_endpoint,0,20,2,L5,sub-10,60,-0.6137291098343083,1509.1434761639425
variant_native,common_endpoint,0,20,2,L5,sub-11,60,-0.13644127776426995,2724.169579549077
variant_native,common_endpoint,0,20,2,L5,sub-12,60,-0.15757008078156912,696.3547594474284
variant_native,common_endpoint,0,20,2,L5,sub-13,60,0.9435642157428721,531.1591259486873
variant_native,common_endpoint,0,20,2,S1,sub-01,60,2.82663667968868,11776.04306854918
variant_native,common_endpoint,0,20,2,S1,sub-02,60,-2.5649472599503556,5921.539791641346
variant_native,common_endpoint,0,20,2,S1,sub-03,60,0.14888367953717196,1298.5312036262005
variant_native,common_endpoint,0,20,2,S1,sub-04,60,-0.03080407561885288,3046.7346828627105
variant_native,common_endpoint,0,20,2,S1,sub-05,60,0.1880810236801807,4351.821883317281
variant_native,common_endpoint,0,20,2,S1,sub-06,60,0.7605904415870072,3902.82129983191
variant_native,common_endpoint,0,20,2,S1,sub-07,60,0.5526613259365499,1214.502984441174
variant_native,common_endpoint,0,20,2,S1,sub-08,60,-3.5132251934045184,-3798.085440557794
variant_native,common_endpoint,0,20,2,S1,sub-09,60,-1.6080911061552632,586.422931490489
variant_native,common_endpoint,0,20,2,S1,sub-10,60,-0.5791056326941497,9701.277408369582
variant_native,common_endpoint,0,20,2,S1,sub-11,60,-0.7892999554288392,9653.664009991837
variant_native,common_endpoint,0,20,2,S1,sub-12,60,-1.0913062703318843,23615.310620966608
variant_native,common_endpoint,0,20,2,S1,sub-13,60,1.480052501762743,-2358.780275901664
variant_native,common_endpoint,0,20,2,S2,sub-01,60,1.3740331556862269,11225.677036434488
variant_native,common_endpoint,0,20,2,S2,sub-02,60,0.10360974977802481,3326.1572181323663
variant_native,common_endpoint,0,20,2,S2,sub-03,60,0.2364867855067572,1034.0607762166624
variant_native,common_endpoint,0,20,2,S2,sub-04,60,-0.13725673480449221,1467.1654584304376
variant_native,common_endpoint,0,20,2,S2,sub-05,60,0.5352800108775286,5083.197113936505
variant_native,common_endpoint,0,20,2,S2,sub-06,60,1.6894772923261394,3001.976564782423
variant_native,common_endpoint,0,20,2,S2,sub-07,60,0.8799461964715398,3084.7531895979364
variant_native,common_endpoint,0,20,2,S2,sub-08,60,3.411404450990204,14425.616002816305
variant_native,common_endpoint,0,20,2,S2,sub-09,60,-0.8017529831655097,2344.3669321751822
variant_native,common_endpoint,0,20,2,S2,sub-10,60,0.6216167264406481,12406.993464020188
variant_native,common_endpoint,0,20,2,S2,sub-11,60,1.698190558659962,7370.632253654769
variant_native,common_endpoint,0,20,2,S2,sub-12,60,-0.17898239745527983,3476.4434535916157
variant_native,common_endpoint,0,20,2,S2,sub-13,60,0.9744144782556301,644.0056735007818
variant_native,common_endpoint,0,20,5,L1,sub-01,60,2.7948787332204734,-1632.0445537272738
variant_native,common_endpoint,0,20,5,L1,sub-02,60,0.6083760008611032,519.2757867872692
variant_native,common_endpoint,0,20,5,L1,sub-03,60,3.7999919158594295,1046.1327985077935
variant_native,common_endpoint,0,20,5,L1,sub-04,60,0.7680109179064388,701.1819135486378
variant_native,common_endpoint,0,20,5,L1,sub-05,60,0.4255885404019753,958.2704043928203
variant_native,common_endpoint,0,20,5,L1,sub-06,60,1.817774190177704,854.6226021324358
variant_native,common_endpoint,0,20,5,L1,sub-07,60,2.493240726913423,900.5416524848981
variant_native,common_endpoint,0,20,5,L1,sub-08,60,0.9858049999173233,488.10122997227734
variant_native,common_endpoint,0,20,5,L1,sub-09,60,-0.5399197555735243,345.000595695905
variant_native,common_endpoint,0,20,5,L1,sub-10,60,0.9745508201269663,782.8124478773038
variant_native,common_endpoint,0,20,5,L1,sub-11,60,1.6411915857791526,5791.286760965424
variant_native,common_endpoint,0,20,5,L1,sub-12,60,0.5080325404278094,533.9515062189564
variant_native,common_endpoint,0,20,5,L1,sub-13,60,-10.4989443968882,-4980.229249179106
variant_native,common_endpoint,0,20,5,L2,sub-01,60,-5.884752140978444,-9572.874307388256
variant_native,common_endpoint,0,20,5,L2,sub-02,60,2.018863574624887,865.9543548005611
variant_native,common_endpoint,0,20,5,L2,sub-03,60,-0.6693541407295602,139.26207503234608
variant_native,common_endpoint,0,20,5,L2,sub-04,60,-1.0319944827503669,109.97860068216367
variant_native,common_endpoint,0,20,5,L2,sub-05,60,1.20318903735223,1498.5627678087665
variant_native,common_endpoint,0,20,5,L2,sub-06,60,-0.5105391400607874,58.326658151898314
variant_native,common_endpoint,0,20,5,L2,sub-07,60,0.1364986735209957,212.36851105683525
variant_native,common_endpoint,0,20,5,L2,sub-08,60,1.8601611731716907,979.9917482097329
variant_native,common_endpoint,0,20,5,L2,sub-09,60,-0.3373556165226751,369.9562496994456
variant_native,common_endpoint,0,20,5,L2,sub-10,60,0.9801237916550946,768.7777426189309
variant_native,common_endpoint,0,20,5,L2,sub-11,60,0.8325874024422902,5637.489341806913
variant_native,common_endpoint,0,20,5,L2,sub-12,60,0.9163820607656782,613.8810626860832
variant_native,common_endpoint,0,20,5,L2,sub-13,60,4.229395680599713,661.1626283143489
variant_native,common_endpoint,0,20,5,L3,sub-01,60,-5.242922239208557,-8778.906505890374
variant_native,common_endpoint,0,20,5,L3,sub-02,60,1.5558686398270722,858.655313285393
variant_native,common_endpoint,0,20,5,L3,sub-03,60,-1.156548927139098,-167.874066369428
variant_native,common_endpoint,0,20,5,L3,sub-04,60,-0.9490868338623333,159.35289005527224
variant_native,common_endpoint,0,20,5,L3,sub-05,60,1.1680441455883661,889.9559136939536
variant_native,common_endpoint,0,20,5,L3,sub-06,60,-4.264716151441681,-2443.286176314323
variant_native,common_endpoint,0,20,5,L3,sub-07,60,-0.40165244887158547,96.93878626056303
variant_native,common_endpoint,0,20,5,L3,sub-08,60,-0.7417598768993994,-188.88043264191973
variant_native,common_endpoint,0,20,5,L3,sub-09,60,1.6048981609019253,992.1971150347298
variant_native,common_endpoint,0,20,5,L3,sub-10,60,1.4583953336859603,846.5898276989335
variant_native,common_endpoint,0,20,5,L3,sub-11,60,1.432111239010866,3315.5349530620547
variant_native,common_endpoint,0,20,5,L3,sub-12,60,1.140618838207831,599.6853619044567
variant_native,common_endpoint,0,20,5,L3,sub-13,60,0.8034622843984406,-125.75377059389396
variant_native,common_endpoint,0,20,5,L4,sub-01,60,1.9470389090263764,-2814.038820504682
variant_native,common_endpoint,0,20,5,L4,sub-02,60,0.23798884778784726,409.0610188822731
variant_native,common_endpoint,0,20,5,L4,sub-03,60,-0.8165966747698773,-83.4513836195999
variant_native,common_endpoint,0,20,5,L4,sub-04,60,-0.0784164503623949,446.417495700497
variant_native,common_endpoint,0,20,5,L4,sub-05,60,-1.1021320026490364,419.29535440142274
variant_native,common_endpoint,0,20,5,L4,sub-06,60,0.1911384043173995,182.76479176214295
variant_native,common_endpoint,0,20,5,L4,sub-07,60,-0.06411953636121824,85.13282715033037
variant_native,common_endpoint,0,20,5,L4,sub-08,60,-0.32637729899063417,58.55100673172056
variant_native,common_endpoint,0,20,5,L4,sub-09,60,2.477054954649911,1261.328878932451
variant_native,common_endpoint,0,20,5,L4,sub-10,60,-0.8109325355660941,329.33463242076664
variant_native,common_endpoint,0,20,5,L4,sub-11,60,-1.039877582537851,3919.7799450777447
variant_native,common_endpoint,0,20,5,L4,sub-12,60,-0.06886652515477583,350.4623076088778
variant_native,common_endpoint,0,20,5,L4,sub-13,60,0.983292965909664,-48.71390209142074
variant_native,common_endpoint,0,20,5,L5,sub-01,60,2.4514849512868273,-1926.111924797624
variant_native,common_endpoint,0,20,5,L5,sub-02,60,-1.7258477164639372,-94.26062518971297
variant_native,common_endpoint,0,20,5,L5,sub-03,60,-0.6737405438995853,-38.20121476927117
variant_native,common_endpoint,0,20,5,L5,sub-04,60,0.6568614444310885,684.1628393050961
variant_native,common_endpoint,0,20,5,L5,sub-05,60,0.16406789015093975,270.79157810352984
variant_native,common_endpoint,0,20,5,L5,sub-06,60,1.4903800013058752,567.9268931698933
variant_native,common_endpoint,0,20,5,L5,sub-07,60,-2.381891937456863,-628.2188633371402
variant_native,common_endpoint,0,20,5,L5,sub-08,60,-0.3327257282187747,-47.86448900376111
variant_native,common_endpoint,0,20,5,L5,sub-09,60,-0.5920026304630297,288.61969225975895
variant_native,common_endpoint,0,20,5,L5,sub-10,60,-1.1773218375932697,134.7265305494668
variant_native,common_endpoint,0,20,5,L5,sub-11,60,-1.3363631771779394,78.07231667330213
variant_native,common_endpoint,0,20,5,L5,sub-12,60,-1.662856159515397,-205.98123863543643
variant_native,common_endpoint,0,20,5,L5,sub-13,60,0.9875402001410655,-39.84468988326355
variant_native,common_endpoint,0,20,5,S1,sub-01,60,3.145999995661739,404.2003366971267
variant_native,common_endpoint,0,20,5,S1,sub-02,60,-1.1370429461891225,345.81123272549723
variant_native,common_endpoint,0,20,5,S1,sub-03,60,-0.2907476556640382,59.605116876861125
variant_native,common_endpoint,0,20,5,S1,sub-04,60,1.1741669103081054,862.7740835963697
variant_native,common_endpoint,0,20,5,S1,sub-05,60,-1.7777805996137783,88.21033853340144
variant_native,common_endpoint,0,20,5,S1,sub-06,60,0.7266033602518593,504.87695046362194
variant_native,common_endpoint,0,20,5,S1,sub-07,60,0.45065864650083604,188.69528881036373
variant_native,common_endpoint,0,20,5,S1,sub-08,60,-3.504702064394348,-1757.8997799006058
variant_native,common_endpoint,0,20,5,S1,sub-09,60,-1.1218402671895165,659.4284250194643
variant_native,common_endpoint,0,20,5,S1,sub-10,60,-0.9911157357999205,917.6809682983284
variant_native,common_endpoint,0,20,5,S1,sub-11,60,-0.8023308639926562,1438.3599698358885
variant_native,common_endpoint,0,20,5,S1,sub-12,60,-0.8387715188783004,2239.0065520089515
variant_native,common_endpoint,0,20,5,S1,sub-13,60,2.3706393568223993,150.99088606425292
variant_native,common_endpoint,0,20,5,S2,sub-01,60,0.788271790991584,248.73228944245153
variant_native,common_endpoint,0,20,5,S2,sub-02,60,-1.5582064004478497,63.26273155561758
variant_native,common_endpoint,0,20,5,S2,sub-03,60,-0.1930039736572706,82.93096903325792
variant_native,common_endpoint,0,20,5,S2,sub-04,60,-0.5395415056705339,224.27731919388458
variant_native,common_endpoint,0,20,5,S2,sub-05,60,-0.08097701123069768,539.7208915573035
variant_native,common_endpoint,0,20,5,S2,sub-06,60,0.5493593354496332,188.96599170916534
variant_native,common_endpoint,0,20,5,S2,sub-07,60,-0.23273412424558906,94.02193043162077
variant_native,common_endpoint,0,20,5,S2,sub-08,60,2.0595987954141397,1077.6923985930791
variant_native,common_endpoint,0,20,5,S2,sub-09,60,-1.4908348458030927,261.2027044789416
variant_native,common_endpoint,0,20,5,S2,sub-10,60,-0.4336998365087384,1051.7522209225856
variant_native,common_endpoint,0,20,5,S2,sub-11,60,-0.7273186035238619,203.99544602434023
variant_native,common_endpoint,0,20,5,S2,sub-12,60,0.0054607641471537734,348.5463137803739
variant_native,common_endpoint,0,20,5,S2,sub-13,60,1.1246139090169243,19.391967990199294
variant_native,common_endpoint,0,20,10,L1,sub-01,60,2.4314508117817963,-561.2106150345803
variant_native,common_endpoint,0,20,10,L1,sub-02,60,3.1439011029280506,746.4846420154554
variant_native,common_endpoint,0,20,10,L1,sub-03,60,5.613849991076926,665.133400273047
variant_native,common_endpoint,0,20,10,L1,sub-04,60,2.105235386092598,715.9812930065735
variant_native,common_endpoint,0,20,10,L1,sub-05,60,3.7675202419990637,754.9689787112097
variant_native,common_endpoint,0,20,10,L1,sub-06,60,3.6574330456231987,677.7622688885978
variant_native,common_endpoint,0,20,10,L1,sub-07,60,5.086979840306487,732.5735300389839
variant_native,common_endpoint,0,20,10,L1,sub-08,60,4.542268319448466,670.437927056295
variant_native,common_endpoint,0,20,10,L1,sub-09,60,1.3670509269195696,534.0046828019879
variant_native,common_endpoint,0,20,10,L1,sub-10,60,3.5201077696693863,763.594334538233
variant_native,common_endpoint,0,20,10,L1,sub-11,60,5.466573026004296,2521.3906720468963
variant_native,common_endpoint,0,20,10,L1,sub-12,60,2.5447862686602525,633.4690746794756
variant_native,common_endpoint,0,20,10,L1,sub-13,60,-5.951843382629996,-2158.0168864597886
variant_native,common_endpoint,0,20,10,L2,sub-01,60,-5.636410076825413,-4576.0485979243185
variant_native,common_endpoint,0,20,10,L2,sub-02,60,3.8167371391406144,821.8003889030402
variant_native,common_endpoint,0,20,10,L2,sub-03,60,-1.678799578026109,-183.27457113133042
variant_native,common_endpoint,0,20,10,L2,sub-04,60,1.8631681283332475,693.2801773533223
variant_native,common_endpoint,0,20,10,L2,sub-05,60,3.646486889382176,857.2477964932318
variant_native,common_endpoint,0,20,10,L2,sub-06,60,0.07251966095537994,45.15580365980058
variant_native,common_endpoint,0,20,10,L2,sub-07,60,-0.20007793707297594,-9.312331906133219
variant_native,common_endpoint,0,20,10,L2,sub-08,60,-0.3856706636880867,46.10805475094677
variant_native,common_endpoint,0,20,10,L2,sub-09,60,0.10633861172089934,365.8262214179157
variant_native,common_endpoint,0,20,10,L2,sub-10,60,3.162032166923011,716.932938478116
variant_native,common_endpoint,0,20,10,L2,sub-11,60,2.674233378907519,1371.293599358873
variant_native,common_endpoint,0,20,10,L2,sub-12,60,2.7718455478706203,640.1664802242897
variant_native,common_endpoint,0,20,10,L2,sub-13,60,0.5285390005885648,-103.22737384690646
variant_native,common_endpoint,0,20,10,L3,sub-01,60,-5.502427278338574,-4667.522439933675
variant_native,common_endpoint,0,20,10,L3,sub-02,60,3.516209630836622,764.2521165280222
variant_native,common_endpoint,0,20,10,L3,sub-03,60,-1.193057185307,-127.36669806115265
variant_native,common_endpoint,0,20,10,L3,sub-04,60,1.2590211637281012,642.088773499513
variant_native,common_endpoint,0,20,10,L3,sub-05,60,-0.49844265265015625,37.885795908768465
variant_native,common_endpoint,0,20,10,L3,sub-06,60,-2.6163580700480926,-600.1920525443803
variant_native,common_endpoint,0,20,10,L3,sub-07,60,-1.0272611263196822,-112.03863763704206
variant_native,common_endpoint,0,20,10,L3,sub-08,60,-1.5048878958333205,-118.12757253313411
variant_native,common_endpoint,0,20,10,L3,sub-09,60,2.4536324006059234,688.2344467346986
variant_native,common_endpoint,0,20,10,L3,sub-10,60,-0.04046572882494338,200.34145211625795
variant_native,common_endpoint,0,20,10,L3,sub-11,60,0.852666643375185,832.612503739148
variant_native,common_endpoint,0,20,10,L3,sub-12,60,0.41462982644605717,330.7701058411496
variant_native,common_endpoint,0,20,10,L3,sub-13,60,0.7601874706964554,-101.4148760786074
variant_native,common_endpoint,0,20,10,L4,sub-01,60,2.1454400704682666,-1266.1646028109246
variant_native,common_endpoint,0,20,10,L4,sub-02,60,-2.801945191455909,-90.33396173733058
variant_native,common_endpoint,0,20,10,L4,sub-03,60,-1.095506701096313,-123.5915842082299
variant_native,common_endpoint,0,20,10,L4,sub-04,60,0.4731003284721298,473.8680317560803
variant_native,common_endpoint,0,20,10,L4,sub-05,60,-1.5137271247938398,-67.79385801651868
variant_native,common_endpoint,0,20,10,L4,sub-06,60,-0.5211061718612916,-47.570404850382225
variant_native,common_endpoint,0,20,10,L4,sub-07,60,-1.3184507987305116,-154.64215246740287
variant_native,common_endpoint,0,20,10,L4,sub-08,60,-1.2295639883063616,-74.48579622006284
variant_native,common_endpoint,0,20,10,L4,sub-09,60,2.7303241332503023,789.494264576968
variant_native,common_endpoint,0,20,10,L4,sub-10,60,-1.789959839267706,-73.17505359943786
variant_native,common_endpoint,0,20,10,L4,sub-11,60,-1.7577589770544448,342.10139861970157
variant_native,common_endpoint,0,20,10,L4,sub-12,60,-1.10435056001607,51.500309920430816
variant_native,common_endpoint,0,20,10,L4,sub-13,60,0.8853946304565354,-91.55770845822157
variant_native,common_endpoint,0,20,10,L5,sub-01,60,2.3612450813825547,-1198.6339978936137
variant_native,common_endpoint,0,20,10,L5,sub-02,60,-2.7937162250075023,-97.92370127847595
variant_native,common_endpoint,0,20,10,L5,sub-03,60,-0.9374836067712493,-100.33172442431946
variant_native,common_endpoint,0,20,10,L5,sub-04,60,-0.2733298166837756,386.7645742564771
variant_native,common_endpoint,0,20,10,L5,sub-05,60,-2.045796879762344,-144.16285842893706
variant_native,common_endpoint,0,20,10,L5,sub-06,60,-0.6578709596766201,-55.417063069728755
variant_native,common_endpoint,0,20,10,L5,sub-07,60,-1.4688686675670406,-256.351363683969
variant_native,common_endpoint,0,20,10,L5,sub-08,60,-1.2367643725419082,-70.91089346112486
variant_native,common_endpoint,0,20,10,L5,sub-09,60,-1.614039288204961,9.050134783455693
variant_native,common_endpoint,0,20,10,L5,sub-10,60,-1.8273325072017483,-52.83014220432632
variant_native,common_endpoint,0,20,10,L5,sub-11,60,-2.5788759498586185,-50.74963181734186
variant_native,common_endpoint,0,20,10,L5,sub-12,60,-1.84002605419112,-66.49573858909321
variant_native,common_endpoint,0,20,10,L5,sub-13,60,1.0586386399464567,-88.71566150290568
variant_native,common_endpoint,0,20,10,S1,sub-01,60,3.658435233399989,-315.71888852809934
variant_native,common_endpoint,0,20,10,S1,sub-02,60,-2.5038236354243932,-10.629515336839782
variant_native,common_endpoint,0,20,10,S1,sub-03,60,-0.21106299946731896,-18.512551675069837
variant_native,common_endpoint,0,20,10,S1,sub-04,60,-2.3189423792881962,38.65514765505704
variant_native,common_endpoint,0,20,10,S1,sub-05,60,-2.181744858753165,-22.655615650662817
variant_native,common_endpoint,0,20,10,S1,sub-06,60,0.11642531700326988,73.37442724216511
variant_native,common_endpoint,0,20,10,S1,sub-07,60,-0.6765725044825636,-66.98240840710424
variant_native,common_endpoint,0,20,10,S1,sub-08,60,-0.520189150600722,82.21214433039502
variant_native,common_endpoint,0,20,10,S1,sub-09,60,-3.367823753061484,-69.3574881918712
variant_native,common_endpoint,0,20,10,S1,sub-10,60,-1.5373853615863606,37.71416487987806
variant_native,common_endpoint,0,20,10,S1,sub-11,60,-2.1986840157335275,-37.884892223578646
variant_native,common_endpoint,0,20,10,S1,sub-12,60,-1.105987076154712,108.02539204680846
variant_native,common_endpoint,0,20,10,S1,sub-13,60,1.0592956245484406,-67.49907754247343
variant_native,common_endpoint,0,20,10,S2,sub-01,60,0.5422661581313774,-77.89019512260205
variant_native,common_endpoint,0,20,10,S2,sub-02,60,-2.3773628210174835,-9.489592972984504
variant_native,common_endpoint,0,20,10,S2,sub-03,60,-0.4979399204089369,-54.55603764536788
variant_native,common_endpoint,0,20,10,S2,sub-04,60,-3.108252810654105,-155.35389378794207
variant_native,common_endpoint,0,20,10,S2,sub-05,60,-1.1742956154217323,25.24955110679956
variant_native,common_endpoint,0,20,10,S2,sub-06,60,-0.051042821995842626,-0.9527490450769771
variant_native,common_endpoint,0,20,10,S2,sub-07,60,-0.3957488061337146,-29.10769692938203
variant_native,common_endpoint,0,20,10,S2,sub-08,60,0.3348077515219346,172.07511677021668
variant_native,common_endpoint,0,20,10,S2,sub-09,60,-1.67548303123025,-7.508251974601702
variant_native,common_endpoint,0,20,10,S2,sub-10,60,-1.486996499711642,41.50428595009431
variant_native,common_endpoint,0,20,10,S2,sub-11,60,-2.4581541056404106,-19.266575476345494
variant_native,common_endpoint,0,20,10,S2,sub-12,60,-1.68089795261503,-17.984230260450044
variant_native,common_endpoint,0,20,10,S2,sub-13,60,1.6597880163935477,3.566790207526958
variant_native,common_endpoint_central,0,20,2,L1,sub-01,60,2.3630504133836108,1846.5858184626306
variant_native,common_endpoint_central,0,20,2,L1,sub-02,60,0.8718519741177428,2567.9260124821303
variant_native,common_endpoint_central,0,20,2,L1,sub-03,60,3.3066849912633303,4097.528348869016
variant_native,common_endpoint_central,0,20,2,L1,sub-04,60,1.1372498572649112,2492.884577682834
variant_native,common_endpoint_central,0,20,2,L1,sub-05,60,-0.5938239250121051,6818.781309524962
variant_native,common_endpoint_central,0,20,2,L1,sub-06,60,-0.5467882066155608,784.8158640082603
variant_native,common_endpoint_central,0,20,2,L1,sub-07,60,0.6171441358223412,2418.914868327551
variant_native,common_endpoint_central,0,20,2,L1,sub-08,60,-0.4475575671174877,3386.391642606699
variant_native,common_endpoint_central,0,20,2,L1,sub-09,60,0.8646336340025477,2033.9947690233507
variant_native,common_endpoint_central,0,20,2,L1,sub-10,60,0.727572257328965,4536.888602770775
variant_native,common_endpoint_central,0,20,2,L1,sub-11,60,0.071836856686848,32213.147183566132
variant_native,common_endpoint_central,0,20,2,L1,sub-12,60,0.850633004993943,3001.778925886398
variant_native,common_endpoint_central,0,20,2,L1,sub-13,60,-9.183871016469418,-10046.562930904242
variant_native,common_endpoint_central,0,20,2,L2,sub-01,60,-4.259899255974968,-13052.186009878567
variant_native,common_endpoint_central,0,20,2,L2,sub-02,60,1.098003447063011,2732.330901762072
variant_native,common_endpoint_central,0,20,2,L2,sub-03,60,-2.378462216085197,214.16082464101007
variant_native,common_endpoint_central,0,20,2,L2,sub-04,60,-0.5180652231120679,446.0598875868008
variant_native,common_endpoint_central,0,20,2,L2,sub-05,60,0.20446119676259253,9243.220983482472
variant_native,common_endpoint_central,0,20,2,L2,sub-06,60,-0.8174082053324526,521.1587232374804
variant_native,common_endpoint_central,0,20,2,L2,sub-07,60,-0.5190287177536951,1769.638237119304
variant_native,common_endpoint_central,0,20,2,L2,sub-08,60,-0.6748463719716942,4464.021939520832
variant_native,common_endpoint_central,0,20,2,L2,sub-09,60,0.6978531137639254,1434.1812955417906
variant_native,common_endpoint_central,0,20,2,L2,sub-10,60,1.0594236238321044,5154.8492757527565
variant_native,common_endpoint_central,0,20,2,L2,sub-11,60,0.09954678105452287,24674.180277520623
variant_native,common_endpoint_central,0,20,2,L2,sub-12,60,0.4170022669433538,1689.3302407075846
variant_native,common_endpoint_central,0,20,2,L2,sub-13,60,2.953809048023419,1903.4468680030166
variant_native,common_endpoint_central,0,20,2,L3,sub-01,60,-3.6628523471148053,-13170.782889627302
variant_native,common_endpoint_central,0,20,2,L3,sub-02,60,0.23787455666373622,2601.7220132802563
variant_native,common_endpoint_central,0,20,2,L3,sub-03,60,-0.0909145893585626,835.7362721454524
variant_native,common_endpoint_central,0,20,2,L3,sub-04,60,-0.1632457090430463,561.8761118752399
variant_native,common_endpoint_central,0,20,2,L3,sub-05,60,0.35609368908572164,3441.313563573837
variant_native,common_endpoint_central,0,20,2,L3,sub-06,60,0.18687734533048114,1122.0580252616312
variant_native,common_endpoint_central,0,20,2,L3,sub-07,60,-0.7469365291168903,1197.9078988356935
variant_native,common_endpoint_central,0,20,2,L3,sub-08,60,-0.544529227810179,734.704847213084
variant_native,common_endpoint_central,0,20,2,L3,sub-09,60,0.5100097407578814,986.4036490744113
variant_native,common_endpoint_central,0,20,2,L3,sub-10,60,-0.8180362907256993,783.3089712892021
variant_native,common_endpoint_central,0,20,2,L3,sub-11,60,-0.5457936212555989,12039.706773216189
variant_native,common_endpoint_central,0,20,2,L3,sub-12,60,-0.18667976993513855,921.9581907226252
variant_native,common_endpoint_central,0,20,2,L3,sub-13,60,1.6078502947064817,247.59292544837734
variant_native,common_endpoint_central,0,20,2,L4,sub-01,60,1.034504360545059,-6669.771716882902
variant_native,common_endpoint_central,0,20,2,L4,sub-02,60,-1.635575408349736,361.4177781021817
variant_native,common_endpoint_central,0,20,2,L4,sub-03,60,0.06899928162997887,477.5504392007732
variant_native,common_endpoint_central,0,20,2,L4,sub-04,60,-0.7932100713174013,-69.60341912712573
variant_native,common_endpoint_central,0,20,2,L4,sub-05,60,-0.9344175039800073,3496.1285509949253
variant_native,common_endpoint_central,0,20,2,L4,sub-06,60,-0.2060221708881824,1093.6117351704947
variant_native,common_endpoint_central,0,20,2,L4,sub-07,60,-0.12159868377995149,641.2204440720859
variant_native,common_endpoint_central,0,20,2,L4,sub-08,60,-0.5244349244762154,2875.7740383022124
variant_native,common_endpoint_central,0,20,2,L4,sub-09,60,0.9577496769283333,1573.340055546145
variant_native,common_endpoint_central,0,20,2,L4,sub-10,60,-0.7623004200564097,2280.90453890517
variant_native,common_endpoint_central,0,20,2,L4,sub-11,60,-0.6869584919025769,1809.197023770911
variant_native,common_endpoint_central,0,20,2,L4,sub-12,60,-0.8353278745409578,409.7570910969582
variant_native,common_endpoint_central,0,20,2,L4,sub-13,60,1.4756895482055505,295.7863596101285
variant_native,common_endpoint_central,0,20,2,L5,sub-01,60,0.8447199087882656,-6623.532023444593
variant_native,common_endpoint_central,0,20,2,L5,sub-02,60,-0.04825379175202296,963.2597339738778
variant_native,common_endpoint_central,0,20,2,L5,sub-03,60,-0.42099317906186134,322.68712588625397
variant_native,common_endpoint_central,0,20,2,L5,sub-04,60,-0.31025932031743475,331.1673679480927
variant_native,common_endpoint_central,0,20,2,L5,sub-05,60,0.493290121026175,3298.7869105098807
variant_native,common_endpoint_central,0,20,2,L5,sub-06,60,1.4227415426925092,1961.5890101394396
variant_native,common_endpoint_central,0,20,2,L5,sub-07,60,0.4235715065000612,7808.320650066012
variant_native,common_endpoint_central,0,20,2,L5,sub-08,60,-0.2558134840350958,1589.3678858445917
variant_native,common_endpoint_central,0,20,2,L5,sub-09,60,-0.19913163469756387,269.49372162450663
variant_native,common_endpoint_central,0,20,2,L5,sub-10,60,-0.5515369409503464,1441.281264835412
variant_native,common_endpoint_central,0,20,2,L5,sub-11,60,0.07064372366509312,1615.2313284236884
variant_native,common_endpoint_central,0,20,2,L5,sub-12,60,-0.17542712835484803,814.322139469233
variant_native,common_endpoint_central,0,20,2,L5,sub-13,60,1.189618773345376,217.68285060899754
variant_native,common_endpoint_central,0,20,2,S1,sub-01,60,2.8536615769102767,1328.023677432672
variant_native,common_endpoint_central,0,20,2,S1,sub-02,60,-1.0091252704545441,1861.0256998397685
variant_native,common_endpoint_central,0,20,2,S1,sub-03,60,-0.20418744688365215,1044.5192854833367
variant_native,common_endpoint_central,0,20,2,S1,sub-04,60,-0.11571492700455767,1014.4469588167154
variant_native,common_endpoint_central,0,20,2,S1,sub-05,60,-0.03731817917095211,3150.39497927871
variant_native,common_endpoint_central,0,20,2,S1,sub-06,60,1.2264817896169222,2589.179557301993
variant_native,common_endpoint_central,0,20,2,S1,sub-07,60,-0.49052499729802695,614.9721076776461
variant_native,common_endpoint_central,0,20,2,S1,sub-08,60,-0.23162215160563127,3022.123092466414
variant_native,common_endpoint_central,0,20,2,S1,sub-09,60,-1.7790598868715441,-103.4791702028085
variant_native,common_endpoint_central,0,20,2,S1,sub-10,60,-0.3513893927467373,5205.641828076229
variant_native,common_endpoint_central,0,20,2,S1,sub-11,60,0.4006574965845863,2511.6432372390223
variant_native,common_endpoint_central,0,20,2,S1,sub-12,60,-0.029716893249828964,933.1994801502086
variant_native,common_endpoint_central,0,20,2,S1,sub-13,60,0.7683048803731956,11.398418649691166
variant_native,common_endpoint_central,0,20,2,S2,sub-01,60,0.8268153434625621,1784.3775933752904
variant_native,common_endpoint_central,0,20,2,S2,sub-02,60,0.4852244927118111,1799.1609738064342
variant_native,common_endpoint_central,0,20,2,S2,sub-03,60,-0.28112684150403666,539.4076181905766
variant_native,common_endpoint_central,0,20,2,S2,sub-04,60,0.7632453935295931,1097.7113728127215
variant_native,common_endpoint_central,0,20,2,S2,sub-05,60,0.5117146012885769,4850.785147767352
variant_native,common_endpoint_central,0,20,2,S2,sub-06,60,-1.2658820948037162,1523.4406494969257
variant_native,common_endpoint_central,0,20,2,S2,sub-07,60,0.8373732856261619,3038.9056761926786
variant_native,common_endpoint_central,0,20,2,S2,sub-08,60,2.678803727016304,14141.979404318628
variant_native,common_endpoint_central,0,20,2,S2,sub-09,60,-1.0520546438835803,1676.733195957631
variant_native,common_endpoint_central,0,20,2,S2,sub-10,60,0.696267163318124,10103.039034187048
variant_native,common_endpoint_central,0,20,2,S2,sub-11,60,0.590067255167126,1509.266540196003
variant_native,common_endpoint_central,0,20,2,S2,sub-12,60,-0.04048360585652492,1622.9128567683854
variant_native,common_endpoint_central,0,20,2,S2,sub-13,60,1.1885984718153955,493.8023591108732
variant_native,common_endpoint_central,0,20,5,L1,sub-01,60,3.206919246466142,-188.7332610457543
variant_native,common_endpoint_central,0,20,5,L1,sub-02,60,1.9757690072136402,641.4966384291129
variant_native,common_endpoint_central,0,20,5,L1,sub-03,60,4.410838537816647,1140.381550219888
variant_native,common_endpoint_central,0,20,5,L1,sub-04,60,2.442565170437724,687.849871616353
variant_native,common_endpoint_central,0,20,5,L1,sub-05,60,1.0440095442761286,952.8469514158659
variant_native,common_endpoint_central,0,20,5,L1,sub-06,60,-0.27628435060768847,119.75816996589347
variant_native,common_endpoint_central,0,20,5,L1,sub-07,60,2.8041008955289803,900.5416524848981
variant_native,common_endpoint_central,0,20,5,L1,sub-08,60,1.7126409053488871,584.5776804725031
variant_native,common_endpoint_central,0,20,5,L1,sub-09,60,1.0091867217631552,722.1305831453826
variant_native,common_endpoint_central,0,20,5,L1,sub-10,60,1.6055152729577684,780.226135095951
variant_native,common_endpoint_central,0,20,5,L1,sub-11,60,2.8831274539923326,5791.286760965424
variant_native,common_endpoint_central,0,20,5,L1,sub-12,60,1.3498727113008324,568.2807152997251
variant_native,common_endpoint_central,0,20,5,L1,sub-13,60,-9.792918482942387,-5011.435176684794
variant_native,common_endpoint_central,0,20,5,L2,sub-01,60,-6.4351027370903235,-9577.639778785468
variant_native,common_endpoint_central,0,20,5,L2,sub-02,60,2.9076093066760245,867.7623294394691
variant_native,common_endpoint_central,0,20,5,L2,sub-03,60,-1.7221530036508967,-135.0786273751545
variant_native,common_endpoint_central,0,20,5,L2,sub-04,60,0.2960474142910042,106.28293627784464
variant_native,common_endpoint_central,0,20,5,L2,sub-05,60,1.2905258949760379,1305.985707951913
variant_native,common_endpoint_central,0,20,5,L2,sub-06,60,-1.259766444534747,-143.8794825926646
variant_native,common_endpoint_central,0,20,5,L2,sub-07,60,-1.4892137426512089,-102.4883059627303
variant_native,common_endpoint_central,0,20,5,L2,sub-08,60,-0.9529830983676928,396.2799106145421
variant_native,common_endpoint_central,0,20,5,L2,sub-09,60,0.5739306201112393,622.7966528975581
variant_native,common_endpoint_central,0,20,5,L2,sub-10,60,1.6763576666501312,768.7777426189309
variant_native,common_endpoint_central,0,20,5,L2,sub-11,60,0.9646134734979003,5523.871433677984
variant_native,common_endpoint_central,0,20,5,L2,sub-12,60,1.8339288492075005,613.8810626860832
variant_native,common_endpoint_central,0,20,5,L2,sub-13,60,1.4259783299110955,-189.56411297511573
variant_native,common_endpoint_central,0,20,5,L3,sub-01,60,-5.841175889723398,-8935.214609761195
variant_native,common_endpoint_central,0,20,5,L3,sub-02,60,-0.2528147858092304,235.09182068226647
variant_native,common_endpoint_central,0,20,5,L3,sub-03,60,-0.8336528535954884,-81.84743568209075
variant_native,common_endpoint_central,0,20,5,L3,sub-04,60,0.23570013393333908,92.42504573331125
variant_native,common_endpoint_central,0,20,5,L3,sub-05,60,-1.2691461163058573,-174.7831925783336
variant_native,common_endpoint_central,0,20,5,L3,sub-06,60,-0.8178598760671257,-46.033286503031505
variant_native,common_endpoint_central,0,20,5,L3,sub-07,60,-0.6478394176154822,61.63712987993416
variant_native,common_endpoint_central,0,20,5,L3,sub-08,60,-0.7390746702671945,-57.36072046058163
variant_native,common_endpoint_central,0,20,5,L3,sub-09,60,1.793664794271262,994.8929641892736
variant_native,common_endpoint_central,0,20,5,L3,sub-10,60,-1.226089177135993,-64.25802381654177
variant_native,common_endpoint_central,0,20,5,L3,sub-11,60,-0.5245555528111056,2686.6592496485187
variant_native,common_endpoint_central,0,20,5,L3,sub-12,60,0.5389442946177273,325.6441587865998
variant_native,common_endpoint_central,0,20,5,L3,sub-13,60,1.339360473871652,-160.5567968705263
variant_native,common_endpoint_central,0,20,5,L4,sub-01,60,2.8545501112729568,-2814.038820504682
variant_native,common_endpoint_central,0,20,5,L4,sub-02,60,-1.5017935622376688,-85.31902238398699
variant_native,common_endpoint_central,0,20,5,L4,sub-03,60,-0.7918405109743485,-79.82614823574188
variant_native,common_endpoint_central,0,20,5,L4,sub-04,60,-0.7242471474334234,-172.23421929140594
variant_native,common_endpoint_central,0,20,5,L4,sub-05,60,-0.8652434711150299,174.62613818222835
variant_native,common_endpoint_central,0,20,5,L4,sub-06,60,1.3162651993396843,463.52497930394645
variant_native,common_endpoint_central,0,20,5,L4,sub-07,60,-0.29750232820313904,93.30056916954094
variant_native,common_endpoint_central,0,20,5,L4,sub-08,60,-0.8899380500871105,86.80717385151323
variant_native,common_endpoint_central,0,20,5,L4,sub-09,60,2.6915427908616207,1261.328878932451
variant_native,common_endpoint_central,0,20,5,L4,sub-10,60,-1.1269176835565766,62.57412098623097
variant_native,common_endpoint_central,0,20,5,L4,sub-11,60,-0.9366431274404078,26.996776073364288
variant_native,common_endpoint_central,0,20,5,L4,sub-12,60,-2.1135590383357523,-289.35899006610856
variant_native,common_endpoint_central,0,20,5,L4,sub-13,60,1.7161436157793104,-48.71390209142074
variant_native,common_endpoint_central,0,20,5,L5,sub-01,60,2.350643487861377,-2632.507227440538
variant_native,common_endpoint_central,0,20,5,L5,sub-02,60,-1.5502645593315048,-101.82525354528504
variant_native,common_endpoint_central,0,20,5,L5,sub-03,60,-0.662221454078393,-38.20121476927117
variant_native,common_endpoint_central,0,20,5,L5,sub-04,60,-0.636797528557219,-146.1770177656605
variant_native,common_endpoint_central,0,20,5,L5,sub-05,60,0.5465503865588452,266.94977979512356
variant_native,common_endpoint_central,0,20,5,L5,sub-06,60,1.880526250035417,640.1032968067417
variant_native,common_endpoint_central,0,20,5,L5,sub-07,60,0.9313914863265812,1005.1259208911564
variant_native,common_endpoint_central,0,20,5,L5,sub-08,60,-0.5972209344158069,27.13456011138698
variant_native,common_endpoint_central,0,20,5,L5,sub-09,60,-1.417160175037653,-27.147618578121257
variant_native,common_endpoint_central,0,20,5,L5,sub-10,60,-0.6895061549772497,134.7265305494668
variant_native,common_endpoint_central,0,20,5,L5,sub-11,60,-0.9519461206500209,-12.749681995919639
variant_native,common_endpoint_central,0,20,5,L5,sub-12,60,-0.6556147254685436,28.872278353624065
variant_native,common_endpoint_central,0,20,5,L5,sub-13,60,1.6641955513484965,-51.289760553318985
variant_native,common_endpoint_central,0,20,5,S1,sub-01,60,3.220200670856628,-355.1004456373885
variant_native,common_endpoint_central,0,20,5,S1,sub-02,60,-0.786331244765037,118.17261693002574
variant_native,common_endpoint_central,0,20,5,S1,sub-03,60,-0.25414163261889317,59.605116876861125
variant_native,common_endpoint_central,0,20,5,S1,sub-04,60,-1.3141452172298271,-307.57241341471047
variant_native,common_endpoint_central,0,20,5,S1,sub-05,60,-1.3925219410123384,-110.17044512694413
variant_native,common_endpoint_central,0,20,5,S1,sub-06,60,0.0640114549838387,172.5020835851381
variant_native,common_endpoint_central,0,20,5,S1,sub-07,60,-0.7964280683597585,-14.360641488450884
variant_native,common_endpoint_central,0,20,5,S1,sub-08,60,-0.2877126457590355,243.99546248625745
variant_native,common_endpoint_central,0,20,5,S1,sub-09,60,-3.538978960227964,21.22507685018764
variant_native,common_endpoint_central,0,20,5,S1,sub-10,60,-0.37693145606404804,492.2961947580534
variant_native,common_endpoint_central,0,20,5,S1,sub-11,60,-0.6927119312636639,154.96705128971263
variant_native,common_endpoint_central,0,20,5,S1,sub-12,60,-0.4207903641829457,76.65885827250504
variant_native,common_endpoint_central,0,20,5,S1,sub-13,60,1.8275413371449372,-17.222357997826073
variant_native,common_endpoint_central,0,20,5,S2,sub-01,60,0.6439651103566194,-2.428134375297653
variant_native,common_endpoint_central,0,20,5,S2,sub-02,60,-0.7921741617462248,112.87543627854434
variant_native,common_endpoint_central,0,20,5,S2,sub-03,60,-0.14682908289862553,82.93096903325792
variant_native,common_endpoint_central,0,20,5,S2,sub-04,60,-0.29912282544159596,-33.54505828605472
variant_native,common_endpoint_central,0,20,5,S2,sub-05,60,0.645825702622213,616.9523593452601
variant_native,common_endpoint_central,0,20,5,S2,sub-06,60,-0.9068922331493786,62.13794739458808
variant_native,common_endpoint_central,0,20,5,S2,sub-07,60,-0.5045088250259726,102.34914451122948
variant_native,common_endpoint_central,0,20,5,S2,sub-08,60,1.75428849354795,1077.6923985930791
variant_native,common_endpoint_central,0,20,5,S2,sub-09,60,-1.1121857917416615,298.1873787555666
variant_native,common_endpoint_central,0,20,5,S2,sub-10,60,0.13757153212597137,854.8352144080782
variant_native,common_endpoint_central,0,20,5,S2,sub-11,60,-0.741884195325036,65.64410930627615
variant_native,common_endpoint_central,0,20,5,S2,sub-12,60,-0.5327817271388169,116.87698563320485
variant_native,common_endpoint_central,0,20,5,S2,sub-13,60,1.819699174886897,66.95980874060312
variant_native,common_endpoint_central,0,20,10,L1,sub-01,60,2.4314508117817963,-561.2106150345803
variant_native,common_endpoint_central,0,20,10,L1,sub-02,60,3.1439011029280506,746.4846420154554
variant_native,common_endpoint_central,0,20,10,L1,sub-03,60,5.613849991076926,665.133400273047
variant_native,common_endpoint_central,0,20,10,L1,sub-04,60,2.105235386092598,715.9812930065735
variant_native,common_endpoint_central,0,20,10,L1,sub-05,60,3.7675202419990637,754.9689787112097
variant_native,common_endpoint_central,0,20,10,L1,sub-06,60,3.6574330456231987,677.7622688885978
variant_native,common_endpoint_central,0,20,10,L1,sub-07,60,5.086979840306487,732.5735300389839
variant_native,common_endpoint_central,0,20,10,L1,sub-08,60,4.542268319448466,670.437927056295
variant_native,common_endpoint_central,0,20,10,L1,sub-09,60,1.3670509269195696,534.0046828019879
variant_native,common_endpoint_central,0,20,10,L1,sub-10,60,3.5201077696693863,763.594334538233
variant_native,common_endpoint_central,0,20,10,L1,sub-11,60,5.466573026004296,2521.3906720468963
variant_native,common_endpoint_central,0,20,10,L1,sub-12,60,2.5447862686602525,633.4690746794756
variant_native,common_endpoint_central,0,20,10,L1,sub-13,60,-5.951843382629996,-2158.0168864597886
variant_native,common_endpoint_central,0,20,10,L2,sub-01,60,-5.636410076825413,-4576.0485979243185
variant_native,common_endpoint_central,0,20,10,L2,sub-02,60,3.8167371391406144,821.8003889030402
variant_native,common_endpoint_central,0,20,10,L2,sub-03,60,-1.678799578026109,-183.27457113133042
variant_native,common_endpoint_central,0,20,10,L2,sub-04,60,1.8631681283332475,693.2801773533223
variant_native,common_endpoint_central,0,20,10,L2,sub-05,60,3.646486889382176,857.2477964932318
variant_native,common_endpoint_central,0,20,10,L2,sub-06,60,0.07251966095537994,45.15580365980058
variant_native,common_endpoint_central,0,20,10,L2,sub-07,60,-0.20007793707297594,-9.312331906133219
variant_native,common_endpoint_central,0,20,10,L2,sub-08,60,-0.3856706636880867,46.10805475094677
variant_native,common_endpoint_central,0,20,10,L2,sub-09,60,0.10633861172089934,365.8262214179157
variant_native,common_endpoint_central,0,20,10,L2,sub-10,60,3.162032166923011,716.932938478116
variant_native,common_endpoint_central,0,20,10,L2,sub-11,60,2.674233378907519,1371.293599358873
variant_native,common_endpoint_central,0,20,10,L2,sub-12,60,2.7718455478706203,640.1664802242897
variant_native,common_endpoint_central,0,20,10,L2,sub-13,60,0.5285390005885648,-103.22737384690646
variant_native,common_endpoint_central,0,20,10,L3,sub-01,60,-5.502427278338574,-4667.522439933675
variant_native,common_endpoint_central,0,20,10,L3,sub-02,60,3.516209630836622,764.2521165280222
variant_native,common_endpoint_central,0,20,10,L3,sub-03,60,-1.193057185307,-127.36669806115265
variant_native,common_endpoint_central,0,20,10,L3,sub-04,60,1.2590211637281012,642.088773499513
variant_native,common_endpoint_central,0,20,10,L3,sub-05,60,-0.49844265265015625,37.885795908768465
variant_native,common_endpoint_central,0,20,10,L3,sub-06,60,-2.6163580700480926,-600.1920525443803
variant_native,common_endpoint_central,0,20,10,L3,sub-07,60,-1.0272611263196822,-112.03863763704206
variant_native,common_endpoint_central,0,20,10,L3,sub-08,60,-1.5048878958333205,-118.12757253313411
variant_native,common_endpoint_central,0,20,10,L3,sub-09,60,2.4536324006059234,688.2344467346986
variant_native,common_endpoint_central,0,20,10,L3,sub-10,60,-0.04046572882494338,200.34145211625795
variant_native,common_endpoint_central,0,20,10,L3,sub-11,60,0.852666643375185,832.612503739148
variant_native,common_endpoint_central,0,20,10,L3,sub-12,60,0.41462982644605717,330.7701058411496
variant_native,common_endpoint_central,0,20,10,L3,sub-13,60,0.7601874706964554,-101.4148760786074
variant_native,common_endpoint_central,0,20,10,L4,sub-01,60,2.1454400704682666,-1266.1646028109246
variant_native,common_endpoint_central,0,20,10,L4,sub-02,60,-2.801945191455909,-90.33396173733058
variant_native,common_endpoint_central,0,20,10,L4,sub-03,60,-1.095506701096313,-123.5915842082299
variant_native,common_endpoint_central,0,20,10,L4,sub-04,60,0.4731003284721298,473.8680317560803
variant_native,common_endpoint_central,0,20,10,L4,sub-05,60,-1.5137271247938398,-67.79385801651868
variant_native,common_endpoint_central,0,20,10,L4,sub-06,60,-0.5211061718612916,-47.570404850382225
variant_native,common_endpoint_central,0,20,10,L4,sub-07,60,-1.3184507987305116,-154.64215246740287
variant_native,common_endpoint_central,0,20,10,L4,sub-08,60,-1.2295639883063616,-74.48579622006284
variant_native,common_endpoint_central,0,20,10,L4,sub-09,60,2.7303241332503023,789.494264576968
variant_native,common_endpoint_central,0,20,10,L4,sub-10,60,-1.789959839267706,-73.17505359943786
variant_native,common_endpoint_central,0,20,10,L4,sub-11,60,-1.7577589770544448,342.10139861970157
variant_native,common_endpoint_central,0,20,10,L4,sub-12,60,-1.10435056001607,51.500309920430816
variant_native,common_endpoint_central,0,20,10,L4,sub-13,60,0.8853946304565354,-91.55770845822157
variant_native,common_endpoint_central,0,20,10,L5,sub-01,60,2.3612450813825547,-1198.6339978936137
variant_native,common_endpoint_central,0,20,10,L5,sub-02,60,-2.7937162250075023,-97.92370127847595
variant_native,common_endpoint_central,0,20,10,L5,sub-03,60,-0.9374836067712493,-100.33172442431946
variant_native,common_endpoint_central,0,20,10,L5,sub-04,60,-0.2733298166837756,386.7645742564771
variant_native,common_endpoint_central,0,20,10,L5,sub-05,60,-2.045796879762344,-144.16285842893706
variant_native,common_endpoint_central,0,20,10,L5,sub-06,60,-0.6578709596766201,-55.417063069728755
variant_native,common_endpoint_central,0,20,10,L5,sub-07,60,-1.4688686675670406,-256.351363683969
variant_native,common_endpoint_central,0,20,10,L5,sub-08,60,-1.2367643725419082,-70.91089346112486
variant_native,common_endpoint_central,0,20,10,L5,sub-09,60,-1.614039288204961,9.050134783455693
variant_native,common_endpoint_central,0,20,10,L5,sub-10,60,-1.8273325072017483,-52.83014220432632
variant_native,common_endpoint_central,0,20,10,L5,sub-11,60,-2.5788759498586185,-50.74963181734186
variant_native,common_endpoint_central,0,20,10,L5,sub-12,60,-1.84002605419112,-66.49573858909321
variant_native,common_endpoint_central,0,20,10,L5,sub-13,60,1.0586386399464567,-88.71566150290568
variant_native,common_endpoint_central,0,20,10,S1,sub-01,60,3.658435233399989,-315.71888852809934
variant_native,common_endpoint_central,0,20,10,S1,sub-02,60,-2.5038236354243932,-10.629515336839782
variant_native,common_endpoint_central,0,20,10,S1,sub-03,60,-0.21106299946731896,-18.512551675069837
variant_native,common_endpoint_central,0,20,10,S1,sub-04,60,-2.3189423792881962,38.65514765505704
variant_native,common_endpoint_central,0,20,10,S1,sub-05,60,-2.181744858753165,-22.655615650662817
variant_native,common_endpoint_central,0,20,10,S1,sub-06,60,0.11642531700326988,73.37442724216511
variant_native,common_endpoint_central,0,20,10,S1,sub-07,60,-0.6765725044825636,-66.98240840710424
variant_native,common_endpoint_central,0,20,10,S1,sub-08,60,-0.520189150600722,82.21214433039502
variant_native,common_endpoint_central,0,20,10,S1,sub-09,60,-3.367823753061484,-69.3574881918712
variant_native,common_endpoint_central,0,20,10,S1,sub-10,60,-1.5373853615863606,37.71416487987806
variant_native,common_endpoint_central,0,20,10,S1,sub-11,60,-2.1986840157335275,-37.884892223578646
variant_native,common_endpoint_central,0,20,10,S1,sub-12,60,-1.105987076154712,108.02539204680846
variant_native,common_endpoint_central,0,20,10,S1,sub-13,60,1.0592956245484406,-67.49907754247343
variant_native,common_endpoint_central,0,20,10,S2,sub-01,60,0.5422661581313774,-77.89019512260205
variant_native,common_endpoint_central,0,20,10,S2,sub-02,60,-2.3773628210174835,-9.489592972984504
variant_native,common_endpoint_central,0,20,10,S2,sub-03,60,-0.4979399204089369,-54.55603764536788
variant_native,common_endpoint_central,0,20,10,S2,sub-04,60,-3.108252810654105,-155.35389378794207
variant_native,common_endpoint_central,0,20,10,S2,sub-05,60,-1.1742956154217323,25.24955110679956
variant_native,common_endpoint_central,0,20,10,S2,sub-06,60,-0.051042821995842626,-0.9527490450769771
variant_native,common_endpoint_central,0,20,10,S2,sub-07,60,-0.3957488061337146,-29.10769692938203
variant_native,common_endpoint_central,0,20,10,S2,sub-08,60,0.3348077515219346,172.07511677021668
variant_native,common_endpoint_central,0,20,10,S2,sub-09,60,-1.67548303123025,-7.508251974601702
variant_native,common_endpoint_central,0,20,10,S2,sub-10,60,-1.486996499711642,41.50428595009431
variant_native,common_endpoint_central,0,20,10,S2,sub-11,60,-2.4581541056404106,-19.266575476345494
variant_native,common_endpoint_central,0,20,10,S2,sub-12,60,-1.68089795261503,-17.984230260450044
variant_native,common_endpoint_central,0,20,10,S2,sub-13,60,1.6597880163935477,3.566790207526958
variant_native,original_native,0,100,2,L1,sub-01,60,0.8956178271648643,-22808.885092710287
variant_native,original_native,0,100,2,L1,sub-02,60,-0.021127754630190964,-1699.429304293036
variant_native,original_native,0,100,2,L1,sub-03,60,0.9600102069836709,415.724491387076
variant_native,original_native,0,100,2,L1,sub-04,60,3.8804960523953667,-242.41386841607587
variant_native,original_native,0,100,2,L1,sub-05,60,-0.3093728830013641,-10553.917652388967
variant_native,original_native,0,100,2,L1,sub-06,60,3.1154721649519246,1885.9034842624221
variant_native,original_native,0,100,2,L1,sub-07,60,-3.6699599017562843,-2117.8031809486442
variant_native,original_native,0,100,2,L1,sub-08,60,-1.4765465263613702,1109.467874152759
variant_native,original_native,0,100,2,L1,sub-09,60,2.0522836000930824,-1684.0786692367465
variant_native,original_native,0,100,2,L1,sub-10,60,-0.1414031040448809,-610.4977771581633
variant_native,original_native,0,100,2,L1,sub-11,60,2.532737201567497,1430.4725027673599
variant_native,original_native,0,100,2,L1,sub-12,60,0.1568599490787048,-1768.0173874078728
variant_native,original_native,0,100,2,L1,sub-13,60,-6.592260999164494,-15035.442777754875
variant_native,original_native,0,100,2,L2,sub-01,60,6.007351557836151,-7614.045673484261
variant_native,original_native,0,100,2,L2,sub-02,60,-0.5994442016411827,-1173.7873266110948
variant_native,original_native,0,100,2,L2,sub-03,60,-19.816641037858975,-21056.46770805066
variant_native,original_native,0,100,2,L2,sub-04,60,1.1054694732061938,-2469.8215849989983
variant_native,original_native,0,100,2,L2,sub-05,60,4.742190384414654,-5899.747156591483
variant_native,original_native,0,100,2,L2,sub-06,60,1.6892542131117747,-1512.4787052305326
variant_native,original_native,0,100,2,L2,sub-07,60,-3.1940335093448464,3809.9757715399737
variant_native,original_native,0,100,2,L2,sub-08,60,-4.004356630739355,3216.6413609515525
variant_native,original_native,0,100,2,L2,sub-09,60,4.425896531626486,1747.7848896754128
variant_native,original_native,0,100,2,L2,sub-10,60,-0.8873111067280216,1672.2676998704906
variant_native,original_native,0,100,2,L2,sub-11,60,-3.7465783553808243,-10359.842736084664
variant_native,original_native,0,100,2,L2,sub-12,60,1.434720879002676,1026.2703878928232
variant_native,original_native,0,100,2,L2,sub-13,60,-5.85882315253929,-6021.439654686206
variant_native,original_native,0,100,2,L3,sub-01,60,13.19405359604416,11598.017246810034
variant_native,original_native,0,100,2,L3,sub-02,60,-0.9308096050929483,-2407.492415465546
variant_native,original_native,0,100,2,L3,sub-03,60,5.329375893869345,5347.515077954242
variant_native,original_native,0,100,2,L3,sub-04,60,2.6293628571256127,-1313.9100450543358
variant_native,original_native,0,100,2,L3,sub-05,60,-0.2620177204786719,-890.971960472902
variant_native,original_native,0,100,2,L3,sub-06,60,-12.033230092911955,-28625.196357031255
variant_native,original_native,0,100,2,L3,sub-07,60,-2.287088253528269,1357.432932635783
variant_native,original_native,0,100,2,L3,sub-08,60,-2.9379054989664364,-3101.8638106650133
variant_native,original_native,0,100,2,L3,sub-09,60,1.8547346585154385,-1540.3579154516417
variant_native,original_native,0,100,2,L3,sub-10,60,-1.984944750151382,865.7739093775423
variant_native,original_native,0,100,2,L3,sub-11,60,-3.4009986797660177,-11463.102129216124
variant_native,original_native,0,100,2,L3,sub-12,60,0.16744496330078124,-2248.729272930382
variant_native,original_native,0,100,2,L3,sub-13,60,8.467755915062122,11498.41422990603
variant_native,original_native,0,100,2,L4,sub-01,60,-9.704764096475788,-47800.76977060156
variant_native,original_native,0,100,2,L4,sub-02,60,-1.6956435882875158,-2838.399437411114
variant_native,original_native,0,100,2,L4,sub-03,60,4.613634350829648,1956.2232054230649
variant_native,original_native,0,100,2,L4,sub-04,60,0.6680319426191156,-3945.014166845995
variant_native,original_native,0,100,2,L4,sub-05,60,-8.527977182340077,-19872.879710096273
variant_native,original_native,0,100,2,L4,sub-06,60,3.448054882172596,-691.7593471999039
variant_native,original_native,0,100,2,L4,sub-07,60,0.876183447831463,1436.1612113454626
variant_native,original_native,0,100,2,L4,sub-08,60,0.2604156076683213,3695.935456850854
variant_native,original_native,0,100,2,L4,sub-09,60,2.555845918947237,-1013.8688591142347
variant_native,original_native,0,100,2,L4,sub-10,60,-1.4511983950388847,651.2718905733689
variant_native,original_native,0,100,2,L4,sub-11,60,-5.792264358987836,-20993.476175306838
variant_native,original_native,0,100,2,L4,sub-12,60,1.2798403065784802,-1002.6824495891192
variant_native,original_native,0,100,2,L4,sub-13,60,4.237426448593138,1238.5729224714555
variant_native,original_native,0,100,2,L5,sub-01,60,-9.571614034415528,-52679.85840247792
variant_native,original_native,0,100,2,L5,sub-02,60,1.8856116967106618,-108.39644502517324
variant_native,original_native,0,100,2,L5,sub-03,60,3.4587963588290376,2502.696272517722
variant_native,original_native,0,100,2,L5,sub-04,60,0.34042512616179754,-4700.422154924073
variant_native,original_native,0,100,2,L5,sub-05,60,2.0515921949096194,-920.9913560605588
variant_native,original_native,0,100,2,L5,sub-06,60,4.50442691401769,679.2784891305715
variant_native,original_native,0,100,2,L5,sub-07,60,-2.430596035631927,27251.990584243333
variant_native,original_native,0,100,2,L5,sub-08,60,2.3776908398536025,5790.034860706155
variant_native,original_native,0,100,2,L5,sub-09,60,3.2075995541145734,-511.74781611232015
variant_native,original_native,0,100,2,L5,sub-10,60,-0.4226853580100614,971.3409818421688
variant_native,original_native,0,100,2,L5,sub-11,60,1.9899184357559632,-8951.176493602072
variant_native,original_native,0,100,2,L5,sub-12,60,0.4432541112588513,-2198.193233382516
variant_native,original_native,0,100,2,L5,sub-13,60,5.080613537478785,1486.248272458499
variant_native,original_native,0,100,2,S1,sub-01,60,-3.3185483571388095,-26982.381627892515
variant_native,original_native,0,100,2,S1,sub-02,60,-4.126956708502507,-7891.75900059
variant_native,original_native,0,100,2,S1,sub-03,60,2.550467964317565,2663.0423967247348
variant_native,original_native,0,100,2,S1,sub-04,60,-5.241547276290289,-10547.463859144314
variant_native,original_native,0,100,2,S1,sub-05,60,-1.1633255712207438,-3916.0313612709956
variant_native,original_native,0,100,2,S1,sub-06,60,4.735538875030719,5544.521591715503
variant_native,original_native,0,100,2,S1,sub-07,60,1.9853585511807996,2795.110614375723
variant_native,original_native,0,100,2,S1,sub-08,60,-12.442285914478996,-19788.161836735126
variant_native,original_native,0,100,2,S1,sub-09,60,-14.49084360526521,-19638.987495724436
variant_native,original_native,0,100,2,S1,sub-10,60,-3.383351799847466,2644.195015935454
variant_native,original_native,0,100,2,S1,sub-11,60,1.9712829104388974,-1469.0570582402595
variant_native,original_native,0,100,2,S1,sub-12,60,-7.8137325247741005,-19020.696785022817
variant_native,original_native,0,100,2,S1,sub-13,60,-10.940803940930753,-23017.73804543521
variant_native,original_native,0,100,2,S2,sub-01,60,2.4979035069849536,-5934.284127035755
variant_native,original_native,0,100,2,S2,sub-02,60,5.488370161443681,4077.8931403200113
variant_native,original_native,0,100,2,S2,sub-03,60,2.904356263029703,1788.9443440382383
variant_native,original_native,0,100,2,S2,sub-04,60,-3.382238175217796,-8998.645888629719
variant_native,original_native,0,100,2,S2,sub-05,60,3.468910777716587,6557.9166235068815
variant_native,original_native,0,100,2,S2,sub-06,60,-5.459516956372755,-4106.037629226605
variant_native,original_native,0,100,2,S2,sub-07,60,8.720135701249061,16840.948900739637
variant_native,original_native,0,100,2,S2,sub-08,60,18.22298812302423,57201.33818376065
variant_native,original_native,0,100,2,S2,sub-09,60,0.3944833419683899,-3145.104528694834
variant_native,original_native,0,100,2,S2,sub-10,60,8.270894513820696,38934.84573441246
variant_native,original_native,0,100,2,S2,sub-11,60,6.445902846372318,4108.408987014585
variant_native,original_native,0,100,2,S2,sub-12,60,4.33161231555461,3562.371229444455
variant_native,original_native,0,100,2,S2,sub-13,60,5.606092191500492,3577.1270706270348
variant_native,original_native,0,100,5,L1,sub-01,60,0.6961717694168262,-15796.555486718693
variant_native,original_native,0,100,5,L1,sub-02,60,-5.028727651215985,-1486.9083469464147
variant_native,original_native,0,100,5,L1,sub-03,60,-3.367274379825589,-1009.5520599586504
variant_native,original_native,0,100,5,L1,sub-04,60,-0.3754501848546371,-1835.5158976435903
variant_native,original_native,0,100,5,L1,sub-05,60,-5.232875021470719,-2926.2708642316243
variant_native,original_native,0,100,5,L1,sub-06,60,-2.071588313186154,-1308.2804484026444
variant_native,original_native,0,100,5,L1,sub-07,60,-5.916361149978078,-2098.544690298614
variant_native,original_native,0,100,5,L1,sub-08,60,-3.6761531057549055,-1620.0763041592431
variant_native,original_native,0,100,5,L1,sub-09,60,-1.6833416929371856,-1598.2312681115095
variant_native,original_native,0,100,5,L1,sub-10,60,-3.2474900724257463,-1471.4262868882681
variant_native,original_native,0,100,5,L1,sub-11,60,-1.852925411894645,-1584.111105962386
variant_native,original_native,0,100,5,L1,sub-12,60,-4.357226208388132,-2373.7224075944655
variant_native,original_native,0,100,5,L1,sub-13,60,-12.435466298885656,-6920.534706256103
variant_native,original_native,0,100,5,L2,sub-01,60,6.815058607391831,-10663.483882023464
variant_native,original_native,0,100,5,L2,sub-02,60,-3.5396861506119164,-1232.6456898199642
variant_native,original_native,0,100,5,L2,sub-03,60,-10.393436150727206,-2752.6515117224644
variant_native,original_native,0,100,5,L2,sub-04,60,-3.2145136019009315,-2597.5731509068232
variant_native,original_native,0,100,5,L2,sub-05,60,-1.8873178041400023,-2486.7615943650508
variant_native,original_native,0,100,5,L2,sub-06,60,-1.9995028839641071,-1370.3548969687063
variant_native,original_native,0,100,5,L2,sub-07,60,-3.7424783405125326,-1221.0841846901121
variant_native,original_native,0,100,5,L2,sub-08,60,-0.4288453287885863,-41.85027229985667
variant_native,original_native,0,100,5,L2,sub-09,60,0.07433918908584122,-1187.4417107866086
variant_native,original_native,0,100,5,L2,sub-10,60,-3.657700540891582,-1533.2611364008942
variant_native,original_native,0,100,5,L2,sub-11,60,-5.141988126224937,-3209.8690976452604
variant_native,original_native,0,100,5,L2,sub-12,60,-0.4801224250990342,-1498.4319419939352
variant_native,original_native,0,100,5,L2,sub-13,60,-9.992906364902565,-4256.562471197062
variant_native,original_native,0,100,5,L3,sub-01,60,10.768132720465717,-7525.363432512139
variant_native,original_native,0,100,5,L3,sub-02,60,-2.0435815124683776,-1073.2292459702828
variant_native,original_native,0,100,5,L3,sub-03,60,2.2589285677992232,119.37555143071819
variant_native,original_native,0,100,5,L3,sub-04,60,-2.663589381753555,-2555.5431592598193
variant_native,original_native,0,100,5,L3,sub-05,60,-1.2771192146078714,-1484.7209316974333
variant_native,original_native,0,100,5,L3,sub-06,60,-16.3111924670009,-9965.064820896956
variant_native,original_native,0,100,5,L3,sub-07,60,-0.8758306298130225,-429.3011619207564
variant_native,original_native,0,100,5,L3,sub-08,60,-1.0476457096074754,-954.4477483595833
variant_native,original_native,0,100,5,L3,sub-09,60,1.911882038702835,-944.5960329851785
variant_native,original_native,0,100,5,L3,sub-10,60,-2.0570352098466524,-1359.87094585834
variant_native,original_native,0,100,5,L3,sub-11,60,-1.014578824879947,-529.8697513083057
variant_native,original_native,0,100,5,L3,sub-12,60,-1.0328566791374183,-1654.1531205543763
variant_native,original_native,0,100,5,L3,sub-13,60,3.8008877652241932,-110.96257816780471
variant_native,original_native,0,100,5,L4,sub-01,60,-11.757826506932197,-21956.274886969517
variant_native,original_native,0,100,5,L4,sub-02,60,0.3102295033506468,-609.5964491784738
variant_native,original_native,0,100,5,L4,sub-03,60,0.23140746973287013,-440.78550683539066
variant_native,original_native,0,100,5,L4,sub-04,60,-2.241430559528898,-2524.4426219682514
variant_native,original_native,0,100,5,L4,sub-05,60,-1.4147040272665188,-1705.5628605833706
variant_native,original_native,0,100,5,L4,sub-06,60,2.323694130214023,-407.95175219184165
variant_native,original_native,0,100,5,L4,sub-07,60,3.1263128790882546,176.86906162143063
variant_native,original_native,0,100,5,L4,sub-08,60,2.650780489738709,57.6287678884975
variant_native,original_native,0,100,5,L4,sub-09,60,2.8381939685229107,-850.8921420598924
variant_native,original_native,0,100,5,L4,sub-10,60,-2.601041671340068,-1625.4092861290617
variant_native,original_native,0,100,5,L4,sub-11,60,0.9227145320007398,-1708.3619030252557
variant_native,original_native,0,100,5,L4,sub-12,60,-1.3024631653005543,-1816.5831666900929
variant_native,original_native,0,100,5,L4,sub-13,60,3.76780500717322,-417.9739778227341
variant_native,original_native,0,100,5,L5,sub-01,60,-10.262138188891308,-20776.55456063819
variant_native,original_native,0,100,5,L5,sub-02,60,0.6176879678506348,-445.59760209210197
variant_native,original_native,0,100,5,L5,sub-03,60,1.0041383599044997,-204.6157272253595
variant_native,original_native,0,100,5,L5,sub-04,60,1.0734129935848244,-1818.739680036278
variant_native,original_native,0,100,5,L5,sub-05,60,6.80176887540408,890.0802770763988
variant_native,original_native,0,100,5,L5,sub-06,60,6.8195383345706695,755.7775553155371
variant_native,original_native,0,100,5,L5,sub-07,60,-4.637603220326027,-3228.326053506516
variant_native,original_native,0,100,5,L5,sub-08,60,3.251552042968814,69.01754544042758
variant_native,original_native,0,100,5,L5,sub-09,60,2.9347497826114135,-762.5283332400317
variant_native,original_native,0,100,5,L5,sub-10,60,1.974208485915222,-594.7772039402765
variant_native,original_native,0,100,5,L5,sub-11,60,-0.3057072568561779,-2595.9446295276666
variant_native,original_native,0,100,5,L5,sub-12,60,1.3921638642731011,-1124.7075851193617
variant_native,original_native,0,100,5,L5,sub-13,60,3.112081226255863,-537.5687592273741
variant_native,original_native,0,100,5,S1,sub-01,60,-0.22139000756192806,-11108.79865214015
variant_native,original_native,0,100,5,S1,sub-02,60,5.156595513925854,134.98976650115586
variant_native,original_native,0,100,5,S1,sub-03,60,4.192021075441117,266.3231527127306
variant_native,original_native,0,100,5,S1,sub-04,60,4.421448579516334,-1327.508012127915
variant_native,original_native,0,100,5,S1,sub-05,60,-2.978535243013044,-4446.456379222943
variant_native,original_native,0,100,5,S1,sub-06,60,5.585166678870524,915.7206351769963
variant_native,original_native,0,100,5,S1,sub-07,60,4.600236602424951,570.907660918981
variant_native,original_native,0,100,5,S1,sub-08,60,-14.674993767931278,-7870.877791122831
variant_native,original_native,0,100,5,S1,sub-09,60,-12.700871225200874,-7204.460466128813
variant_native,original_native,0,100,5,S1,sub-10,60,-2.0177400266265186,-1316.6357468594388
variant_native,original_native,0,100,5,S1,sub-11,60,3.0748363713459,-110.49524124743263
variant_native,original_native,0,100,5,S1,sub-12,60,-2.2667636567055798,-4225.700395103179
variant_native,original_native,0,100,5,S1,sub-13,60,4.925843258951577,-702.7498782232841
variant_native,original_native,0,100,5,S2,sub-01,60,3.9619916061110603,-880.2900263566337
variant_native,original_native,0,100,5,S2,sub-02,60,4.52748232916914,453.1893377783263
variant_native,original_native,0,100,5,S2,sub-03,60,6.074215057675085,491.9087150198247
variant_native,original_native,0,100,5,S2,sub-04,60,3.000122154936864,-1305.6378504437794
variant_native,original_native,0,100,5,S2,sub-05,60,5.988782435094076,-358.30891725179583
variant_native,original_native,0,100,5,S2,sub-06,60,5.653884520495942,-878.2654339642562
variant_native,original_native,0,100,5,S2,sub-07,60,7.445723859116456,1081.4869700246586
variant_native,original_native,0,100,5,S2,sub-08,60,13.92530537937472,4634.357941960269
variant_native,original_native,0,100,5,S2,sub-09,60,6.625047939215065,-209.21743193564652
variant_native,original_native,0,100,5,S2,sub-10,60,11.606799035215342,3858.6649862053573
variant_native,original_native,0,100,5,S2,sub-11,60,4.317648716509066,601.7837078162105
variant_native,original_native,0,100,5,S2,sub-12,60,8.04726827035762,224.9601440428042
variant_native,original_native,0,100,5,S2,sub-13,60,6.821755406183373,114.51097509267699
variant_native,original_native,0,100,10,L1,sub-01,60,-0.19489900454175205,-6214.866838886579
variant_native,original_native,0,100,10,L1,sub-02,60,-6.210408946909372,-1049.3663064582554
variant_native,original_native,0,100,10,L1,sub-03,60,-5.832246021677552,-1172.762266665671
variant_native,original_native,0,100,10,L1,sub-04,60,-3.4069433175162582,-1075.9676699076076
variant_native,original_native,0,100,10,L1,sub-05,60,-4.926693082366716,-1070.4674401833383
variant_native,original_native,0,100,10,L1,sub-06,60,-4.848053168639876,-1302.8513019189304
variant_native,original_native,0,100,10,L1,sub-07,60,-8.142567250746172,-1484.2035856511718
variant_native,original_native,0,100,10,L1,sub-08,60,-6.060169075321367,-994.3102113765342
variant_native,original_native,0,100,10,L1,sub-09,60,-2.7082538436260584,-1265.8394402854815
variant_native,original_native,0,100,10,L1,sub-10,60,-1.7054650823214252,-982.1391252004752
variant_native,original_native,0,100,10,L1,sub-11,60,1.25045549498482,-221.57491940531602
variant_native,original_native,0,100,10,L1,sub-12,60,-8.071039528616735,-1411.4713670693689
variant_native,original_native,0,100,10,L1,sub-13,60,-10.717050158021948,-3406.0631110752624
variant_native,original_native,0,100,10,L2,sub-01,60,7.63185236520585,-5733.3734970720625
variant_native,original_native,0,100,10,L2,sub-02,60,-1.5806911872220675,-593.3022850527414
variant_native,original_native,0,100,10,L2,sub-03,60,-3.235206440864836,-849.2432900937163
variant_native,original_native,0,100,10,L2,sub-04,60,-2.7011081897704305,-1049.2686311425782
variant_native,original_native,0,100,10,L2,sub-05,60,-4.544905015683868,-1084.0586292014666
variant_native,original_native,0,100,10,L2,sub-06,60,1.3099644294910116,-500.92568767667103
variant_native,original_native,0,100,10,L2,sub-07,60,-3.021258393142649,-781.0702638093776
variant_native,original_native,0,100,10,L2,sub-08,60,-0.9703329479281135,-347.1728003964834
variant_native,original_native,0,100,10,L2,sub-09,60,-2.7390084608748912,-1286.1930967103283
variant_native,original_native,0,100,10,L2,sub-10,60,-2.9961758628289603,-1119.9841187884476
variant_native,original_native,0,100,10,L2,sub-11,60,-1.119475117612575,-540.6668158589987
variant_native,original_native,0,100,10,L2,sub-12,60,-4.01394286600213,-1024.1142665942161
variant_native,original_native,0,100,10,L2,sub-13,60,0.4444670938904943,-551.2861688460274
variant_native,original_native,0,100,10,L3,sub-01,60,9.145477583707445,-5856.156144913168
variant_native,original_native,0,100,10,L3,sub-02,60,0.6545326572241074,-385.6382267544326
variant_native,original_native,0,100,10,L3,sub-03,60,1.454231670728944,-373.35350540204195
variant_native,original_native,0,100,10,L3,sub-04,60,-3.4915535281804684,-1172.292663553275
variant_native,original_native,0,100,10,L3,sub-05,60,0.9380435256966382,-244.80610304399286
variant_native,original_native,0,100,10,L3,sub-06,60,-8.780533251714335,-3103.8889502835473
variant_native,original_native,0,100,10,L3,sub-07,60,-0.27105321927586995,-562.7008062245652
variant_native,original_native,0,100,10,L3,sub-08,60,-0.6994250221686461,-401.48727069726186
variant_native,original_native,0,100,10,L3,sub-09,60,1.866616371484176,-755.628462100871
variant_native,original_native,0,100,10,L3,sub-10,60,-1.0736149342947614,-932.6869897441935
variant_native,original_native,0,100,10,L3,sub-11,60,-0.26553467513665224,-355.9008075169377
variant_native,original_native,0,100,10,L3,sub-12,60,-3.6251145695204907,-1030.6136674033914
variant_native,original_native,0,100,10,L3,sub-13,60,0.592396659219568,-557.3359429633201
variant_native,original_native,0,100,10,L4,sub-01,60,-8.23442864890833,-9147.193367549164
variant_native,original_native,0,100,10,L4,sub-02,60,1.0259676095321695,-386.6188549243488
variant_native,original_native,0,100,10,L4,sub-03,60,2.8232599541139733,-263.44203270621904
variant_native,original_native,0,100,10,L4,sub-04,60,-1.8147905278501109,-952.5707456317392
variant_native,original_native,0,100,10,L4,sub-05,60,3.9768327510485735,-20.453322268016002
variant_native,original_native,0,100,10,L4,sub-06,60,2.3307036231962934,-491.10954461049835
variant_native,original_native,0,100,10,L4,sub-07,60,1.4657486350070967,-360.0957238324994
variant_native,original_native,0,100,10,L4,sub-08,60,0.5862646704307317,-319.224484550542
variant_native,original_native,0,100,10,L4,sub-09,60,2.6571071930352756,-888.9331948821019
variant_native,original_native,0,100,10,L4,sub-10,60,-1.1677762196512573,-999.3186333721835
variant_native,original_native,0,100,10,L4,sub-11,60,-1.0470522753963885,-491.36985696482884
variant_native,original_native,0,100,10,L4,sub-12,60,1.8334882949884512,-428.11933658184336
variant_native,original_native,0,100,10,L4,sub-13,60,0.9833645187108602,-564.5701563341769
variant_native,original_native,0,100,10,L5,sub-01,60,-8.911073943889678,-9388.16424540366
variant_native,original_native,0,100,10,L5,sub-02,60,0.7782837838662822,-404.1024693226113
variant_native,original_native,0,100,10,L5,sub-03,60,2.8437835085731,-306.0383835674017
variant_native,original_native,0,100,10,L5,sub-04,60,0.5232886060016669,-801.9402707078528
variant_native,original_native,0,100,10,L5,sub-05,60,3.1618298185816545,-11.083376361528222
variant_native,original_native,0,100,10,L5,sub-06,60,2.8660563792132137,-433.73595051394176
variant_native,original_native,0,100,10,L5,sub-07,60,5.654686042495608,-192.95680525783578
variant_native,original_native,0,100,10,L5,sub-08,60,2.407963503764038,-156.50681830146968
variant_native,original_native,0,100,10,L5,sub-09,60,2.2198977093086247,-803.4989962951229
variant_native,original_native,0,100,10,L5,sub-10,60,0.039275786325773734,-1023.273983516655
variant_native,original_native,0,100,10,L5,sub-11,60,-3.278790709208912,-792.4864027757186
variant_native,original_native,0,100,10,L5,sub-12,60,2.530953700186829,-362.28556708224494
variant_native,original_native,0,100,10,L5,sub-13,60,1.7979231231352764,-530.9766255980556
variant_native,original_native,0,100,10,S1,sub-01,60,-5.181121203507067,-8180.045400443582
variant_native,original_native,0,100,10,S1,sub-02,60,2.892893067739628,-260.7052190604799
variant_native,original_native,0,100,10,S1,sub-03,60,-1.7173517510094052,-776.7646079359955
variant_native,original_native,0,100,10,S1,sub-04,60,4.528984307913929,-491.3911207901559
variant_native,original_native,0,100,10,S1,sub-05,60,-4.653230867057851,-2417.8943282343444
variant_native,original_native,0,100,10,S1,sub-06,60,6.982681797543192,99.3432724900893
variant_native,original_native,0,100,10,S1,sub-07,60,1.0535725497846873,-461.20607614597816
variant_native,original_native,0,100,10,S1,sub-08,60,-3.0976241558442235,-877.2518841008933
variant_native,original_native,0,100,10,S1,sub-09,60,-6.445223610740984,-3192.9596870129812
variant_native,original_native,0,100,10,S1,sub-10,60,1.7111377669963475,-991.3864689934034
variant_native,original_native,0,100,10,S1,sub-11,60,4.909616095411857,236.90499888759794
variant_native,original_native,0,100,10,S1,sub-12,60,4.688168576359521,-298.23760498134016
variant_native,original_native,0,100,10,S1,sub-13,60,2.698333532452831,-365.7811463779452
variant_native,original_native,0,100,10,S2,sub-01,60,5.744192851933531,-367.65966537060353
variant_native,original_native,0,100,10,S2,sub-02,60,2.439423015769249,-304.84318632198415
variant_native,original_native,0,100,10,S2,sub-03,60,3.663529080135776,-243.79860477700052
variant_native,original_native,0,100,10,S2,sub-04,60,6.362122649401673,-202.40479478741426
variant_native,original_native,0,100,10,S2,sub-05,60,6.048122869781571,25.8400641531677
variant_native,original_native,0,100,10,S2,sub-06,60,0.13918019091049236,-2232.5113511966174
variant_native,original_native,0,100,10,S2,sub-07,60,3.2608716358772964,-322.2721656418447
variant_native,original_native,0,100,10,S2,sub-08,60,7.833323027067578,661.4209202601106
variant_native,original_native,0,100,10,S2,sub-09,60,5.148864641413861,-592.1131115580419
variant_native,original_native,0,100,10,S2,sub-10,60,5.192618545774281,-602.3194687292486
variant_native,original_native,0,100,10,S2,sub-11,60,-0.4492188130421469,-534.2948949491375
variant_native,original_native,0,100,10,S2,sub-12,60,6.657486392604553,-105.17261069354956
variant_native,original_native,0,100,10,S2,sub-13,60,4.200565230612916,-236.00659794370117
variant_native,common_endpoint,0,100,2,L1,sub-01,60,0.6911777713223963,-22808.885092710287
variant_native,common_endpoint,0,100,2,L1,sub-02,60,0.17605653297090765,-1537.8939670723003
variant_native,common_endpoint,0,100,2,L1,sub-03,60,0.03161113459835983,415.724491387076
variant_native,common_endpoint,0,100,2,L1,sub-04,60,3.8833971172122848,-242.41386841607587
variant_native,common_endpoint,0,100,2,L1,sub-05,60,-0.4065044899732466,-10553.917652388967
variant_native,common_endpoint,0,100,2,L1,sub-06,60,1.4781334285941592,1885.9034842624221
variant_native,common_endpoint,0,100,2,L1,sub-07,60,-4.146275882788773,-2117.8031809486442
variant_native,common_endpoint,0,100,2,L1,sub-08,60,-2.066937728798547,1109.467874152759
variant_native,common_endpoint,0,100,2,L1,sub-09,60,2.3297995403504834,-1684.0786692367465
variant_native,common_endpoint,0,100,2,L1,sub-10,60,-0.1421533268608655,-599.7525605492522
variant_native,common_endpoint,0,100,2,L1,sub-11,60,1.2141079586414276,1430.4725027673599
variant_native,common_endpoint,0,100,2,L1,sub-12,60,-0.01621386654864224,-1768.0173874078728
variant_native,common_endpoint,0,100,2,L1,sub-13,60,-6.555849701145086,-14919.509830542922
variant_native,common_endpoint,0,100,2,L2,sub-01,60,5.902011347113173,-7614.045673484261
variant_native,common_endpoint,0,100,2,L2,sub-02,60,-0.6334146943705238,-1173.7873266110948
variant_native,common_endpoint,0,100,2,L2,sub-03,60,-18.737175946381363,-19604.74370019382
variant_native,common_endpoint,0,100,2,L2,sub-04,60,1.1033347370866102,-2469.8215849989983
variant_native,common_endpoint,0,100,2,L2,sub-05,60,4.617411307549381,-5899.747156591483
variant_native,common_endpoint,0,100,2,L2,sub-06,60,0.24395747114443017,-1183.412628860776
variant_native,common_endpoint,0,100,2,L2,sub-07,60,-3.0875859015741742,4601.67271754495
variant_native,common_endpoint,0,100,2,L2,sub-08,60,-4.771482844132445,3216.6413609515525
variant_native,common_endpoint,0,100,2,L2,sub-09,60,4.739085826147106,1747.7848896754128
variant_native,common_endpoint,0,100,2,L2,sub-10,60,-0.9011040495665975,1672.2676998704906
variant_native,common_endpoint,0,100,2,L2,sub-11,60,-4.906627023962745,-9487.162731723953
variant_native,common_endpoint,0,100,2,L2,sub-12,60,1.296483513875827,1026.2703878928232
variant_native,common_endpoint,0,100,2,L2,sub-13,60,-5.906167795498871,-6021.439654686206
variant_native,common_endpoint,0,100,2,L3,sub-01,60,13.066155924223962,11598.017246810034
variant_native,common_endpoint,0,100,2,L3,sub-02,60,-0.9665380153292298,-2407.492415465546
variant_native,common_endpoint,0,100,2,L3,sub-03,60,5.458744994619017,5760.54363811766
variant_native,common_endpoint,0,100,2,L3,sub-04,60,2.6279468159455264,-1313.9100450543358
variant_native,common_endpoint,0,100,2,L3,sub-05,60,0.17191765381651145,-265.3806428395032
variant_native,common_endpoint,0,100,2,L3,sub-06,60,-12.810757043665529,-27958.526748596243
variant_native,common_endpoint,0,100,2,L3,sub-07,60,-1.9234146893384911,1927.90123447696
variant_native,common_endpoint,0,100,2,L3,sub-08,60,-0.04036124559835182,481.06001558707686
variant_native,common_endpoint,0,100,2,L3,sub-09,60,2.1425396484732415,-1540.3579154516417
variant_native,common_endpoint,0,100,2,L3,sub-10,60,-1.999281239920254,865.7739093775423
variant_native,common_endpoint,0,100,2,L3,sub-11,60,-2.985900781043621,-9069.829891670317
variant_native,common_endpoint,0,100,2,L3,sub-12,60,0.1704973665299905,-1963.755710400687
variant_native,common_endpoint,0,100,2,L3,sub-13,60,9.193800745392567,14150.736935119938
variant_native,common_endpoint,0,100,2,L4,sub-01,60,-9.848830711481423,-47800.76977060156
variant_native,common_endpoint,0,100,2,L4,sub-02,60,-1.7343992901820402,-2838.399437411114
variant_native,common_endpoint,0,100,2,L4,sub-03,60,4.5742523363122,2680.887762806432
variant_native,common_endpoint,0,100,2,L4,sub-04,60,0.6913623487117337,-3920.995782875305
variant_native,common_endpoint,0,100,2,L4,sub-05,60,-8.776630141898988,-19908.01936950882
variant_native,common_endpoint,0,100,2,L4,sub-06,60,1.6849488812542892,-691.7593471999039
variant_native,common_endpoint,0,100,2,L4,sub-07,60,0.6638982349422436,1504.4212476815617
variant_native,common_endpoint,0,100,2,L4,sub-08,60,0.20514585219305198,4121.240527313768
variant_native,common_endpoint,0,100,2,L4,sub-09,60,3.305973083103546,-462.2727812156503
variant_native,common_endpoint,0,100,2,L4,sub-10,60,-1.3487618881378796,761.197449236755
variant_native,common_endpoint,0,100,2,L4,sub-11,60,-2.1556024019654245,-15600.568037453711
variant_native,common_endpoint,0,100,2,L4,sub-12,60,1.1161717242563225,-1002.6824495891192
variant_native,common_endpoint,0,100,2,L4,sub-13,60,4.240793330366319,1238.5729224714555
variant_native,common_endpoint,0,100,2,L5,sub-01,60,-8.807518456245758,-49316.079388395105
variant_native,common_endpoint,0,100,2,L5,sub-02,60,1.866122786053176,-105.62178820435163
variant_native,common_endpoint,0,100,2,L5,sub-03,60,4.4661738607311925,3569.979106764474
variant_native,common_endpoint,0,100,2,L5,sub-04,60,0.386749840927234,-4650.180997570592
variant_native,common_endpoint,0,100,2,L5,sub-05,60,2.2788987263134626,1308.7155189009995
variant_native,common_endpoint,0,100,2,L5,sub-06,60,3.6055926091348867,724.8929904996968
variant_native,common_endpoint,0,100,2,L5,sub-07,60,-1.4683880091687298,29462.678102084083
variant_native,common_endpoint,0,100,2,L5,sub-08,60,2.241628634937854,5960.37305031793
variant_native,common_endpoint,0,100,2,L5,sub-09,60,3.7209430657039104,-395.2009151019754
variant_native,common_endpoint,0,100,2,L5,sub-10,60,-0.43907247298583557,971.3409818421688
variant_native,common_endpoint,0,100,2,L5,sub-11,60,2.4765228713592737,-478.00387387768404
variant_native,common_endpoint,0,100,2,L5,sub-12,60,1.51104607721535,-875.6928430264113
variant_native,common_endpoint,0,100,2,L5,sub-13,60,5.044501483996279,1475.3915574898242
variant_native,common_endpoint,0,100,2,S1,sub-01,60,-3.455962069070726,-26982.381627892515
variant_native,common_endpoint,0,100,2,S1,sub-02,60,-4.174692521956247,-7891.75900059
variant_native,common_endpoint,0,100,2,S1,sub-03,60,1.9074923201151897,2663.0423967247348
variant_native,common_endpoint,0,100,2,S1,sub-04,60,-5.3018822446288985,-10584.976517095136
variant_native,common_endpoint,0,100,2,S1,sub-05,60,-1.2696021757977893,-3916.0313612709956
variant_native,common_endpoint,0,100,2,S1,sub-06,60,2.6130493711563125,4142.754490182906
variant_native,common_endpoint,0,100,2,S1,sub-07,60,1.6910974199564068,2795.110614375723
variant_native,common_endpoint,0,100,2,S1,sub-08,60,-12.98152899481737,-19788.161836735126
variant_native,common_endpoint,0,100,2,S1,sub-09,60,-14.37646771251055,-19671.186006441163
variant_native,common_endpoint,0,100,2,S1,sub-10,60,-3.406477512360921,2644.195015935454
variant_native,common_endpoint,0,100,2,S1,sub-11,60,0.8079430515851069,-2028.0929409066332
variant_native,common_endpoint,0,100,2,S1,sub-12,60,-8.369899431930778,-19020.696785022817
variant_native,common_endpoint,0,100,2,S1,sub-13,60,-11.362346707700603,-23067.310925751062
variant_native,common_endpoint,0,100,2,S2,sub-01,60,2.452966194138379,-5978.206760436643
variant_native,common_endpoint,0,100,2,S2,sub-02,60,5.466865202813957,4077.8931403200113
variant_native,common_endpoint,0,100,2,S2,sub-03,60,2.2989013000054013,1788.9443440382383
variant_native,common_endpoint,0,100,2,S2,sub-04,60,-3.3909086152544905,-8998.645888629719
variant_native,common_endpoint,0,100,2,S2,sub-05,60,3.3845091199906725,6557.9166235068815
variant_native,common_endpoint,0,100,2,S2,sub-06,60,3.18507528238145,3824.262772695499
variant_native,common_endpoint,0,100,2,S2,sub-07,60,8.270668827971521,16835.923637074233
variant_native,common_endpoint,0,100,2,S2,sub-08,60,17.413536326215812,57201.33818376065
variant_native,common_endpoint,0,100,2,S2,sub-09,60,-1.861873451267744,-4808.535118667407
variant_native,common_endpoint,0,100,2,S2,sub-10,60,8.236850489832355,38934.84573441246
variant_native,common_endpoint,0,100,2,S2,sub-11,60,5.5495563253859865,4108.408987014585
variant_native,common_endpoint,0,100,2,S2,sub-12,60,4.291914616601931,3798.8451558749844
variant_native,common_endpoint,0,100,2,S2,sub-13,60,5.345268644589395,2249.3969122841672
variant_native,common_endpoint,0,100,5,L1,sub-01,60,0.7241704619238002,-15796.555486718693
variant_native,common_endpoint,0,100,5,L1,sub-02,60,-5.169219115133117,-1473.8897257983633
variant_native,common_endpoint,0,100,5,L1,sub-03,60,-3.486971193901324,-1009.5520599586504
variant_native,common_endpoint,0,100,5,L1,sub-04,60,-0.3852973984436375,-1835.5158976435903
variant_native,common_endpoint,0,100,5,L1,sub-05,60,-5.691931778513026,-2926.2708642316243
variant_native,common_endpoint,0,100,5,L1,sub-06,60,-2.7904895973191444,-1308.8860418860904
variant_native,common_endpoint,0,100,5,L1,sub-07,60,-7.415104185937012,-2098.544690298614
variant_native,common_endpoint,0,100,5,L1,sub-08,60,-4.182141455101991,-1620.0763041592431
variant_native,common_endpoint,0,100,5,L1,sub-09,60,-1.2944222505758052,-1460.743771721974
variant_native,common_endpoint,0,100,5,L1,sub-10,60,-3.3467030215266744,-1427.1986937814033
variant_native,common_endpoint,0,100,5,L1,sub-11,60,-3.0992623222050484,-1584.111105962386
variant_native,common_endpoint,0,100,5,L1,sub-12,60,-4.080488546475924,-2106.6782085063965
variant_native,common_endpoint,0,100,5,L1,sub-13,60,-11.657437031863958,-6703.1030641363795
variant_native,common_endpoint,0,100,5,L2,sub-01,60,6.838720400865907,-10663.483882023464
variant_native,common_endpoint,0,100,5,L2,sub-02,60,-3.7659431519127406,-1232.6456898199642
variant_native,common_endpoint,0,100,5,L2,sub-03,60,-9.746959924519507,-2620.327012772621
variant_native,common_endpoint,0,100,5,L2,sub-04,60,-3.2238255482129174,-2597.5731509068232
variant_native,common_endpoint,0,100,5,L2,sub-05,60,-2.372351863581318,-2486.7615943650508
variant_native,common_endpoint,0,100,5,L2,sub-06,60,-1.024227781008872,-956.2266765159573
variant_native,common_endpoint,0,100,5,L2,sub-07,60,-2.2045936423435486,-547.2001353688413
variant_native,common_endpoint,0,100,5,L2,sub-08,60,-0.8896526209299889,-41.85027229985667
variant_native,common_endpoint,0,100,5,L2,sub-09,60,0.0770065258662753,-1168.5905780535372
variant_native,common_endpoint,0,100,5,L2,sub-10,60,-3.982644605684746,-1533.2611364008942
variant_native,common_endpoint,0,100,5,L2,sub-11,60,-3.0698610838353324,-2581.8854734534657
variant_native,common_endpoint,0,100,5,L2,sub-12,60,-0.8430780450570857,-1482.304170153439
variant_native,common_endpoint,0,100,5,L2,sub-13,60,-10.292859701442945,-4256.562471197062
variant_native,common_endpoint,0,100,5,L3,sub-01,60,10.78132600040505,-7525.363432512139
variant_native,common_endpoint,0,100,5,L3,sub-02,60,-2.329179043655166,-1073.2292459702828
variant_native,common_endpoint,0,100,5,L3,sub-03,60,2.1765421787515247,119.37555143071819
variant_native,common_endpoint,0,100,5,L3,sub-04,60,-2.673622196207194,-2555.5431592598193
variant_native,common_endpoint,0,100,5,L3,sub-05,60,0.15428568632211903,-979.9370885816718
variant_native,common_endpoint,0,100,5,L3,sub-06,60,-14.66629884562762,-9446.94306655786
variant_native,common_endpoint,0,100,5,L3,sub-07,60,-2.0221350939882132,-424.4028866780429
variant_native,common_endpoint,0,100,5,L3,sub-08,60,1.1512665652214467,-353.5463409137541
variant_native,common_endpoint,0,100,5,L3,sub-09,60,1.9099918423538893,-944.5960329851785
variant_native,common_endpoint,0,100,5,L3,sub-10,60,-2.359288868157722,-1359.87094585834
variant_native,common_endpoint,0,100,5,L3,sub-11,60,-1.2031187523700015,-351.5905779037926
variant_native,common_endpoint,0,100,5,L3,sub-12,60,-0.1577965876646123,-1211.534087051496
variant_native,common_endpoint,0,100,5,L3,sub-13,60,3.621730976274887,-129.9432298618485
variant_native,common_endpoint,0,100,5,L4,sub-01,60,-11.766792990887634,-21956.274886969517
variant_native,common_endpoint,0,100,5,L4,sub-02,60,1.3455986212974478,-292.89354984781096
variant_native,common_endpoint,0,100,5,L4,sub-03,60,0.15243846931538793,-440.78550683539066
variant_native,common_endpoint,0,100,5,L4,sub-04,60,-2.2009574982891125,-2510.0767221250976
variant_native,common_endpoint,0,100,5,L4,sub-05,60,-1.3975937383946035,-1011.5888515821939
variant_native,common_endpoint,0,100,5,L4,sub-06,60,1.7202392358314766,-399.8151892038364
variant_native,common_endpoint,0,100,5,L4,sub-07,60,2.145289475304012,176.86906162143063
variant_native,common_endpoint,0,100,5,L4,sub-08,60,2.4156381583774573,68.39942948069475
variant_native,common_endpoint,0,100,5,L4,sub-09,60,2.858810424529303,-850.8921420598924
variant_native,common_endpoint,0,100,5,L4,sub-10,60,-0.7635948106325802,-999.5093659838192
variant_native,common_endpoint,0,100,5,L4,sub-11,60,0.5290564806062805,-1606.0627191948633
variant_native,common_endpoint,0,100,5,L4,sub-12,60,-1.0469636025927422,-1643.2334231250572
variant_native,common_endpoint,0,100,5,L4,sub-13,60,3.688277252222919,-417.9739778227341
variant_native,common_endpoint,0,100,5,L5,sub-01,60,-10.223282364093764,-20681.67134626543
variant_native,common_endpoint,0,100,5,L5,sub-02,60,0.7381219174214476,-353.2085664393741
variant_native,common_endpoint,0,100,5,L5,sub-03,60,0.8297138084182777,-215.61861812010747
variant_native,common_endpoint,0,100,5,L5,sub-04,60,1.0804561902739485,-1814.7616908173563
variant_native,common_endpoint,0,100,5,L5,sub-05,60,7.003393572601831,986.428944163759
variant_native,common_endpoint,0,100,5,L5,sub-06,60,6.911169410975467,883.8303284728714
variant_native,common_endpoint,0,100,5,L5,sub-07,60,-0.2445297827957044,527.7308070057135
variant_native,common_endpoint,0,100,5,L5,sub-08,60,2.9758284696042114,72.67536348247855
variant_native,common_endpoint,0,100,5,L5,sub-09,60,4.269083614782105,-417.3859420326096
variant_native,common_endpoint,0,100,5,L5,sub-10,60,1.6666429886656566,-594.7772039402765
variant_native,common_endpoint,0,100,5,L5,sub-11,60,0.6970628585301266,-0.4784902736092325
variant_native,common_endpoint,0,100,5,L5,sub-12,60,1.9496799821219384,-845.9748103094108
variant_native,common_endpoint,0,100,5,L5,sub-13,60,3.037044812183677,-537.5687592273741
variant_native,common_endpoint,0,100,5,S1,sub-01,60,-0.33344431355190435,-11190.192718060758
variant_native,common_endpoint,0,100,5,S1,sub-02,60,4.8851291132888255,134.98976650115586
variant_native,common_endpoint,0,100,5,S1,sub-03,60,4.096012495369288,266.3231527127306
variant_native,common_endpoint,0,100,5,S1,sub-04,60,4.411024349542758,-1327.508012127915
variant_native,common_endpoint,0,100,5,S1,sub-05,60,-3.429791100104424,-4446.456379222943
variant_native,common_endpoint,0,100,5,S1,sub-06,60,5.120930868422044,915.7206351769963
variant_native,common_endpoint,0,100,5,S1,sub-07,60,3.5913587790605903,570.907660918981
variant_native,common_endpoint,0,100,5,S1,sub-08,60,-15.020236470450383,-7870.877791122831
variant_native,common_endpoint,0,100,5,S1,sub-09,60,-14.419108415635929,-7479.9620562499895
variant_native,common_endpoint,0,100,5,S1,sub-10,60,-2.3773196269989514,-1316.6357468594388
variant_native,common_endpoint,0,100,5,S1,sub-11,60,2.3991092923100252,-110.49524124743263
variant_native,common_endpoint,0,100,5,S1,sub-12,60,-3.4869240398127577,-4225.700395103179
variant_native,common_endpoint,0,100,5,S1,sub-13,60,4.853885447243221,-702.7498782232841
variant_native,common_endpoint,0,100,5,S2,sub-01,60,3.9793028053385435,-880.2900263566337
variant_native,common_endpoint,0,100,5,S2,sub-02,60,4.295491658693304,453.1893377783263
variant_native,common_endpoint,0,100,5,S2,sub-03,60,5.979224166566354,491.9087150198247
variant_native,common_endpoint,0,100,5,S2,sub-04,60,2.9922221013361563,-1305.6378504437794
variant_native,common_endpoint,0,100,5,S2,sub-05,60,5.733989221669426,-358.30891725179583
variant_native,common_endpoint,0,100,5,S2,sub-06,60,4.728676708726653,-942.6975804005139
variant_native,common_endpoint,0,100,5,S2,sub-07,60,6.149714450699879,1081.4869700246586
variant_native,common_endpoint,0,100,5,S2,sub-08,60,13.549297353279247,4634.357941960269
variant_native,common_endpoint,0,100,5,S2,sub-09,60,6.598638258680164,-227.3471076431949
variant_native,common_endpoint,0,100,5,S2,sub-10,60,11.162907944335014,3858.6649862053573
variant_native,common_endpoint,0,100,5,S2,sub-11,60,3.747013526963948,601.7837078162105
variant_native,common_endpoint,0,100,5,S2,sub-12,60,7.66557083948118,224.9601440428042
variant_native,common_endpoint,0,100,5,S2,sub-13,60,6.749358245382198,114.51097509267699
variant_native,common_endpoint,0,100,10,L1,sub-01,60,-0.19489900454175205,-6214.866838886579
variant_native,common_endpoint,0,100,10,L1,sub-02,60,-6.210408946909372,-1049.3663064582554
variant_native,common_endpoint,0,100,10,L1,sub-03,60,-5.832246021677552,-1172.762266665671
variant_native,common_endpoint,0,100,10,L1,sub-04,60,-3.4069433175162582,-1075.9676699076076
variant_native,common_endpoint,0,100,10,L1,sub-05,60,-4.926693082366716,-1070.4674401833383
variant_native,common_endpoint,0,100,10,L1,sub-06,60,-4.848053168639876,-1302.8513019189304
variant_native,common_endpoint,0,100,10,L1,sub-07,60,-8.142567250746172,-1484.2035856511718
variant_native,common_endpoint,0,100,10,L1,sub-08,60,-6.060169075321367,-994.3102113765342
variant_native,common_endpoint,0,100,10,L1,sub-09,60,-2.7082538436260584,-1265.8394402854815
variant_native,common_endpoint,0,100,10,L1,sub-10,60,-1.7054650823214252,-982.1391252004752
variant_native,common_endpoint,0,100,10,L1,sub-11,60,1.25045549498482,-221.57491940531602
variant_native,common_endpoint,0,100,10,L1,sub-12,60,-8.071039528616735,-1411.4713670693689
variant_native,common_endpoint,0,100,10,L1,sub-13,60,-10.717050158021948,-3406.0631110752624
variant_native,common_endpoint,0,100,10,L2,sub-01,60,7.63185236520585,-5733.3734970720625
variant_native,common_endpoint,0,100,10,L2,sub-02,60,-1.5806911872220675,-593.3022850527414
variant_native,common_endpoint,0,100,10,L2,sub-03,60,-3.235206440864836,-849.2432900937163
variant_native,common_endpoint,0,100,10,L2,sub-04,60,-2.7011081897704305,-1049.2686311425782
variant_native,common_endpoint,0,100,10,L2,sub-05,60,-4.544905015683868,-1084.0586292014666
variant_native,common_endpoint,0,100,10,L2,sub-06,60,1.3099644294910116,-500.92568767667103
variant_native,common_endpoint,0,100,10,L2,sub-07,60,-3.021258393142649,-781.0702638093776
variant_native,common_endpoint,0,100,10,L2,sub-08,60,-0.9703329479281135,-347.1728003964834
variant_native,common_endpoint,0,100,10,L2,sub-09,60,-2.7390084608748912,-1286.1930967103283
variant_native,common_endpoint,0,100,10,L2,sub-10,60,-2.9961758628289603,-1119.9841187884476
variant_native,common_endpoint,0,100,10,L2,sub-11,60,-1.119475117612575,-540.6668158589987
variant_native,common_endpoint,0,100,10,L2,sub-12,60,-4.01394286600213,-1024.1142665942161
variant_native,common_endpoint,0,100,10,L2,sub-13,60,0.4444670938904943,-551.2861688460274
variant_native,common_endpoint,0,100,10,L3,sub-01,60,9.145477583707445,-5856.156144913168
variant_native,common_endpoint,0,100,10,L3,sub-02,60,0.6545326572241074,-385.6382267544326
variant_native,common_endpoint,0,100,10,L3,sub-03,60,1.454231670728944,-373.35350540204195
variant_native,common_endpoint,0,100,10,L3,sub-04,60,-3.4915535281804684,-1172.292663553275
variant_native,common_endpoint,0,100,10,L3,sub-05,60,0.9380435256966382,-244.80610304399286
variant_native,common_endpoint,0,100,10,L3,sub-06,60,-8.780533251714335,-3103.8889502835473
variant_native,common_endpoint,0,100,10,L3,sub-07,60,-0.27105321927586995,-562.7008062245652
variant_native,common_endpoint,0,100,10,L3,sub-08,60,-0.6994250221686461,-401.48727069726186
variant_native,common_endpoint,0,100,10,L3,sub-09,60,1.866616371484176,-755.628462100871
variant_native,common_endpoint,0,100,10,L3,sub-10,60,-1.0736149342947614,-932.6869897441935
variant_native,common_endpoint,0,100,10,L3,sub-11,60,-0.26553467513665224,-355.9008075169377
variant_native,common_endpoint,0,100,10,L3,sub-12,60,-3.6251145695204907,-1030.6136674033914
variant_native,common_endpoint,0,100,10,L3,sub-13,60,0.592396659219568,-557.3359429633201
variant_native,common_endpoint,0,100,10,L4,sub-01,60,-8.23442864890833,-9147.193367549164
variant_native,common_endpoint,0,100,10,L4,sub-02,60,1.0259676095321695,-386.6188549243488
variant_native,common_endpoint,0,100,10,L4,sub-03,60,2.8232599541139733,-263.44203270621904
variant_native,common_endpoint,0,100,10,L4,sub-04,60,-1.8147905278501109,-952.5707456317392
variant_native,common_endpoint,0,100,10,L4,sub-05,60,3.9768327510485735,-20.453322268016002
variant_native,common_endpoint,0,100,10,L4,sub-06,60,2.3307036231962934,-491.10954461049835
variant_native,common_endpoint,0,100,10,L4,sub-07,60,1.4657486350070967,-360.0957238324994
variant_native,common_endpoint,0,100,10,L4,sub-08,60,0.5862646704307317,-319.224484550542
variant_native,common_endpoint,0,100,10,L4,sub-09,60,2.6571071930352756,-888.9331948821019
variant_native,common_endpoint,0,100,10,L4,sub-10,60,-1.1677762196512573,-999.3186333721835
variant_native,common_endpoint,0,100,10,L4,sub-11,60,-1.0470522753963885,-491.36985696482884
variant_native,common_endpoint,0,100,10,L4,sub-12,60,1.8334882949884512,-428.11933658184336
variant_native,common_endpoint,0,100,10,L4,sub-13,60,0.9833645187108602,-564.5701563341769
variant_native,common_endpoint,0,100,10,L5,sub-01,60,-8.911073943889678,-9388.16424540366
variant_native,common_endpoint,0,100,10,L5,sub-02,60,0.7782837838662822,-404.1024693226113
variant_native,common_endpoint,0,100,10,L5,sub-03,60,2.8437835085731,-306.0383835674017
variant_native,common_endpoint,0,100,10,L5,sub-04,60,0.5232886060016669,-801.9402707078528
variant_native,common_endpoint,0,100,10,L5,sub-05,60,3.1618298185816545,-11.083376361528222
variant_native,common_endpoint,0,100,10,L5,sub-06,60,2.8660563792132137,-433.73595051394176
variant_native,common_endpoint,0,100,10,L5,sub-07,60,5.654686042495608,-192.95680525783578
variant_native,common_endpoint,0,100,10,L5,sub-08,60,2.407963503764038,-156.50681830146968
variant_native,common_endpoint,0,100,10,L5,sub-09,60,2.2198977093086247,-803.4989962951229
variant_native,common_endpoint,0,100,10,L5,sub-10,60,0.039275786325773734,-1023.273983516655
variant_native,common_endpoint,0,100,10,L5,sub-11,60,-3.278790709208912,-792.4864027757186
variant_native,common_endpoint,0,100,10,L5,sub-12,60,2.530953700186829,-362.28556708224494
variant_native,common_endpoint,0,100,10,L5,sub-13,60,1.7979231231352764,-530.9766255980556
variant_native,common_endpoint,0,100,10,S1,sub-01,60,-5.181121203507067,-8180.045400443582
variant_native,common_endpoint,0,100,10,S1,sub-02,60,2.892893067739628,-260.7052190604799
variant_native,common_endpoint,0,100,10,S1,sub-03,60,-1.7173517510094052,-776.7646079359955
variant_native,common_endpoint,0,100,10,S1,sub-04,60,4.528984307913929,-491.3911207901559
variant_native,common_endpoint,0,100,10,S1,sub-05,60,-4.653230867057851,-2417.8943282343444
variant_native,common_endpoint,0,100,10,S1,sub-06,60,6.982681797543192,99.3432724900893
variant_native,common_endpoint,0,100,10,S1,sub-07,60,1.0535725497846873,-461.20607614597816
variant_native,common_endpoint,0,100,10,S1,sub-08,60,-3.0976241558442235,-877.2518841008933
variant_native,common_endpoint,0,100,10,S1,sub-09,60,-6.445223610740984,-3192.9596870129812
variant_native,common_endpoint,0,100,10,S1,sub-10,60,1.7111377669963475,-991.3864689934034
variant_native,common_endpoint,0,100,10,S1,sub-11,60,4.909616095411857,236.90499888759794
variant_native,common_endpoint,0,100,10,S1,sub-12,60,4.688168576359521,-298.23760498134016
variant_native,common_endpoint,0,100,10,S1,sub-13,60,2.698333532452831,-365.7811463779452
variant_native,common_endpoint,0,100,10,S2,sub-01,60,5.744192851933531,-367.65966537060353
variant_native,common_endpoint,0,100,10,S2,sub-02,60,2.439423015769249,-304.84318632198415
variant_native,common_endpoint,0,100,10,S2,sub-03,60,3.663529080135776,-243.79860477700052
variant_native,common_endpoint,0,100,10,S2,sub-04,60,6.362122649401673,-202.40479478741426
variant_native,common_endpoint,0,100,10,S2,sub-05,60,6.048122869781571,25.8400641531677
variant_native,common_endpoint,0,100,10,S2,sub-06,60,0.13918019091049236,-2232.5113511966174
variant_native,common_endpoint,0,100,10,S2,sub-07,60,3.2608716358772964,-322.2721656418447
variant_native,common_endpoint,0,100,10,S2,sub-08,60,7.833323027067578,661.4209202601106
variant_native,common_endpoint,0,100,10,S2,sub-09,60,5.148864641413861,-592.1131115580419
variant_native,common_endpoint,0,100,10,S2,sub-10,60,5.192618545774281,-602.3194687292486
variant_native,common_endpoint,0,100,10,S2,sub-11,60,-0.4492188130421469,-534.2948949491375
variant_native,common_endpoint,0,100,10,S2,sub-12,60,6.657486392604553,-105.17261069354956
variant_native,common_endpoint,0,100,10,S2,sub-13,60,4.200565230612916,-236.00659794370117
variant_native,common_endpoint_central,0,100,2,L1,sub-01,60,-2.298038204730311,-24539.470759402102
variant_native,common_endpoint_central,0,100,2,L1,sub-02,60,-4.980279125424545,-3072.6790484506046
variant_native,common_endpoint_central,0,100,2,L1,sub-03,60,-1.0381050050947764,-1231.4536920165147
variant_native,common_endpoint_central,0,100,2,L1,sub-04,60,-2.584213027327989,-3502.0195122506625
variant_native,common_endpoint_central,0,100,2,L1,sub-05,60,-3.992062144562284,-13194.468254689127
variant_native,common_endpoint_central,0,100,2,L1,sub-06,60,-2.638347267611741,-1484.8483825612188
variant_native,common_endpoint_central,0,100,2,L1,sub-07,60,-7.0898046030145645,-3006.2322647087753
variant_native,common_endpoint_central,0,100,2,L1,sub-08,60,-8.229542707408957,-6070.691906468532
variant_native,common_endpoint_central,0,100,2,L1,sub-09,60,3.6450574215625973,-2219.5725975868086
variant_native,common_endpoint_central,0,100,2,L1,sub-10,60,-0.5239185552389248,-1298.0608160504269
variant_native,common_endpoint_central,0,100,2,L1,sub-11,60,-6.900075420582746,-172.92273864224896
variant_native,common_endpoint_central,0,100,2,L1,sub-12,60,-5.177477713863616,-2780.986941970853
variant_native,common_endpoint_central,0,100,2,L1,sub-13,60,-14.623495185482657,-14521.36309684168
variant_native,common_endpoint_central,0,100,2,L2,sub-01,60,6.927386456087643,-8859.703465150396
variant_native,common_endpoint_central,0,100,2,L2,sub-02,60,-3.884764180860898,-2127.2105379391187
variant_native,common_endpoint_central,0,100,2,L2,sub-03,60,-18.21138817455606,-19200.074231928294
variant_native,common_endpoint_central,0,100,2,L2,sub-04,60,-4.135514739173115,-4854.325062493628
variant_native,common_endpoint_central,0,100,2,L2,sub-05,60,0.11863772943712449,-11875.475383028352
variant_native,common_endpoint_central,0,100,2,L2,sub-06,60,-0.6511095380598466,180.5244449843029
variant_native,common_endpoint_central,0,100,2,L2,sub-07,60,-4.048633000067615,2709.532224992265
variant_native,common_endpoint_central,0,100,2,L2,sub-08,60,-1.8400216638452915,7809.582783382484
variant_native,common_endpoint_central,0,100,2,L2,sub-09,60,3.6364287721862234,-765.4225623221865
variant_native,common_endpoint_central,0,100,2,L2,sub-10,60,-1.4230682311707994,229.41224609359014
variant_native,common_endpoint_central,0,100,2,L2,sub-11,60,-2.551256919984506,-3918.357169022229
variant_native,common_endpoint_central,0,100,2,L2,sub-12,60,-3.0675713243132003,-1064.8918101617257
variant_native,common_endpoint_central,0,100,2,L2,sub-13,60,2.3949095686793087,2392.1072878618747
variant_native,common_endpoint_central,0,100,2,L3,sub-01,60,17.325886337929596,9723.22924002224
variant_native,common_endpoint_central,0,100,2,L3,sub-02,60,-1.9843663390080617,-1086.1114036718259
variant_native,common_endpoint_central,0,100,2,L3,sub-03,60,4.6628532789663195,2551.7601377341357
variant_native,common_endpoint_central,0,100,2,L3,sub-04,60,-0.7826805706023374,-2532.3766476592837
variant_native,common_endpoint_central,0,100,2,L3,sub-05,60,2.3319491628648086,1929.5992475640292
variant_native,common_endpoint_central,0,100,2,L3,sub-06,60,0.7065674945738755,1078.2168345455104
variant_native,common_endpoint_central,0,100,2,L3,sub-07,60,-2.4609046516374846,2930.419984185935
variant_native,common_endpoint_central,0,100,2,L3,sub-08,60,-2.6409764233303776,-849.3974439293481
variant_native,common_endpoint_central,0,100,2,L3,sub-09,60,2.4849751373402404,-2243.309550184003
variant_native,common_endpoint_central,0,100,2,L3,sub-10,60,-2.277895453718813,-2184.278455935127
variant_native,common_endpoint_central,0,100,2,L3,sub-11,60,-4.139437084623096,-5233.985413558059
variant_native,common_endpoint_central,0,100,2,L3,sub-12,60,-0.2968416856742685,-132.1768362646469
variant_native,common_endpoint_central,0,100,2,L3,sub-13,60,1.1819239132735941,164.226148983836
variant_native,common_endpoint_central,0,100,2,L4,sub-01,60,-10.967956499489219,-48128.1253387191
variant_native,common_endpoint_central,0,100,2,L4,sub-02,60,-0.5604786617526116,-325.2808624293338
variant_native,common_endpoint_central,0,100,2,L4,sub-03,60,5.424812066204819,2793.585599553378
variant_native,common_endpoint_central,0,100,2,L4,sub-04,60,-0.6135569759934133,-2009.344526206691
variant_native,common_endpoint_central,0,100,2,L4,sub-05,60,-4.62646774611092,-1456.865109883157
variant_native,common_endpoint_central,0,100,2,L4,sub-06,60,-0.4316302907241505,392.65893804811736
variant_native,common_endpoint_central,0,100,2,L4,sub-07,60,-0.4431204411794749,1803.1635952272204
variant_native,common_endpoint_central,0,100,2,L4,sub-08,60,-1.6542590925726504,4652.001998240014
variant_native,common_endpoint_central,0,100,2,L4,sub-09,60,2.4631092955504266,-2069.530917202109
variant_native,common_endpoint_central,0,100,2,L4,sub-10,60,-0.8276601830856009,-1779.086544030372
variant_native,common_endpoint_central,0,100,2,L4,sub-11,60,0.8243627602607184,-984.8085230359015
variant_native,common_endpoint_central,0,100,2,L4,sub-12,60,0.11544770698135838,142.04003759975583
variant_native,common_endpoint_central,0,100,2,L4,sub-13,60,1.4706718115567392,561.7668651946099
variant_native,common_endpoint_central,0,100,2,L5,sub-01,60,-10.238484031499931,-45755.96421565227
variant_native,common_endpoint_central,0,100,2,L5,sub-02,60,2.981920922209587,2083.205295035654
variant_native,common_endpoint_central,0,100,2,L5,sub-03,60,2.7966588997239383,1457.3207021835888
variant_native,common_endpoint_central,0,100,2,L5,sub-04,60,1.376929407292971,-936.8705671331415
variant_native,common_endpoint_central,0,100,2,L5,sub-05,60,2.729241097367846,1884.2005762577128
variant_native,common_endpoint_central,0,100,2,L5,sub-06,60,4.144879646865596,3445.2479085911546
variant_native,common_endpoint_central,0,100,2,L5,sub-07,60,5.281906111784457,43359.27747784209
variant_native,common_endpoint_central,0,100,2,L5,sub-08,60,-0.008439929863203537,6047.9447807899305
variant_native,common_endpoint_central,0,100,2,L5,sub-09,60,3.5715987750628497,-1700.786709215731
variant_native,common_endpoint_central,0,100,2,L5,sub-10,60,-0.3072269112786992,400.9220588304679
variant_native,common_endpoint_central,0,100,2,L5,sub-11,60,2.800023920297973,3114.335962892155
variant_native,common_endpoint_central,0,100,2,L5,sub-12,60,2.209088990020526,1400.1502145758009
variant_native,common_endpoint_central,0,100,2,L5,sub-13,60,0.8933324736003654,347.59321964540464
variant_native,common_endpoint_central,0,100,2,S1,sub-01,60,-4.59949671166587,-27583.959917924003
variant_native,common_endpoint_central,0,100,2,S1,sub-02,60,2.3413417245722457,3094.334993716437
variant_native,common_endpoint_central,0,100,2,S1,sub-03,60,2.5466096864407026,2652.7408995958112
variant_native,common_endpoint_central,0,100,2,S1,sub-04,60,2.3255812822720654,-37.67289859492119
variant_native,common_endpoint_central,0,100,2,S1,sub-05,60,-0.48623091058036993,-3331.2951867017496
variant_native,common_endpoint_central,0,100,2,S1,sub-06,60,3.0718457191278343,4484.54969750301
variant_native,common_endpoint_central,0,100,2,S1,sub-07,60,0.98481374380539,3166.0043056912427
variant_native,common_endpoint_central,0,100,2,S1,sub-08,60,-0.36948209715760655,6777.249426391852
variant_native,common_endpoint_central,0,100,2,S1,sub-09,60,-13.249519868134586,-20079.058508844962
variant_native,common_endpoint_central,0,100,2,S1,sub-10,60,-1.017370577119624,10561.080390409192
variant_native,common_endpoint_central,0,100,2,S1,sub-11,60,3.3861443606543467,5444.787515583516
variant_native,common_endpoint_central,0,100,2,S1,sub-12,60,2.6935922123507896,1696.369076926753
variant_native,common_endpoint_central,0,100,2,S1,sub-13,60,2.185154198157933,1506.1436551380116
variant_native,common_endpoint_central,0,100,2,S2,sub-01,60,3.850702653368098,1273.8540402411704
variant_native,common_endpoint_central,0,100,2,S2,sub-02,60,6.086625660264284,6067.448817518083
variant_native,common_endpoint_central,0,100,2,S2,sub-03,60,3.818559248315054,2681.6702826811047
variant_native,common_endpoint_central,0,100,2,S2,sub-04,60,4.413454623531819,1213.9263845370658
variant_native,common_endpoint_central,0,100,2,S2,sub-05,60,3.924932811583793,6351.123096448806
variant_native,common_endpoint_central,0,100,2,S2,sub-06,60,-4.202205764171568,3973.138627564766
variant_native,common_endpoint_central,0,100,2,S2,sub-07,60,7.775742840309292,17400.55144596273
variant_native,common_endpoint_central,0,100,2,S2,sub-08,60,14.742721914178084,57492.00732072556
variant_native,common_endpoint_central,0,100,2,S2,sub-09,60,-2.5516495335677534,-6328.682948780338
variant_native,common_endpoint_central,0,100,2,S2,sub-10,60,6.377139911612461,37531.283567567174
variant_native,common_endpoint_central,0,100,2,S2,sub-11,60,6.580238383977309,6368.168217355753
variant_native,common_endpoint_central,0,100,2,S2,sub-12,60,3.5237618144984113,4359.700086793673
variant_native,common_endpoint_central,0,100,2,S2,sub-13,60,6.49750322021472,4571.718016556342
variant_native,common_endpoint_central,0,100,5,L1,sub-01,60,-2.4648502080008674,-12453.306197828699
variant_native,common_endpoint_central,0,100,5,L1,sub-02,60,-7.149799504036834,-1568.031111774065
variant_native,common_endpoint_central,0,100,5,L1,sub-03,60,-4.14799454061853,-1174.4822441581478
variant_native,common_endpoint_central,0,100,5,L1,sub-04,60,-3.146655296068352,-2257.3602800744775
variant_native,common_endpoint_central,0,100,5,L1,sub-05,60,-7.1136171421499945,-3091.508151160993
variant_native,common_endpoint_central,0,100,5,L1,sub-06,60,-5.299839143791561,-1443.7499720035205
variant_native,common_endpoint_central,0,100,5,L1,sub-07,60,-10.068423695786556,-2153.9904900688853
variant_native,common_endpoint_central,0,100,5,L1,sub-08,60,-7.408164783676935,-1840.3248610102123
variant_native,common_endpoint_central,0,100,5,L1,sub-09,60,-0.3858553550189624,-1229.6198940774623
variant_native,common_endpoint_central,0,100,5,L1,sub-10,60,-3.185704151752615,-1528.3469677660435
variant_native,common_endpoint_central,0,100,5,L1,sub-11,60,-4.084002519873351,-1584.111105962386
variant_native,common_endpoint_central,0,100,5,L1,sub-12,60,-7.807178675965358,-2217.856495273589
variant_native,common_endpoint_central,0,100,5,L1,sub-13,60,-16.39101371843657,-6876.073494969733
variant_native,common_endpoint_central,0,100,5,L2,sub-01,60,7.953516199040665,-10737.431902675105
variant_native,common_endpoint_central,0,100,5,L2,sub-02,60,-5.316845321741175,-1300.4964466685576
variant_native,common_endpoint_central,0,100,5,L2,sub-03,60,-9.623313531566778,-2562.3582239395264
variant_native,common_endpoint_central,0,100,5,L2,sub-04,60,-4.452039553692657,-2674.483914766549
variant_native,common_endpoint_central,0,100,5,L2,sub-05,60,-4.339101121640088,-2668.2617623601773
variant_native,common_endpoint_central,0,100,5,L2,sub-06,60,-2.248277004171111,-882.641152172983
variant_native,common_endpoint_central,0,100,5,L2,sub-07,60,-4.2696776673959,-654.4524457840649
variant_native,common_endpoint_central,0,100,5,L2,sub-08,60,-2.104928555257847,445.22065721553594
variant_native,common_endpoint_central,0,100,5,L2,sub-09,60,-1.3231357143929903,-1372.5254495119725
variant_native,common_endpoint_central,0,100,5,L2,sub-10,60,-5.073587337742575,-1852.812703495398
variant_native,common_endpoint_central,0,100,5,L2,sub-11,60,-1.5385801856946018,-2080.018700394288
variant_native,common_endpoint_central,0,100,5,L2,sub-12,60,-3.5311079469671918,-1547.3390242954224
variant_native,common_endpoint_central,0,100,5,L2,sub-13,60,-1.3331977168587412,-1243.283163237338
variant_native,common_endpoint_central,0,100,5,L3,sub-01,60,13.559750055835591,-7559.001197708044
variant_native,common_endpoint_central,0,100,5,L3,sub-02,60,0.7254642612383387,-174.397855507505
variant_native,common_endpoint_central,0,100,5,L3,sub-03,60,2.098929460613901,-42.1035401509315
variant_native,common_endpoint_central,0,100,5,L3,sub-04,60,-3.188637100725809,-2472.7550151368227
variant_native,common_endpoint_central,0,100,5,L3,sub-05,60,4.030926201066717,246.81675056269833
variant_native,common_endpoint_central,0,100,5,L3,sub-06,60,-0.23313728991594118,-458.40986287119046
variant_native,common_endpoint_central,0,100,5,L3,sub-07,60,-3.9613326469423944,-477.94943990544505
variant_native,common_endpoint_central,0,100,5,L3,sub-08,60,-0.21219765536739568,-265.35319856983773
variant_native,common_endpoint_central,0,100,5,L3,sub-09,60,1.8620990424359845,-971.1413892007116
variant_native,common_endpoint_central,0,100,5,L3,sub-10,60,-1.3173142665880608,-1355.267764228339
variant_native,common_endpoint_central,0,100,5,L3,sub-11,60,0.16015270745604562,-70.02356744262991
variant_native,common_endpoint_central,0,100,5,L3,sub-12,60,-1.2930918298496,-1012.1216267888005
variant_native,common_endpoint_central,0,100,5,L3,sub-13,60,0.9479040681064664,-653.6530689175081
variant_native,common_endpoint_central,0,100,5,L4,sub-01,60,-12.222870110100724,-22066.998922748884
variant_native,common_endpoint_central,0,100,5,L4,sub-02,60,1.3714081751513705,-102.26198121539622
variant_native,common_endpoint_central,0,100,5,L4,sub-03,60,0.4477270727004767,-437.1602714515326
variant_native,common_endpoint_central,0,100,5,L4,sub-04,60,-4.905493640057318,-2682.353207259033
variant_native,common_endpoint_central,0,100,5,L4,sub-05,60,-1.296206453304933,-537.7356182871246
variant_native,common_endpoint_central,0,100,5,L4,sub-06,60,1.8975998930420923,-8.94193448174608
variant_native,common_endpoint_central,0,100,5,L4,sub-07,60,0.5895183487306558,185.8335404687194
variant_native,common_endpoint_central,0,100,5,L4,sub-08,60,0.3539102575150468,103.30773010242186
variant_native,common_endpoint_central,0,100,5,L4,sub-09,60,2.5543523179766696,-975.7230269625387
variant_native,common_endpoint_central,0,100,5,L4,sub-10,60,0.07601218159891152,-1109.1296069339778
variant_native,common_endpoint_central,0,100,5,L4,sub-11,60,1.2339563946649958,-58.116268419319944
variant_native,common_endpoint_central,0,100,5,L4,sub-12,60,0.6364518249537373,-756.8304337547252
variant_native,common_endpoint_central,0,100,5,L4,sub-13,60,2.3838365950420344,-417.9739778227341
variant_native,common_endpoint_central,0,100,5,L5,sub-01,60,-9.478253628868972,-19092.016908727303
variant_native,common_endpoint_central,0,100,5,L5,sub-02,60,-0.1889866182479892,-344.0964493975638
variant_native,common_endpoint_central,0,100,5,L5,sub-03,60,1.0368649724345027,-278.39987777171496
variant_native,common_endpoint_central,0,100,5,L5,sub-04,60,-0.8563899019712813,-1846.1390295936042
variant_native,common_endpoint_central,0,100,5,L5,sub-05,60,6.969849726893232,993.604122449029
variant_native,common_endpoint_central,0,100,5,L5,sub-06,60,6.23680373517773,956.0067321097199
variant_native,common_endpoint_central,0,100,5,L5,sub-07,60,11.035985692256146,6154.049653542523
variant_native,common_endpoint_central,0,100,5,L5,sub-08,60,1.5574938155112517,202.63344117501558
variant_native,common_endpoint_central,0,100,5,L5,sub-09,60,3.700404627969661,-547.0962549076451
variant_native,common_endpoint_central,0,100,5,L5,sub-10,60,2.851183854798697,-594.7772039402765
variant_native,common_endpoint_central,0,100,5,L5,sub-11,60,0.53162813381014,112.2058451799687
variant_native,common_endpoint_central,0,100,5,L5,sub-12,60,2.5875133787220794,-406.2257391558795
variant_native,common_endpoint_central,0,100,5,L5,sub-13,60,0.9406199147110962,-653.1692146197
variant_native,common_endpoint_central,0,100,5,S1,sub-01,60,-1.734145321003836,-12091.807155766188
variant_native,common_endpoint_central,0,100,5,S1,sub-02,60,6.065066016100835,727.4743527468759
variant_native,common_endpoint_central,0,100,5,S1,sub-03,60,3.7361147086614532,155.38071257004458
variant_native,common_endpoint_central,0,100,5,S1,sub-04,60,8.390916970156077,5.873449702468315
variant_native,common_endpoint_central,0,100,5,S1,sub-05,60,-4.142083862170184,-4358.981858196159
variant_native,common_endpoint_central,0,100,5,S1,sub-06,60,2.471929342424494,282.927649357723
variant_native,common_endpoint_central,0,100,5,S1,sub-07,60,2.1233198967568634,570.7148614146673
variant_native,common_endpoint_central,0,100,5,S1,sub-08,60,-2.2722097942010717,-257.55515906335614
variant_native,common_endpoint_central,0,100,5,S1,sub-09,60,-12.058653451179683,-7059.696813271662
variant_native,common_endpoint_central,0,100,5,S1,sub-10,60,-0.7259890323667547,-694.1178540172077
variant_native,common_endpoint_central,0,100,5,S1,sub-11,60,1.2991989773712262,375.8445862763303
variant_native,common_endpoint_central,0,100,5,S1,sub-12,60,5.674607397575732,-87.64461613754074
variant_native,common_endpoint_central,0,100,5,S1,sub-13,60,4.986860431322207,-10.119566516083644
variant_native,common_endpoint_central,0,100,5,S2,sub-01,60,4.3868530130981345,-796.2024093579101
variant_native,common_endpoint_central,0,100,5,S2,sub-02,60,4.493692991535446,703.4961813271258
variant_native,common_endpoint_central,0,100,5,S2,sub-03,60,6.451671857774982,479.8736815266012
variant_native,common_endpoint_central,0,100,5,S2,sub-04,60,8.15829852235934,-52.615358047040296
variant_native,common_endpoint_central,0,100,5,S2,sub-05,60,5.890232651305253,-273.4252174109475
variant_native,common_endpoint_central,0,100,5,S2,sub-06,60,-2.825079532765701,-1065.339230553779
variant_native,common_endpoint_central,0,100,5,S2,sub-07,60,4.550610072381186,1114.2128933309161
variant_native,common_endpoint_central,0,100,5,S2,sub-08,60,10.086096715476947,4557.024155150405
variant_native,common_endpoint_central,0,100,5,S2,sub-09,60,5.650788532209325,-301.2869577817053
variant_native,common_endpoint_central,0,100,5,S2,sub-10,60,7.375398752052394,2519.907275901863
variant_native,common_endpoint_central,0,100,5,S2,sub-11,60,2.397646492265544,414.18046649043936
variant_native,common_endpoint_central,0,100,5,S2,sub-12,60,3.7328058515305935,-385.1742277791007
variant_native,common_endpoint_central,0,100,5,S2,sub-13,60,8.46499042611351,832.7792573408169
variant_native,common_endpoint_central,0,100,10,L1,sub-01,60,-0.19489900454175205,-6214.866838886579
variant_native,common_endpoint_central,0,100,10,L1,sub-02,60,-6.210408946909372,-1049.3663064582554
variant_native,common_endpoint_central,0,100,10,L1,sub-03,60,-5.832246021677552,-1172.762266665671
variant_native,common_endpoint_central,0,100,10,L1,sub-04,60,-3.4069433175162582,-1075.9676699076076
variant_native,common_endpoint_central,0,100,10,L1,sub-05,60,-4.926693082366716,-1070.4674401833383
variant_native,common_endpoint_central,0,100,10,L1,sub-06,60,-4.848053168639876,-1302.8513019189304
variant_native,common_endpoint_central,0,100,10,L1,sub-07,60,-8.142567250746172,-1484.2035856511718
variant_native,common_endpoint_central,0,100,10,L1,sub-08,60,-6.060169075321367,-994.3102113765342
variant_native,common_endpoint_central,0,100,10,L1,sub-09,60,-2.7082538436260584,-1265.8394402854815
variant_native,common_endpoint_central,0,100,10,L1,sub-10,60,-1.7054650823214252,-982.1391252004752
variant_native,common_endpoint_central,0,100,10,L1,sub-11,60,1.25045549498482,-221.57491940531602
variant_native,common_endpoint_central,0,100,10,L1,sub-12,60,-8.071039528616735,-1411.4713670693689
variant_native,common_endpoint_central,0,100,10,L1,sub-13,60,-10.717050158021948,-3406.0631110752624
variant_native,common_endpoint_central,0,100,10,L2,sub-01,60,7.63185236520585,-5733.3734970720625
variant_native,common_endpoint_central,0,100,10,L2,sub-02,60,-1.5806911872220675,-593.3022850527414
variant_native,common_endpoint_central,0,100,10,L2,sub-03,60,-3.235206440864836,-849.2432900937163
variant_native,common_endpoint_central,0,100,10,L2,sub-04,60,-2.7011081897704305,-1049.2686311425782
variant_native,common_endpoint_central,0,100,10,L2,sub-05,60,-4.544905015683868,-1084.0586292014666
variant_native,common_endpoint_central,0,100,10,L2,sub-06,60,1.3099644294910116,-500.92568767667103
variant_native,common_endpoint_central,0,100,10,L2,sub-07,60,-3.021258393142649,-781.0702638093776
variant_native,common_endpoint_central,0,100,10,L2,sub-08,60,-0.9703329479281135,-347.1728003964834
variant_native,common_endpoint_central,0,100,10,L2,sub-09,60,-2.7390084608748912,-1286.1930967103283
variant_native,common_endpoint_central,0,100,10,L2,sub-10,60,-2.9961758628289603,-1119.9841187884476
variant_native,common_endpoint_central,0,100,10,L2,sub-11,60,-1.119475117612575,-540.6668158589987
variant_native,common_endpoint_central,0,100,10,L2,sub-12,60,-4.01394286600213,-1024.1142665942161
variant_native,common_endpoint_central,0,100,10,L2,sub-13,60,0.4444670938904943,-551.2861688460274
variant_native,common_endpoint_central,0,100,10,L3,sub-01,60,9.145477583707445,-5856.156144913168
variant_native,common_endpoint_central,0,100,10,L3,sub-02,60,0.6545326572241074,-385.6382267544326
variant_native,common_endpoint_central,0,100,10,L3,sub-03,60,1.454231670728944,-373.35350540204195
variant_native,common_endpoint_central,0,100,10,L3,sub-04,60,-3.4915535281804684,-1172.292663553275
variant_native,common_endpoint_central,0,100,10,L3,sub-05,60,0.9380435256966382,-244.80610304399286
variant_native,common_endpoint_central,0,100,10,L3,sub-06,60,-8.780533251714335,-3103.8889502835473
variant_native,common_endpoint_central,0,100,10,L3,sub-07,60,-0.27105321927586995,-562.7008062245652
variant_native,common_endpoint_central,0,100,10,L3,sub-08,60,-0.6994250221686461,-401.48727069726186
variant_native,common_endpoint_central,0,100,10,L3,sub-09,60,1.866616371484176,-755.628462100871
variant_native,common_endpoint_central,0,100,10,L3,sub-10,60,-1.0736149342947614,-932.6869897441935
variant_native,common_endpoint_central,0,100,10,L3,sub-11,60,-0.26553467513665224,-355.9008075169377
variant_native,common_endpoint_central,0,100,10,L3,sub-12,60,-3.6251145695204907,-1030.6136674033914
variant_native,common_endpoint_central,0,100,10,L3,sub-13,60,0.592396659219568,-557.3359429633201
variant_native,common_endpoint_central,0,100,10,L4,sub-01,60,-8.23442864890833,-9147.193367549164
variant_native,common_endpoint_central,0,100,10,L4,sub-02,60,1.0259676095321695,-386.6188549243488
variant_native,common_endpoint_central,0,100,10,L4,sub-03,60,2.8232599541139733,-263.44203270621904
variant_native,common_endpoint_central,0,100,10,L4,sub-04,60,-1.8147905278501109,-952.5707456317392
variant_native,common_endpoint_central,0,100,10,L4,sub-05,60,3.9768327510485735,-20.453322268016002
variant_native,common_endpoint_central,0,100,10,L4,sub-06,60,2.3307036231962934,-491.10954461049835
variant_native,common_endpoint_central,0,100,10,L4,sub-07,60,1.4657486350070967,-360.0957238324994
variant_native,common_endpoint_central,0,100,10,L4,sub-08,60,0.5862646704307317,-319.224484550542
variant_native,common_endpoint_central,0,100,10,L4,sub-09,60,2.6571071930352756,-888.9331948821019
variant_native,common_endpoint_central,0,100,10,L4,sub-10,60,-1.1677762196512573,-999.3186333721835
variant_native,common_endpoint_central,0,100,10,L4,sub-11,60,-1.0470522753963885,-491.36985696482884
variant_native,common_endpoint_central,0,100,10,L4,sub-12,60,1.8334882949884512,-428.11933658184336
variant_native,common_endpoint_central,0,100,10,L4,sub-13,60,0.9833645187108602,-564.5701563341769
variant_native,common_endpoint_central,0,100,10,L5,sub-01,60,-8.911073943889678,-9388.16424540366
variant_native,common_endpoint_central,0,100,10,L5,sub-02,60,0.7782837838662822,-404.1024693226113
variant_native,common_endpoint_central,0,100,10,L5,sub-03,60,2.8437835085731,-306.0383835674017
variant_native,common_endpoint_central,0,100,10,L5,sub-04,60,0.5232886060016669,-801.9402707078528
variant_native,common_endpoint_central,0,100,10,L5,sub-05,60,3.1618298185816545,-11.083376361528222
variant_native,common_endpoint_central,0,100,10,L5,sub-06,60,2.8660563792132137,-433.73595051394176
variant_native,common_endpoint_central,0,100,10,L5,sub-07,60,5.654686042495608,-192.95680525783578
variant_native,common_endpoint_central,0,100,10,L5,sub-08,60,2.407963503764038,-156.50681830146968
variant_native,common_endpoint_central,0,100,10,L5,sub-09,60,2.2198977093086247,-803.4989962951229
variant_native,common_endpoint_central,0,100,10,L5,sub-10,60,0.039275786325773734,-1023.273983516655
variant_native,common_endpoint_central,0,100,10,L5,sub-11,60,-3.278790709208912,-792.4864027757186
variant_native,common_endpoint_central,0,100,10,L5,sub-12,60,2.530953700186829,-362.28556708224494
variant_native,common_endpoint_central,0,100,10,L5,sub-13,60,1.7979231231352764,-530.9766255980556
variant_native,common_endpoint_central,0,100,10,S1,sub-01,60,-5.181121203507067,-8180.045400443582
variant_native,common_endpoint_central,0,100,10,S1,sub-02,60,2.892893067739628,-260.7052190604799
variant_native,common_endpoint_central,0,100,10,S1,sub-03,60,-1.7173517510094052,-776.7646079359955
variant_native,common_endpoint_central,0,100,10,S1,sub-04,60,4.528984307913929,-491.3911207901559
variant_native,common_endpoint_central,0,100,10,S1,sub-05,60,-4.653230867057851,-2417.8943282343444
variant_native,common_endpoint_central,0,100,10,S1,sub-06,60,6.982681797543192,99.3432724900893
variant_native,common_endpoint_central,0,100,10,S1,sub-07,60,1.0535725497846873,-461.20607614597816
variant_native,common_endpoint_central,0,100,10,S1,sub-08,60,-3.0976241558442235,-877.2518841008933
variant_native,common_endpoint_central,0,100,10,S1,sub-09,60,-6.445223610740984,-3192.9596870129812
variant_native,common_endpoint_central,0,100,10,S1,sub-10,60,1.7111377669963475,-991.3864689934034
variant_native,common_endpoint_central,0,100,10,S1,sub-11,60,4.909616095411857,236.90499888759794
variant_native,common_endpoint_central,0,100,10,S1,sub-12,60,4.688168576359521,-298.23760498134016
variant_native,common_endpoint_central,0,100,10,S1,sub-13,60,2.698333532452831,-365.7811463779452
variant_native,common_endpoint_central,0,100,10,S2,sub-01,60,5.744192851933531,-367.65966537060353
variant_native,common_endpoint_central,0,100,10,S2,sub-02,60,2.439423015769249,-304.84318632198415
variant_native,common_endpoint_central,0,100,10,S2,sub-03,60,3.663529080135776,-243.79860477700052
variant_native,common_endpoint_central,0,100,10,S2,sub-04,60,6.362122649401673,-202.40479478741426
variant_native,common_endpoint_central,0,100,10,S2,sub-05,60,6.048122869781571,25.8400641531677
variant_native,common_endpoint_central,0,100,10,S2,sub-06,60,0.13918019091049236,-2232.5113511966174
variant_native,common_endpoint_central,0,100,10,S2,sub-07,60,3.2608716358772964,-322.2721656418447
variant_native,common_endpoint_central,0,100,10,S2,sub-08,60,7.833323027067578,661.4209202601106
variant_native,common_endpoint_central,0,100,10,S2,sub-09,60,5.148864641413861,-592.1131115580419
variant_native,common_endpoint_central,0,100,10,S2,sub-10,60,5.192618545774281,-602.3194687292486
variant_native,common_endpoint_central,0,100,10,S2,sub-11,60,-0.4492188130421469,-534.2948949491375
variant_native,common_endpoint_central,0,100,10,S2,sub-12,60,6.657486392604553,-105.17261069354956
variant_native,common_endpoint_central,0,100,10,S2,sub-13,60,4.200565230612916,-236.00659794370117
variant_native,original_native,10,20,2,L1,sub-01,60,0.6006441750527067,-1231.9536309490265
variant_native,original_native,10,20,2,L1,sub-02,60,0.3647559168513839,1264.048412243831
variant_native,original_native,10,20,2,L1,sub-03,60,0.8124370374395031,2177.106327468672
variant_native,original_native,10,20,2,L1,sub-04,60,0.46200674308528217,1710.2225892351648
variant_native,original_native,10,20,2,L1,sub-05,60,-0.15680379776512512,3715.158952286691
variant_native,original_native,10,20,2,L1,sub-06,60,0.6665053093747363,2280.994160834633
variant_native,original_native,10,20,2,L1,sub-07,60,0.20274170519723175,1185.4799270042665
variant_native,original_native,10,20,2,L1,sub-08,60,0.31348050269396754,2953.816595262047
variant_native,original_native,10,20,2,L1,sub-09,60,0.34052161523410784,1115.8448451987801
variant_native,original_native,10,20,2,L1,sub-10,60,0.37791736297811285,2641.713924056602
variant_native,original_native,10,20,2,L1,sub-11,60,0.49582322358213554,16329.854081721323
variant_native,original_native,10,20,2,L1,sub-12,60,0.03112723495394581,1529.3181408303628
variant_native,original_native,10,20,2,L1,sub-13,60,-3.2475738024839695,-4643.2856664402
variant_native,original_native,10,20,2,L2,sub-01,60,-2.017348438984555,-5361.803582054401
variant_native,original_native,10,20,2,L2,sub-02,60,0.437210652729459,1367.294510608129
variant_native,original_native,10,20,2,L2,sub-03,60,-0.7741644323938713,468.028402380118
variant_native,original_native,10,20,2,L2,sub-04,60,-0.33550381094231707,505.0786392863269
variant_native,original_native,10,20,2,L2,sub-05,60,-0.0401684066774261,4591.895012976801
variant_native,original_native,10,20,2,L2,sub-06,60,0.2887928485023139,710.087182553625
variant_native,original_native,10,20,2,L2,sub-07,60,0.3240048348747482,1423.313402033928
variant_native,original_native,10,20,2,L2,sub-08,60,-0.14940491604723427,3035.4102545068336
variant_native,original_native,10,20,2,L2,sub-09,60,0.2499755290776642,836.9924060916635
variant_native,original_native,10,20,2,L2,sub-10,60,0.32387928008851397,2732.826308481877
variant_native,original_native,10,20,2,L2,sub-11,60,-0.4009666582492175,11516.09861793658
variant_native,original_native,10,20,2,L2,sub-12,60,0.2057962209961758,975.9868613009023
variant_native,original_native,10,20,2,L2,sub-13,60,0.26579957712498525,1382.349780823117
variant_native,original_native,10,20,2,L3,sub-01,60,-0.04826029457546395,-906.5879957263554
variant_native,original_native,10,20,2,L3,sub-02,60,0.30885839817728117,1572.8677759548953
variant_native,original_native,10,20,2,L3,sub-03,60,0.1026651255397177,776.8486472760173
variant_native,original_native,10,20,2,L3,sub-04,60,-0.15063668945001146,596.6005034180633
variant_native,original_native,10,20,2,L3,sub-05,60,-0.262185643375873,1285.7850195692263
variant_native,original_native,10,20,2,L3,sub-06,60,-2.2204485801678233,-4262.478819731803
variant_native,original_native,10,20,2,L3,sub-07,60,-0.31996513146569033,1152.1816085196892
variant_native,original_native,10,20,2,L3,sub-08,60,0.1048203057528941,1097.6999836947978
variant_native,original_native,10,20,2,L3,sub-09,60,0.10918004577828141,483.2012038520905
variant_native,original_native,10,20,2,L3,sub-10,60,-0.10502679528644493,965.3158449176224
variant_native,original_native,10,20,2,L3,sub-11,60,-0.5875606557612838,5118.928867125526
variant_native,original_native,10,20,2,L3,sub-12,60,0.10467343246777397,673.6572502252606
variant_native,original_native,10,20,2,L3,sub-13,60,0.8220186573192092,1441.7573528277696
variant_native,original_native,10,20,2,L4,sub-01,60,-0.049277225505625445,-2828.1169212274694
variant_native,original_native,10,20,2,L4,sub-02,60,0.4519811545454086,1331.7823442728948
variant_native,original_native,10,20,2,L4,sub-03,60,-0.24572362383144603,1246.9288810373268
variant_native,original_native,10,20,2,L4,sub-04,60,0.2964142703717767,970.8387576407135
variant_native,original_native,10,20,2,L4,sub-05,60,-0.30248305882232374,5683.945885957448
variant_native,original_native,10,20,2,L4,sub-06,60,0.17060984856928751,440.8862406625785
variant_native,original_native,10,20,2,L4,sub-07,60,0.005503979330647354,309.8039078944956
variant_native,original_native,10,20,2,L4,sub-08,60,-0.1408679027296048,1585.4847072837256
variant_native,original_native,10,20,2,L4,sub-09,60,0.3558296860671682,763.3624154574821
variant_native,original_native,10,20,2,L4,sub-10,60,-0.15289201415631806,1873.3910465827732
variant_native,original_native,10,20,2,L4,sub-11,60,-0.17219695549590722,6605.735307478541
variant_native,original_native,10,20,2,L4,sub-12,60,0.3419346144110175,985.2776666999259
variant_native,original_native,10,20,2,L4,sub-13,60,0.3953788146656014,132.1928018964988
variant_native,original_native,10,20,2,L5,sub-01,60,-0.6276553258091615,-5647.241653358057
variant_native,original_native,10,20,2,L5,sub-02,60,-0.3645117923018774,168.23377275549936
variant_native,original_native,10,20,2,L5,sub-03,60,-0.07877565649680292,346.2255528423838
variant_native,original_native,10,20,2,L5,sub-04,60,0.035998593307004924,767.1095363044536
variant_native,original_native,10,20,2,L5,sub-05,60,0.22048919433964456,2049.6268126739105
variant_native,original_native,10,20,2,L5,sub-06,60,0.4312670067234898,706.0607165162527
variant_native,original_native,10,20,2,L5,sub-07,60,-1.1683654579055271,1111.2596987398356
variant_native,original_native,10,20,2,L5,sub-08,60,0.07235937851601969,900.0983479961809
variant_native,original_native,10,20,2,L5,sub-09,60,0.25997488894054377,692.5932246275062
variant_native,original_native,10,20,2,L5,sub-10,60,-0.35876415976000214,856.1386536811598
variant_native,original_native,10,20,2,L5,sub-11,60,-0.06942847406145376,7929.132178940551
variant_native,original_native,10,20,2,L5,sub-12,60,0.2349305939451178,901.863343643161
variant_native,original_native,10,20,2,L5,sub-13,60,0.5836567297758287,319.03156208819667
variant_native,original_native,10,20,2,S1,sub-01,60,1.4618536083847513,6052.470800112951
variant_native,original_native,10,20,2,S1,sub-02,60,-1.4491660085343665,2820.4431104999285
variant_native,original_native,10,20,2,S1,sub-03,60,0.04129461089982505,726.5633061284842
variant_native,original_native,10,20,2,S1,sub-04,60,-0.07709682164191185,1361.8565972830393
variant_native,original_native,10,20,2,S1,sub-05,60,0.1740964978433913,2386.6306638051583
variant_native,original_native,10,20,2,S1,sub-06,60,0.5815172997443842,2217.547058308201
variant_native,original_native,10,20,2,S1,sub-07,60,0.41130618954979004,733.1509945409138
variant_native,original_native,10,20,2,S1,sub-08,60,-2.0021570737358396,-2327.9390073986547
variant_native,original_native,10,20,2,S1,sub-09,60,-0.8702401007452821,246.5336588321506
variant_native,original_native,10,20,2,S1,sub-10,60,-0.40490051189437076,5105.010100555616
variant_native,original_native,10,20,2,S1,sub-11,60,-0.24369771810181265,5044.234309478938
variant_native,original_native,10,20,2,S1,sub-12,60,-0.8244400362017941,11981.120118316405
variant_native,original_native,10,20,2,S1,sub-13,60,0.6239320405142372,-1586.846118501799
variant_native,original_native,10,20,2,S2,sub-01,60,0.6800435014373476,5839.544530243201
variant_native,original_native,10,20,2,S2,sub-02,60,0.2508716785327109,1898.219911776723
variant_native,original_native,10,20,2,S2,sub-03,60,0.14226693884307326,609.8168618192659
variant_native,original_native,10,20,2,S2,sub-04,60,-0.23118228472982086,476.4499257150763
variant_native,original_native,10,20,2,S2,sub-05,60,0.36705521445771105,2831.83546368487
variant_native,original_native,10,20,2,S2,sub-06,60,0.08175626725361274,1270.9629279124258
variant_native,original_native,10,20,2,S2,sub-07,60,0.5447738804187999,1789.7819296128334
variant_native,original_native,10,20,2,S2,sub-08,60,1.8017697055497979,8307.166525020883
variant_native,original_native,10,20,2,S2,sub-09,60,-0.4452416643524822,1228.9201868137056
variant_native,original_native,10,20,2,S2,sub-10,60,0.31978683803050956,6914.953775901157
variant_native,original_native,10,20,2,S2,sub-11,60,0.9780272380875401,3923.717134613295
variant_native,original_native,10,20,2,S2,sub-12,60,-0.09402206057223877,1940.9411704385182
variant_native,original_native,10,20,2,S2,sub-13,60,0.5567879830841108,387.3935486709158
variant_native,original_native,10,20,5,L1,sub-01,60,1.5520973403407414,-1035.5410238886366
variant_native,original_native,10,20,5,L1,sub-02,60,0.3525335453131426,270.9283743488863
variant_native,original_native,10,20,5,L1,sub-03,60,1.9385064484965098,580.5720455475806
variant_native,original_native,10,20,5,L1,sub-04,60,0.16555369192828426,319.28846732911836
variant_native,original_native,10,20,5,L1,sub-05,60,0.062377883261903924,422.05385880212674
variant_native,original_native,10,20,5,L1,sub-06,60,0.6970846740162209,424.4763827519673
variant_native,original_native,10,20,5,L1,sub-07,60,1.01726051260489,418.8162384665537
variant_native,original_native,10,20,5,L1,sub-08,60,0.6294606748430122,284.2087347338959
variant_native,original_native,10,20,5,L1,sub-09,60,-0.15135245286251078,194.50239792357672
variant_native,original_native,10,20,5,L1,sub-10,60,0.23898801071118,377.96253677403234
variant_native,original_native,10,20,5,L1,sub-11,60,0.901652672538926,2902.8476692502572
variant_native,original_native,10,20,5,L1,sub-12,60,0.000787866783182752,166.77087104739425
variant_native,original_native,10,20,5,L1,sub-13,60,-6.042676335307972,-2575.9320455436778
variant_native,original_native,10,20,5,L2,sub-01,60,-3.2908198326782125,-4968.148382615997
variant_native,original_native,10,20,5,L2,sub-02,60,0.758517292211173,395.03511104168996
variant_native,original_native,10,20,5,L2,sub-03,60,0.2542403633510693,207.99901753387354
variant_native,original_native,10,20,5,L2,sub-04,60,-0.5817414046998042,62.44194685260751
variant_native,original_native,10,20,5,L2,sub-05,60,0.37155330391582175,688.5657571303765
variant_native,original_native,10,20,5,L2,sub-06,60,0.31891375345244577,291.3940316854486
variant_native,original_native,10,20,5,L2,sub-07,60,0.7611005371029206,353.8923947584765
variant_native,original_native,10,20,5,L2,sub-08,60,1.0769653426673351,559.8153548076116
variant_native,original_native,10,20,5,L2,sub-09,60,-0.15079248628141417,198.20980072180063
variant_native,original_native,10,20,5,L2,sub-10,60,0.23066156151270065,370.6241831960033
variant_native,original_native,10,20,5,L2,sub-11,60,-0.32618611715883905,2639.0347209860106
variant_native,original_native,10,20,5,L2,sub-12,60,0.4001225713060099,290.47349191767387
variant_native,original_native,10,20,5,L2,sub-13,60,2.2107648024281534,235.24988717058113
variant_native,original_native,10,20,5,L3,sub-01,60,-2.9187103673156356,-4540.187868503673
variant_native,original_native,10,20,5,L3,sub-02,60,0.5814949556200352,397.81777246710806
variant_native,original_native,10,20,5,L3,sub-03,60,-0.6904811179810063,-101.64240041942124
variant_native,original_native,10,20,5,L3,sub-04,60,-0.5831536130140237,76.56365904087879
variant_native,original_native,10,20,5,L3,sub-05,60,0.4709493000812955,415.750602260403
variant_native,original_native,10,20,5,L3,sub-06,60,-2.395195059324295,-1317.1409633221667
variant_native,original_native,10,20,5,L3,sub-07,60,-0.19958026649774713,48.02429467367968
variant_native,original_native,10,20,5,L3,sub-08,60,-0.3437989633460916,-79.54078659986142
variant_native,original_native,10,20,5,L3,sub-09,60,0.6207466254147121,472.97878049688893
variant_native,original_native,10,20,5,L3,sub-10,60,0.4973665149675851,426.33320078702076
variant_native,original_native,10,20,5,L3,sub-11,60,0.6133955145505833,1633.4963226653706
variant_native,original_native,10,20,5,L3,sub-12,60,0.1652494813573217,209.32410510939437
variant_native,original_native,10,20,5,L3,sub-13,60,0.5688634819978975,-51.13549304645341
variant_native,original_native,10,20,5,L4,sub-01,60,0.990131677823469,-1744.53750135621
variant_native,original_native,10,20,5,L4,sub-02,60,0.5623391765602896,354.72359783760953
variant_native,original_native,10,20,5,L4,sub-03,60,-0.5210561588805116,-60.42171377487369
variant_native,original_native,10,20,5,L4,sub-04,60,0.11583455968222314,303.94453121651435
variant_native,original_native,10,20,5,L4,sub-05,60,-0.3897542513732138,431.91742504017833
variant_native,original_native,10,20,5,L4,sub-06,60,0.049997787634749394,116.41211378778641
variant_native,original_native,10,20,5,L4,sub-07,60,0.08868983304725248,61.08290494824425
variant_native,original_native,10,20,5,L4,sub-08,60,-0.15342260837926777,31.69720252307302
variant_native,original_native,10,20,5,L4,sub-09,60,0.9798767872633226,589.1491098167402
variant_native,original_native,10,20,5,L4,sub-10,60,0.5801430187184641,567.4367185158953
variant_native,original_native,10,20,5,L4,sub-11,60,-0.23950995102826053,1990.9863784020058
variant_native,original_native,10,20,5,L4,sub-12,60,0.45138452912265914,314.2586359431911
variant_native,original_native,10,20,5,L4,sub-13,60,0.5780478092472151,-45.37377969160664
variant_native,original_native,10,20,5,L5,sub-01,60,1.3479759908574644,-1181.8587482369003
variant_native,original_native,10,20,5,L5,sub-02,60,-0.953757368311766,-93.36124605188351
variant_native,original_native,10,20,5,L5,sub-03,60,-0.4794368297586982,-40.526736369476644
variant_native,original_native,10,20,5,L5,sub-04,60,0.5118423493650957,434.30330368780926
variant_native,original_native,10,20,5,L5,sub-05,60,0.044698481998156,140.47013168907898
variant_native,original_native,10,20,5,L5,sub-06,60,0.7411465957513379,365.19973231600375
variant_native,original_native,10,20,5,L5,sub-07,60,-1.923837991146272,-945.0902587610559
variant_native,original_native,10,20,5,L5,sub-08,60,-0.16829771194057955,-31.90182799642448
variant_native,original_native,10,20,5,L5,sub-09,60,0.20071883203377588,353.3324148462115
variant_native,original_native,10,20,5,L5,sub-10,60,-0.6762728507535117,63.16562293662847
variant_native,original_native,10,20,5,L5,sub-11,60,-0.6031800207630946,1296.9787122637877
variant_native,original_native,10,20,5,L5,sub-12,60,-0.7359596831748785,-80.27445604225677
variant_native,original_native,10,20,5,L5,sub-13,60,0.5953276475334611,-35.10404319149913
variant_native,original_native,10,20,5,S1,sub-01,60,1.8791698716123484,243.43987887785843
variant_native,original_native,10,20,5,S1,sub-02,60,-0.611068214037522,155.6415445472141
variant_native,original_native,10,20,5,S1,sub-03,60,-0.2769974444412217,14.927607933594702
variant_native,original_native,10,20,5,S1,sub-04,60,0.7865653032816758,527.846941810668
variant_native,original_native,10,20,5,S1,sub-05,60,-0.8682004130522613,11.246481533643479
variant_native,original_native,10,20,5,S1,sub-06,60,0.4600590078403412,319.5218178876443
variant_native,original_native,10,20,5,S1,sub-07,60,0.3410886158420095,116.90155612536552
variant_native,original_native,10,20,5,S1,sub-08,60,-2.196327191511529,-1091.537951095876
variant_native,original_native,10,20,5,S1,sub-09,60,-0.7788703547053326,276.38861172883554
variant_native,original_native,10,20,5,S1,sub-10,60,-0.580962717170742,485.5959368042769
variant_native,original_native,10,20,5,S1,sub-11,60,-0.18501663404290866,753.2672410457033
variant_native,original_native,10,20,5,S1,sub-12,60,-0.4046860766194278,1100.954398237976
variant_native,original_native,10,20,5,S1,sub-13,60,1.420340780837329,64.66062413152667
variant_native,original_native,10,20,5,S2,sub-01,60,0.44015531935982666,114.66113933539448
variant_native,original_native,10,20,5,S2,sub-02,60,-0.6900593873553512,39.81874091685404
variant_native,original_native,10,20,5,S2,sub-03,60,-0.22477526078614082,28.186241589249615
variant_native,original_native,10,20,5,S2,sub-04,60,-0.41490088654345014,95.73720808994776
variant_native,original_native,10,20,5,S2,sub-05,60,0.3083756951682972,382.4579743141672
variant_native,original_native,10,20,5,S2,sub-06,60,0.12799324062919734,75.47190023597638
variant_native,original_native,10,20,5,S2,sub-07,60,-0.08472124095305165,43.94068272717891
variant_native,original_native,10,20,5,S2,sub-08,60,1.1554204576671192,614.8243875505531
variant_native,original_native,10,20,5,S2,sub-09,60,-0.7203269508625538,128.37860895473716
variant_native,original_native,10,20,5,S2,sub-10,60,-0.28992353798567316,592.208657001796
variant_native,original_native,10,20,5,S2,sub-11,60,-0.1611554640964047,99.85413513339037
variant_native,original_native,10,20,5,S2,sub-12,60,0.12310131122513453,205.3856490183595
variant_native,original_native,10,20,5,S2,sub-13,60,0.6693318132639184,-5.347108280500247
variant_native,original_native,10,20,10,L1,sub-01,60,1.46564887970429,-354.6508030415269
variant_native,original_native,10,20,10,L1,sub-02,60,1.2672050226077975,329.0383421609139
variant_native,original_native,10,20,10,L1,sub-03,60,2.881664307263079,315.00029762915096
variant_native,original_native,10,20,10,L1,sub-04,60,0.7487140596451564,316.1672892978491
variant_native,original_native,10,20,10,L1,sub-05,60,1.617195941683194,333.94946271540704
variant_native,original_native,10,20,10,L1,sub-06,60,1.6338901946125854,305.0834933122971
variant_native,original_native,10,20,10,L1,sub-07,60,2.4503528065728886,320.22591744475716
variant_native,original_native,10,20,10,L1,sub-08,60,2.1055544153467247,308.10090265057056
variant_native,original_native,10,20,10,L1,sub-09,60,0.6836477678506587,264.70122160995857
variant_native,original_native,10,20,10,L1,sub-10,60,1.531091263772763,348.3833679436981
variant_native,original_native,10,20,10,L1,sub-11,60,2.4125529253531126,1262.3128376337481
variant_native,original_native,10,20,10,L1,sub-12,60,1.0732330631219769,273.2329356371594
variant_native,original_native,10,20,10,L1,sub-13,60,-3.780813603427911,-1164.7571899503214
variant_native,original_native,10,20,10,L2,sub-01,60,-3.2681446797936453,-2454.4251118632515
variant_native,original_native,10,20,10,L2,sub-02,60,1.7509332604176757,389.7016100343311
variant_native,original_native,10,20,10,L2,sub-03,60,-0.8889106760406522,-114.1706040153393
variant_native,original_native,10,20,10,L2,sub-04,60,0.6207506694516038,301.1205408597261
variant_native,original_native,10,20,10,L2,sub-05,60,1.6343735430684059,392.3858712368602
variant_native,original_native,10,20,10,L2,sub-06,60,0.11295603689291257,32.51934388315282
variant_native,original_native,10,20,10,L2,sub-07,60,-0.07735240525935433,-21.188733848106843
variant_native,original_native,10,20,10,L2,sub-08,60,0.02255436778965219,46.21836302446853
variant_native,original_native,10,20,10,L2,sub-09,60,0.24502936495087094,211.81823105692874
variant_native,original_native,10,20,10,L2,sub-10,60,1.2602894176342763,308.60827146193856
variant_native,original_native,10,20,10,L2,sub-11,60,1.234969627436146,683.4078638696147
variant_native,original_native,10,20,10,L2,sub-12,60,1.1532495153368727,274.0681080868183
variant_native,original_native,10,20,10,L2,sub-13,60,0.36708964960021884,-69.04053354194207
variant_native,original_native,10,20,10,L3,sub-01,60,-3.2236407080640124,-2523.867821841753
variant_native,original_native,10,20,10,L3,sub-02,60,1.8236930185667952,391.57502779984424
variant_native,original_native,10,20,10,L3,sub-03,60,-0.6415765186104985,-85.41031140808361
variant_native,original_native,10,20,10,L3,sub-04,60,0.5612625804163608,300.03942905460934
variant_native,original_native,10,20,10,L3,sub-05,60,-0.11049360799663696,21.700210140895084
variant_native,original_native,10,20,10,L3,sub-06,60,-1.4513996957906887,-364.5694135955794
variant_native,original_native,10,20,10,L3,sub-07,60,-0.5181536957246371,-78.43686289796625
variant_native,original_native,10,20,10,L3,sub-08,60,-0.823077618215777,-76.88277121195597
variant_native,original_native,10,20,10,L3,sub-09,60,1.0983747593382163,334.966391594811
variant_native,original_native,10,20,10,L3,sub-10,60,0.3985482634709676,154.10802726938502
variant_native,original_native,10,20,10,L3,sub-11,60,0.7187420842941676,460.3238234286821
variant_native,original_native,10,20,10,L3,sub-12,60,0.22183220971886716,144.53985226230694
variant_native,original_native,10,20,10,L3,sub-13,60,0.4829613564022174,-71.70745097603194
variant_native,original_native,10,20,10,L4,sub-01,60,1.2035361701127902,-780.2384433501463
variant_native,original_native,10,20,10,L4,sub-02,60,-1.3181798063305956,-65.68214052441174
variant_native,original_native,10,20,10,L4,sub-03,60,-0.5761942843461578,-81.64290229677131
variant_native,original_native,10,20,10,L4,sub-04,60,0.43872831670283274,253.5222384800725
variant_native,original_native,10,20,10,L4,sub-05,60,-0.714176530076046,-48.957398217952836
variant_native,original_native,10,20,10,L4,sub-06,60,-0.1876031936904813,-26.33534280033895
variant_native,original_native,10,20,10,L4,sub-07,60,-0.693422741608737,-102.03441190624397
variant_native,original_native,10,20,10,L4,sub-08,60,-0.6611136971085767,-52.14491236898346
variant_native,original_native,10,20,10,L4,sub-09,60,1.1862107569144789,369.0976497778363
variant_native,original_native,10,20,10,L4,sub-10,60,-0.8634686045412197,-49.54390011720434
variant_native,original_native,10,20,10,L4,sub-11,60,-0.8565632713401533,161.64987020983568
variant_native,original_native,10,20,10,L4,sub-12,60,-0.3596392298648183,31.921311783170996
variant_native,original_native,10,20,10,L4,sub-13,60,0.5570891408726312,-66.98219159151763
variant_native,original_native,10,20,10,L5,sub-01,60,1.3513436947907662,-732.1718749770372
variant_native,original_native,10,20,10,L5,sub-02,60,-1.3224089858853258,-69.75530226086418
variant_native,original_native,10,20,10,L5,sub-03,60,-0.4836690170930157,-69.92139151475494
variant_native,original_native,10,20,10,L5,sub-04,60,-0.03236062451767991,192.48960604766054
variant_native,original_native,10,20,10,L5,sub-05,60,-0.9917030719122413,-85.71754399539614
variant_native,original_native,10,20,10,L5,sub-06,60,-0.39077901027411166,-45.587033522611335
variant_native,original_native,10,20,10,L5,sub-07,60,-0.7138655125811785,-164.76385662940473
variant_native,original_native,10,20,10,L5,sub-08,60,-0.6626478254765197,-51.12334200053104
variant_native,original_native,10,20,10,L5,sub-09,60,-0.7750053872655552,-5.416427868633551
variant_native,original_native,10,20,10,L5,sub-10,60,-0.896759781193785,-43.7088459273646
variant_native,original_native,10,20,10,L5,sub-11,60,-1.2491307328261352,-43.54237249413522
variant_native,original_native,10,20,10,L5,sub-12,60,-0.8725521953850722,-50.64615863075734
variant_native,original_native,10,20,10,L5,sub-13,60,0.6635838708776506,-65.61630163091496
variant_native,original_native,10,20,10,S1,sub-01,60,2.1538040663358022,-235.115035015875
variant_native,original_native,10,20,10,S1,sub-02,60,-1.129767208057766,-21.36538722596591
variant_native,original_native,10,20,10,S1,sub-03,60,-0.05032104288608751,-25.637176895146094
variant_native,original_native,10,20,10,S1,sub-04,60,-0.939907651999213,22.67416910215321
variant_native,original_native,10,20,10,S1,sub-05,60,-0.9089802705513321,-34.02701412811181
variant_native,original_native,10,20,10,S1,sub-06,60,0.27799063901760346,61.5095915825855
variant_native,original_native,10,20,10,S1,sub-07,60,-0.31153318690599435,-52.84267717833585
variant_native,original_native,10,20,10,S1,sub-08,60,-0.25996618161659446,28.86279894511223
variant_native,original_native,10,20,10,S1,sub-09,60,-1.6163079952928467,-56.20700334417549
variant_native,original_native,10,20,10,S1,sub-10,60,-0.7413294168688829,4.7403296883215145
variant_native,original_native,10,20,10,S1,sub-11,60,-1.0819769594714046,-35.12300643345604
variant_native,original_native,10,20,10,S1,sub-12,60,-0.45467194529736754,43.53863470888984
variant_native,original_native,10,20,10,S1,sub-13,60,0.68278893021521,-49.70668115674727
variant_native,original_native,10,20,10,S2,sub-01,60,0.3174525769140087,-55.6710549438564
variant_native,original_native,10,20,10,S2,sub-02,60,-1.0714753013185814,-19.75764371475081
variant_native,original_native,10,20,10,S2,sub-03,60,-0.24099276828666694,-44.946038462586394
variant_native,original_native,10,20,10,S2,sub-04,60,-1.3971873496990592,-86.55234553142897
variant_native,original_native,10,20,10,S2,sub-05,60,-0.5262160042153451,2.0421070132233052
variant_native,original_native,10,20,10,S2,sub-06,60,0.004945029232179821,-23.360006496723532
variant_native,original_native,10,20,10,S2,sub-07,60,-0.13602526449298705,-30.807512740084043
variant_native,original_native,10,20,10,S2,sub-08,60,0.27869653928109206,89.99452527982345
variant_native,original_native,10,20,10,S2,sub-09,60,-0.8219492664958244,-18.69959858373712
variant_native,original_native,10,20,10,S2,sub-10,60,-0.6883711422741198,9.835319797833352
variant_native,original_native,10,20,10,S2,sub-11,60,-1.178593673445735,-25.62042207896146
variant_native,original_native,10,20,10,S2,sub-12,60,-0.7614514176304586,-24.28123014222389
variant_native,original_native,10,20,10,S2,sub-13,60,1.0273006554599828,-11.185976240083656
variant_native,common_endpoint,10,20,2,L1,sub-01,60,0.5279600788568316,-1231.9536309490265
variant_native,common_endpoint,10,20,2,L1,sub-02,60,0.38393148735542887,1267.6370200078875
variant_native,common_endpoint,10,20,2,L1,sub-03,60,0.9789479618725064,2177.106327468672
variant_native,common_endpoint,10,20,2,L1,sub-04,60,0.4629996682130143,1710.2225892351648
variant_native,common_endpoint,10,20,2,L1,sub-05,60,-0.17217047424750564,3715.158952286691
variant_native,common_endpoint,10,20,2,L1,sub-06,60,0.529409084543719,2280.994160834633
variant_native,common_endpoint,10,20,2,L1,sub-07,60,0.13663527754271493,1185.4799270042665
variant_native,common_endpoint,10,20,2,L1,sub-08,60,0.33406977833626283,2953.816595262047
variant_native,common_endpoint,10,20,2,L1,sub-09,60,0.3397152022264819,1115.8448451987801
variant_native,common_endpoint,10,20,2,L1,sub-10,60,0.40605462424799377,2641.713924056602
variant_native,common_endpoint,10,20,2,L1,sub-11,60,0.4018785949521889,16329.854081721323
variant_native,common_endpoint,10,20,2,L1,sub-12,60,0.08967095570109469,1529.3181408303628
variant_native,common_endpoint,10,20,2,L1,sub-13,60,-3.3623628042693268,-4846.442543493484
variant_native,common_endpoint,10,20,2,L2,sub-01,60,-2.076390818613371,-5361.803582054401
variant_native,common_endpoint,10,20,2,L2,sub-02,60,0.4512359892188591,1367.294510608129
variant_native,common_endpoint,10,20,2,L2,sub-03,60,-1.2559188700232748,34.84976906772213
variant_native,common_endpoint,10,20,2,L2,sub-04,60,-0.3309896719124283,505.0786392863269
variant_native,common_endpoint,10,20,2,L2,sub-05,60,-0.05620653822448314,4591.895012976801
variant_native,common_endpoint,10,20,2,L2,sub-06,60,0.013767605858517827,548.8642202193122
variant_native,common_endpoint,10,20,2,L2,sub-07,60,0.4380277872868192,1642.6856263948164
variant_native,common_endpoint,10,20,2,L2,sub-08,60,-0.14717175807349667,3035.4102545068336
variant_native,common_endpoint,10,20,2,L2,sub-09,60,0.2555020564679583,836.9924060916635
variant_native,common_endpoint,10,20,2,L2,sub-10,60,0.35420508849505583,2732.826308481877
variant_native,common_endpoint,10,20,2,L2,sub-11,60,-0.3530957921973,11772.759346522449
variant_native,common_endpoint,10,20,2,L2,sub-12,60,0.25772431302753607,975.9868613009023
variant_native,common_endpoint,10,20,2,L2,sub-13,60,0.353880738298189,1382.349780823117
variant_native,common_endpoint,10,20,2,L3,sub-01,60,-0.1008882884285954,-906.5879957263554
variant_native,common_endpoint,10,20,2,L3,sub-02,60,0.3240736255995712,1572.8677759548953
variant_native,common_endpoint,10,20,2,L3,sub-03,60,0.0835498693222181,692.1210372836432
variant_native,common_endpoint,10,20,2,L3,sub-04,60,-0.1466628741382316,596.6005034180633
variant_native,common_endpoint,10,20,2,L3,sub-05,60,-0.18317713962459642,1410.7111960279583
variant_native,common_endpoint,10,20,2,L3,sub-06,60,-2.3125382963993983,-4372.120023600365
variant_native,common_endpoint,10,20,2,L3,sub-07,60,-0.29308645608029177,950.8258936585959
variant_native,common_endpoint,10,20,2,L3,sub-08,60,-0.1121206306308826,371.7382060922111
variant_native,common_endpoint,10,20,2,L3,sub-09,60,0.11612865147191007,483.2012038520905
variant_native,common_endpoint,10,20,2,L3,sub-10,60,-0.07121623450760643,965.3158449176224
variant_native,common_endpoint,10,20,2,L3,sub-11,60,-0.2608972886778706,5676.145523224247
variant_native,common_endpoint,10,20,2,L3,sub-12,60,0.2158556609067933,765.5847160320076
variant_native,common_endpoint,10,20,2,L3,sub-13,60,0.7417181042414828,753.4986996532073
variant_native,common_endpoint,10,20,2,L4,sub-01,60,-0.09892020479884538,-2828.1169212274694
variant_native,common_endpoint,10,20,2,L4,sub-02,60,0.4674425958968146,1331.7823442728948
variant_native,common_endpoint,10,20,2,L4,sub-03,60,-0.26046892295779683,313.8420050711712
variant_native,common_endpoint,10,20,2,L4,sub-04,60,0.31461148965652974,984.9794554308463
variant_native,common_endpoint,10,20,2,L4,sub-05,60,-0.3267671471474553,5689.989052337169
variant_native,common_endpoint,10,20,2,L4,sub-06,60,0.009239342896781801,440.8862406625785
variant_native,common_endpoint,10,20,2,L4,sub-07,60,-0.01857590623601994,325.3700707248959
variant_native,common_endpoint,10,20,2,L4,sub-08,60,-0.13745100980043093,1531.4745566432473
variant_native,common_endpoint,10,20,2,L4,sub-09,60,0.4552161563331677,875.8032011116006
variant_native,common_endpoint,10,20,2,L4,sub-10,60,-0.36643457142740987,1610.6907786463473
variant_native,common_endpoint,10,20,2,L4,sub-11,60,-0.38491106272055675,6583.637771320684
variant_native,common_endpoint,10,20,2,L4,sub-12,60,0.41118468835065614,978.0790596988257
variant_native,common_endpoint,10,20,2,L4,sub-13,60,0.4088962334352264,132.1928018964988
variant_native,common_endpoint,10,20,2,L5,sub-01,60,-0.33649961845349335,-4486.777683867581
variant_native,common_endpoint,10,20,2,L5,sub-02,60,-0.45963772204905046,76.47492363935606
variant_native,common_endpoint,10,20,2,L5,sub-03,60,0.1639313042348926,489.43741001549427
variant_native,common_endpoint,10,20,2,L5,sub-04,60,0.0023298454664915065,730.3121481430286
variant_native,common_endpoint,10,20,2,L5,sub-05,60,0.22960715810567123,1836.0243126029802
variant_native,common_endpoint,10,20,2,L5,sub-06,60,0.38956455318546,709.863071093077
variant_native,common_endpoint,10,20,2,L5,sub-07,60,-1.129716063423655,1409.7039512461047
variant_native,common_endpoint,10,20,2,L5,sub-08,60,0.08690113070040509,846.4036123448797
variant_native,common_endpoint,10,20,2,L5,sub-09,60,0.1708758393456506,585.281666521679
variant_native,common_endpoint,10,20,2,L5,sub-10,60,-0.3256511642662746,854.3444255054152
variant_native,common_endpoint,10,20,2,L5,sub-11,60,0.004775893768031291,1373.3094212206358
variant_native,common_endpoint,10,20,2,L5,sub-12,60,-0.1172552455656823,293.28511069276334
variant_native,common_endpoint,10,20,2,L5,sub-13,60,0.5966387869302257,319.03156208819667
variant_native,common_endpoint,10,20,2,S1,sub-01,60,1.4135180388998008,6052.470800112951
variant_native,common_endpoint,10,20,2,S1,sub-02,60,-1.4284301096958851,2820.4431104999285
variant_native,common_endpoint,10,20,2,S1,sub-03,60,0.0957004275984224,726.5633061284842
variant_native,common_endpoint,10,20,2,S1,sub-04,60,-0.07474488336875963,1361.8565972830393
variant_native,common_endpoint,10,20,2,S1,sub-05,60,0.15319740984726593,2386.6306638051583
variant_native,common_endpoint,10,20,2,S1,sub-06,60,0.3973082067800115,2138.092794892177
variant_native,common_endpoint,10,20,2,S1,sub-07,60,0.3579605595451569,733.1509945409138
variant_native,common_endpoint,10,20,2,S1,sub-08,60,-1.9650328521957652,-2327.9390073986547
variant_native,common_endpoint,10,20,2,S1,sub-09,60,-0.8909268013690176,246.5336588321506
variant_native,common_endpoint,10,20,2,S1,sub-10,60,-0.36599981129539233,5105.010100555616
variant_native,common_endpoint,10,20,2,S1,sub-11,60,-0.35046312399123825,5044.234309478938
variant_native,common_endpoint,10,20,2,S1,sub-12,60,-0.8077358923933111,11981.120118316405
variant_native,common_endpoint,10,20,2,S1,sub-13,60,0.6893772273549637,-1586.846118501799
variant_native,common_endpoint,10,20,2,S2,sub-01,60,0.6712208125376724,5839.544530243201
variant_native,common_endpoint,10,20,2,S2,sub-02,60,0.26138413367426094,1898.219911776723
variant_native,common_endpoint,10,20,2,S2,sub-03,60,0.19425822995303152,609.8168618192659
variant_native,common_endpoint,10,20,2,S2,sub-04,60,-0.2275435739166135,476.4499257150763
variant_native,common_endpoint,10,20,2,S2,sub-05,60,0.3555167312911018,2831.83546368487
variant_native,common_endpoint,10,20,2,S2,sub-06,60,0.9732495031349103,1668.5350094723838
variant_native,common_endpoint,10,20,2,S2,sub-07,60,0.5087548013652744,1789.7819296128334
variant_native,common_endpoint,10,20,2,S2,sub-08,60,1.9408053416639062,8307.166525020883
variant_native,common_endpoint,10,20,2,S2,sub-09,60,-0.44651110447614983,1228.9201868137056
variant_native,common_endpoint,10,20,2,S2,sub-10,60,0.3690420687536331,6914.953775901157
variant_native,common_endpoint,10,20,2,S2,sub-11,60,0.9427127788667468,3923.717134613295
variant_native,common_endpoint,10,20,2,S2,sub-12,60,-0.04944448002708907,1924.2887946785966
variant_native,common_endpoint,10,20,2,S2,sub-13,60,0.5718517140092424,334.2828683319119
variant_native,common_endpoint,10,20,5,L1,sub-01,60,1.5621576392381646,-1035.5410238886366
variant_native,common_endpoint,10,20,5,L1,sub-02,60,0.43238228344694335,274.05473773474216
variant_native,common_endpoint,10,20,5,L1,sub-03,60,2.1122355258289187,580.5720455475806
variant_native,common_endpoint,10,20,5,L1,sub-04,60,0.19183769763899236,319.28846732911836
variant_native,common_endpoint,10,20,5,L1,sub-05,60,0.04162074712408616,422.05385880212674
variant_native,common_endpoint,10,20,5,L1,sub-06,60,0.8058670319817443,424.4763827519673
variant_native,common_endpoint,10,20,5,L1,sub-07,60,1.1543472738374485,418.8162384665537
variant_native,common_endpoint,10,20,5,L1,sub-08,60,0.6049363568156266,284.2087347338959
variant_native,common_endpoint,10,20,5,L1,sub-09,60,-0.014508600275865242,241.13802166761997
variant_native,common_endpoint,10,20,5,L1,sub-10,60,0.45171914998939855,396.4376311606741
variant_native,common_endpoint,10,20,5,L1,sub-11,60,0.665687065212944,2902.8476692502572
variant_native,common_endpoint,10,20,5,L1,sub-12,60,0.24089470937777477,252.65952597340592
variant_native,common_endpoint,10,20,5,L1,sub-13,60,-6.0699528926192325,-2580.829743008292
variant_native,common_endpoint,10,20,5,L2,sub-01,60,-3.2910123923609755,-4968.148382615997
variant_native,common_endpoint,10,20,5,L2,sub-02,60,0.8322423695303102,395.03511104168996
variant_native,common_endpoint,10,20,5,L2,sub-03,60,-0.33864310517926666,70.7851932963246
variant_native,common_endpoint,10,20,5,L2,sub-04,60,-0.5415370047306438,62.44194685260751
variant_native,common_endpoint,10,20,5,L2,sub-05,60,0.3819747004644471,688.5657571303765
variant_native,common_endpoint,10,20,5,L2,sub-06,60,-0.40117394585264726,1.1533111436523464
variant_native,common_endpoint,10,20,5,L2,sub-07,60,0.10126686081201829,120.59651469179552
variant_native,common_endpoint,10,20,5,L2,sub-08,60,1.0729320788643866,559.8153548076116
variant_native,common_endpoint,10,20,5,L2,sub-09,60,-0.09521495717537014,201.7964203330237
variant_native,common_endpoint,10,20,5,L2,sub-10,60,0.3964162824820626,370.6241831960033
variant_native,common_endpoint,10,20,5,L2,sub-11,60,0.3765927490165588,2809.4200332022174
variant_native,common_endpoint,10,20,5,L2,sub-12,60,0.4608456690753462,297.4625719449845
variant_native,common_endpoint,10,20,5,L2,sub-13,60,2.2635033803636633,235.24988717058113
variant_native,common_endpoint,10,20,5,L3,sub-01,60,-2.9208517020686235,-4540.187868503673
variant_native,common_endpoint,10,20,5,L3,sub-02,60,0.6605661132448345,397.81777246710806
variant_native,common_endpoint,10,20,5,L3,sub-03,60,-0.6137182753094248,-101.64240041942124
variant_native,common_endpoint,10,20,5,L3,sub-04,60,-0.5471533104248409,76.56365904087879
variant_native,common_endpoint,10,20,5,L3,sub-05,60,0.48614190441966787,427.0905194794768
variant_native,common_endpoint,10,20,5,L3,sub-06,60,-2.4240247656407297,-1412.2042025975084
variant_native,common_endpoint,10,20,5,L3,sub-07,60,-0.22805519294299795,43.483939901778356
variant_native,common_endpoint,10,20,5,L3,sub-08,60,-0.2853532553526494,-84.76268541619385
variant_native,common_endpoint,10,20,5,L3,sub-09,60,0.6870517198446053,472.97878049688893
variant_native,common_endpoint,10,20,5,L3,sub-10,60,0.6869759524322409,426.33320078702076
variant_native,common_endpoint,10,20,5,L3,sub-11,60,0.7453272062290135,1719.3813957892864
variant_native,common_endpoint,10,20,5,L3,sub-12,60,0.4981036705647147,278.0783372581278
variant_native,common_endpoint,10,20,5,L3,sub-13,60,0.4813793129823298,-87.20133436981087
variant_native,common_endpoint,10,20,5,L4,sub-01,60,0.9962662835451096,-1744.53750135621
variant_native,common_endpoint,10,20,5,L4,sub-02,60,0.13850159018208774,202.1492843246307
variant_native,common_endpoint,10,20,5,L4,sub-03,60,-0.466941701595684,-63.9611932179355
variant_native,common_endpoint,10,20,5,L4,sub-04,60,0.18408157298878292,313.81333332347845
variant_native,common_endpoint,10,20,5,L4,sub-05,60,-0.60399367860955,201.68735017676065
variant_native,common_endpoint,10,20,5,L4,sub-06,60,0.1549230526432375,121.48797046730485
variant_native,common_endpoint,10,20,5,L4,sub-07,60,0.06482751120834317,61.08290494824425
variant_native,common_endpoint,10,20,5,L4,sub-08,60,-0.18580470160552073,27.694210259165697
variant_native,common_endpoint,10,20,5,L4,sub-09,60,1.043226287136636,589.1491098167402
variant_native,common_endpoint,10,20,5,L4,sub-10,60,-0.3480373593450937,186.73834604418602
variant_native,common_endpoint,10,20,5,L4,sub-11,60,-0.47619201189450927,1971.7572344976566
variant_native,common_endpoint,10,20,5,L4,sub-12,60,0.04355007319286894,186.52478234570341
variant_native,common_endpoint,10,20,5,L4,sub-13,60,0.5898780067326507,-45.37377969160664
variant_native,common_endpoint,10,20,5,L5,sub-01,60,1.4059154743659432,-1123.1217967225625
variant_native,common_endpoint,10,20,5,L5,sub-02,60,-0.8328433987736463,-62.383247307799316
variant_native,common_endpoint,10,20,5,L5,sub-03,60,-0.3966583441719502,-40.526736369476644
variant_native,common_endpoint,10,20,5,L5,sub-04,60,0.29458406500673295,366.03312588674015
variant_native,common_endpoint,10,20,5,L5,sub-05,60,0.2804680926460054,201.8124532220242
variant_native,common_endpoint,10,20,5,L5,sub-06,60,1.0880374703556577,428.4045498911765
variant_native,common_endpoint,10,20,5,L5,sub-07,60,-1.3394981044945167,-364.7210285156685
variant_native,common_endpoint,10,20,5,L5,sub-08,60,-0.20187886740901895,-37.559736086276935
variant_native,common_endpoint,10,20,5,L5,sub-09,60,-0.24216289466733798,152.83949289802865
variant_native,common_endpoint,10,20,5,L5,sub-10,60,-0.5785906711501103,63.16562293662847
variant_native,common_endpoint,10,20,5,L5,sub-11,60,-0.6584532477490342,24.542761429283495
variant_native,common_endpoint,10,20,5,L5,sub-12,60,-0.8385954676649124,-127.68373732726543
variant_native,common_endpoint,10,20,5,L5,sub-13,60,0.6076258284947227,-35.10404319149913
variant_native,common_endpoint,10,20,5,S1,sub-01,60,1.8040485543348732,155.7079966870004
variant_native,common_endpoint,10,20,5,S1,sub-02,60,-0.5779315003225978,155.6415445472141
variant_native,common_endpoint,10,20,5,S1,sub-03,60,-0.17911658458696683,14.927607933594702
variant_native,common_endpoint,10,20,5,S1,sub-04,60,0.813264781297573,527.846941810668
variant_native,common_endpoint,10,20,5,S1,sub-05,60,-0.88197315028724,11.246481533643479
variant_native,common_endpoint,10,20,5,S1,sub-06,60,0.5075572284586192,319.5218178876443
variant_native,common_endpoint,10,20,5,S1,sub-07,60,0.36657896748929353,116.90155612536552
variant_native,common_endpoint,10,20,5,S1,sub-08,60,-2.164428338546984,-1091.537951095876
variant_native,common_endpoint,10,20,5,S1,sub-09,60,-0.6862321382647043,276.38861172883554
variant_native,common_endpoint,10,20,5,S1,sub-10,60,-0.475367905470225,485.5959368042769
variant_native,common_endpoint,10,20,5,S1,sub-11,60,-0.3428400756729614,753.2672410457033
variant_native,common_endpoint,10,20,5,S1,sub-12,60,-0.5494926357543559,1100.954398237976
variant_native,common_endpoint,10,20,5,S1,sub-13,60,1.4440147229321576,64.66062413152667
variant_native,common_endpoint,10,20,5,S2,sub-01,60,0.44347614294551063,114.66113933539448
variant_native,common_endpoint,10,20,5,S2,sub-02,60,-0.6529174573079303,39.81874091685404
variant_native,common_endpoint,10,20,5,S2,sub-03,60,-0.11715751498562486,28.186241589249615
variant_native,common_endpoint,10,20,5,S2,sub-04,60,-0.395077801776596,95.73720808994776
variant_native,common_endpoint,10,20,5,S2,sub-05,60,0.2957613842425813,382.4579743141672
variant_native,common_endpoint,10,20,5,S2,sub-06,60,0.26881392805411897,85.5760848615706
variant_native,common_endpoint,10,20,5,S2,sub-07,60,-0.11946731590958834,43.94068272717891
variant_native,common_endpoint,10,20,5,S2,sub-08,60,1.1595967272341585,614.8243875505531
variant_native,common_endpoint,10,20,5,S2,sub-09,60,-0.692159416597964,128.37860895473716
variant_native,common_endpoint,10,20,5,S2,sub-10,60,-0.13311544893827315,592.208657001796
variant_native,common_endpoint,10,20,5,S2,sub-11,60,-0.3101216851420071,99.85413513339037
variant_native,common_endpoint,10,20,5,S2,sub-12,60,0.1446939812085622,205.3856490183595
variant_native,common_endpoint,10,20,5,S2,sub-13,60,0.6835516411137121,-5.347108280500247
variant_native,common_endpoint,10,20,10,L1,sub-01,60,1.46564887970429,-354.6508030415269
variant_native,common_endpoint,10,20,10,L1,sub-02,60,1.2672050226077975,329.0383421609139
variant_native,common_endpoint,10,20,10,L1,sub-03,60,2.881664307263079,315.00029762915096
variant_native,common_endpoint,10,20,10,L1,sub-04,60,0.7487140596451564,316.1672892978491
variant_native,common_endpoint,10,20,10,L1,sub-05,60,1.617195941683194,333.94946271540704
variant_native,common_endpoint,10,20,10,L1,sub-06,60,1.6338901946125854,305.0834933122971
variant_native,common_endpoint,10,20,10,L1,sub-07,60,2.4503528065728886,320.22591744475716
variant_native,common_endpoint,10,20,10,L1,sub-08,60,2.1055544153467247,308.10090265057056
variant_native,common_endpoint,10,20,10,L1,sub-09,60,0.6836477678506587,264.70122160995857
variant_native,common_endpoint,10,20,10,L1,sub-10,60,1.531091263772763,348.3833679436981
variant_native,common_endpoint,10,20,10,L1,sub-11,60,2.4125529253531126,1262.3128376337481
variant_native,common_endpoint,10,20,10,L1,sub-12,60,1.0732330631219769,273.2329356371594
variant_native,common_endpoint,10,20,10,L1,sub-13,60,-3.780813603427911,-1164.7571899503214
variant_native,common_endpoint,10,20,10,L2,sub-01,60,-3.2681446797936453,-2454.4251118632515
variant_native,common_endpoint,10,20,10,L2,sub-02,60,1.7509332604176757,389.7016100343311
variant_native,common_endpoint,10,20,10,L2,sub-03,60,-0.8889106760406522,-114.1706040153393
variant_native,common_endpoint,10,20,10,L2,sub-04,60,0.6207506694516038,301.1205408597261
variant_native,common_endpoint,10,20,10,L2,sub-05,60,1.6343735430684059,392.3858712368602
variant_native,common_endpoint,10,20,10,L2,sub-06,60,0.11295603689291257,32.51934388315282
variant_native,common_endpoint,10,20,10,L2,sub-07,60,-0.07735240525935433,-21.188733848106843
variant_native,common_endpoint,10,20,10,L2,sub-08,60,0.02255436778965219,46.21836302446853
variant_native,common_endpoint,10,20,10,L2,sub-09,60,0.24502936495087094,211.81823105692874
variant_native,common_endpoint,10,20,10,L2,sub-10,60,1.2602894176342763,308.60827146193856
variant_native,common_endpoint,10,20,10,L2,sub-11,60,1.234969627436146,683.4078638696147
variant_native,common_endpoint,10,20,10,L2,sub-12,60,1.1532495153368727,274.0681080868183
variant_native,common_endpoint,10,20,10,L2,sub-13,60,0.36708964960021884,-69.04053354194207
variant_native,common_endpoint,10,20,10,L3,sub-01,60,-3.2236407080640124,-2523.867821841753
variant_native,common_endpoint,10,20,10,L3,sub-02,60,1.8236930185667952,391.57502779984424
variant_native,common_endpoint,10,20,10,L3,sub-03,60,-0.6415765186104985,-85.41031140808361
variant_native,common_endpoint,10,20,10,L3,sub-04,60,0.5612625804163608,300.03942905460934
variant_native,common_endpoint,10,20,10,L3,sub-05,60,-0.11049360799663696,21.700210140895084
variant_native,common_endpoint,10,20,10,L3,sub-06,60,-1.4513996957906887,-364.5694135955794
variant_native,common_endpoint,10,20,10,L3,sub-07,60,-0.5181536957246371,-78.43686289796625
variant_native,common_endpoint,10,20,10,L3,sub-08,60,-0.823077618215777,-76.88277121195597
variant_native,common_endpoint,10,20,10,L3,sub-09,60,1.0983747593382163,334.966391594811
variant_native,common_endpoint,10,20,10,L3,sub-10,60,0.3985482634709676,154.10802726938502
variant_native,common_endpoint,10,20,10,L3,sub-11,60,0.7187420842941676,460.3238234286821
variant_native,common_endpoint,10,20,10,L3,sub-12,60,0.22183220971886716,144.53985226230694
variant_native,common_endpoint,10,20,10,L3,sub-13,60,0.4829613564022174,-71.70745097603194
variant_native,common_endpoint,10,20,10,L4,sub-01,60,1.2035361701127902,-780.2384433501463
variant_native,common_endpoint,10,20,10,L4,sub-02,60,-1.3181798063305956,-65.68214052441174
variant_native,common_endpoint,10,20,10,L4,sub-03,60,-0.5761942843461578,-81.64290229677131
variant_native,common_endpoint,10,20,10,L4,sub-04,60,0.43872831670283274,253.5222384800725
variant_native,common_endpoint,10,20,10,L4,sub-05,60,-0.714176530076046,-48.957398217952836
variant_native,common_endpoint,10,20,10,L4,sub-06,60,-0.1876031936904813,-26.33534280033895
variant_native,common_endpoint,10,20,10,L4,sub-07,60,-0.693422741608737,-102.03441190624397
variant_native,common_endpoint,10,20,10,L4,sub-08,60,-0.6611136971085767,-52.14491236898346
variant_native,common_endpoint,10,20,10,L4,sub-09,60,1.1862107569144789,369.0976497778363
variant_native,common_endpoint,10,20,10,L4,sub-10,60,-0.8634686045412197,-49.54390011720434
variant_native,common_endpoint,10,20,10,L4,sub-11,60,-0.8565632713401533,161.64987020983568
variant_native,common_endpoint,10,20,10,L4,sub-12,60,-0.3596392298648183,31.921311783170996
variant_native,common_endpoint,10,20,10,L4,sub-13,60,0.5570891408726312,-66.98219159151763
variant_native,common_endpoint,10,20,10,L5,sub-01,60,1.3513436947907662,-732.1718749770372
variant_native,common_endpoint,10,20,10,L5,sub-02,60,-1.3224089858853258,-69.75530226086418
variant_native,common_endpoint,10,20,10,L5,sub-03,60,-0.4836690170930157,-69.92139151475494
variant_native,common_endpoint,10,20,10,L5,sub-04,60,-0.03236062451767991,192.48960604766054
variant_native,common_endpoint,10,20,10,L5,sub-05,60,-0.9917030719122413,-85.71754399539614
variant_native,common_endpoint,10,20,10,L5,sub-06,60,-0.39077901027411166,-45.587033522611335
variant_native,common_endpoint,10,20,10,L5,sub-07,60,-0.7138655125811785,-164.76385662940473
variant_native,common_endpoint,10,20,10,L5,sub-08,60,-0.6626478254765197,-51.12334200053104
variant_native,common_endpoint,10,20,10,L5,sub-09,60,-0.7750053872655552,-5.416427868633551
variant_native,common_endpoint,10,20,10,L5,sub-10,60,-0.896759781193785,-43.7088459273646
variant_native,common_endpoint,10,20,10,L5,sub-11,60,-1.2491307328261352,-43.54237249413522
variant_native,common_endpoint,10,20,10,L5,sub-12,60,-0.8725521953850722,-50.64615863075734
variant_native,common_endpoint,10,20,10,L5,sub-13,60,0.6635838708776506,-65.61630163091496
variant_native,common_endpoint,10,20,10,S1,sub-01,60,2.1538040663358022,-235.115035015875
variant_native,common_endpoint,10,20,10,S1,sub-02,60,-1.129767208057766,-21.36538722596591
variant_native,common_endpoint,10,20,10,S1,sub-03,60,-0.05032104288608751,-25.637176895146094
variant_native,common_endpoint,10,20,10,S1,sub-04,60,-0.939907651999213,22.67416910215321
variant_native,common_endpoint,10,20,10,S1,sub-05,60,-0.9089802705513321,-34.02701412811181
variant_native,common_endpoint,10,20,10,S1,sub-06,60,0.27799063901760346,61.5095915825855
variant_native,common_endpoint,10,20,10,S1,sub-07,60,-0.31153318690599435,-52.84267717833585
variant_native,common_endpoint,10,20,10,S1,sub-08,60,-0.25996618161659446,28.86279894511223
variant_native,common_endpoint,10,20,10,S1,sub-09,60,-1.6163079952928467,-56.20700334417549
variant_native,common_endpoint,10,20,10,S1,sub-10,60,-0.7413294168688829,4.7403296883215145
variant_native,common_endpoint,10,20,10,S1,sub-11,60,-1.0819769594714046,-35.12300643345604
variant_native,common_endpoint,10,20,10,S1,sub-12,60,-0.45467194529736754,43.53863470888984
variant_native,common_endpoint,10,20,10,S1,sub-13,60,0.68278893021521,-49.70668115674727
variant_native,common_endpoint,10,20,10,S2,sub-01,60,0.3174525769140087,-55.6710549438564
variant_native,common_endpoint,10,20,10,S2,sub-02,60,-1.0714753013185814,-19.75764371475081
variant_native,common_endpoint,10,20,10,S2,sub-03,60,-0.24099276828666694,-44.946038462586394
variant_native,common_endpoint,10,20,10,S2,sub-04,60,-1.3971873496990592,-86.55234553142897
variant_native,common_endpoint,10,20,10,S2,sub-05,60,-0.5262160042153451,2.0421070132233052
variant_native,common_endpoint,10,20,10,S2,sub-06,60,0.004945029232179821,-23.360006496723532
variant_native,common_endpoint,10,20,10,S2,sub-07,60,-0.13602526449298705,-30.807512740084043
variant_native,common_endpoint,10,20,10,S2,sub-08,60,0.27869653928109206,89.99452527982345
variant_native,common_endpoint,10,20,10,S2,sub-09,60,-0.8219492664958244,-18.69959858373712
variant_native,common_endpoint,10,20,10,S2,sub-10,60,-0.6883711422741198,9.835319797833352
variant_native,common_endpoint,10,20,10,S2,sub-11,60,-1.178593673445735,-25.62042207896146
variant_native,common_endpoint,10,20,10,S2,sub-12,60,-0.7614514176304586,-24.28123014222389
variant_native,common_endpoint,10,20,10,S2,sub-13,60,1.0273006554599828,-11.185976240083656
variant_native,common_endpoint_central,10,20,2,L1,sub-01,60,1.2136441205752828,706.5688211664149
variant_native,common_endpoint_central,10,20,2,L1,sub-02,60,0.2712609903849032,1246.9518093801237
variant_native,common_endpoint_central,10,20,2,L1,sub-03,60,1.5446298820195876,2089.970999600119
variant_native,common_endpoint_central,10,20,2,L1,sub-04,60,0.5442282921125589,1298.9517284862052
variant_native,common_endpoint_central,10,20,2,L1,sub-05,60,-0.406248113528047,3189.3295704284956
variant_native,common_endpoint_central,10,20,2,L1,sub-06,60,-0.42013283087815506,361.62712010639046
variant_native,common_endpoint_central,10,20,2,L1,sub-07,60,0.11686642164208084,1187.016420701718
variant_native,common_endpoint_central,10,20,2,L1,sub-08,60,-0.3747929250452033,1665.4127454693437
variant_native,common_endpoint_central,10,20,2,L1,sub-09,60,0.4857749863451385,1079.8945470883782
variant_native,common_endpoint_central,10,20,2,L1,sub-10,60,0.4481268462923357,2492.989259621406
variant_native,common_endpoint_central,10,20,2,L1,sub-11,60,-0.2751111274156589,16394.865329563196
variant_native,common_endpoint_central,10,20,2,L1,sub-12,60,0.3153103783349139,1539.0751580394635
variant_native,common_endpoint_central,10,20,2,L1,sub-13,60,-5.376658287890042,-5073.436233415541
variant_native,common_endpoint_central,10,20,2,L2,sub-01,60,-2.1827752590015232,-5651.686002925794
variant_native,common_endpoint_central,10,20,2,L2,sub-02,60,0.41102438039845646,1344.159852608981
variant_native,common_endpoint_central,10,20,2,L2,sub-03,60,-1.2548727857570534,-58.24984508871845
variant_native,common_endpoint_central,10,20,2,L2,sub-04,60,-0.3816578934047294,156.2112116018488
variant_native,common_endpoint_central,10,20,2,L2,sub-05,60,-0.03051207997729682,4398.87690019957
variant_native,common_endpoint_central,10,20,2,L2,sub-06,60,-0.44431386672733064,297.71699757449034
variant_native,common_endpoint_central,10,20,2,L2,sub-07,60,-0.30688920154987087,984.1928480195764
variant_native,common_endpoint_central,10,20,2,L2,sub-08,60,-0.23709192210125962,2561.323464137792
variant_native,common_endpoint_central,10,20,2,L2,sub-09,60,0.31807518485421077,735.1789578695784
variant_native,common_endpoint_central,10,20,2,L2,sub-10,60,0.4709759722803039,2714.9014309233517
variant_native,common_endpoint_central,10,20,2,L2,sub-11,60,0.013082190819310589,12467.789969582207
variant_native,common_endpoint_central,10,20,2,L2,sub-12,60,0.09923099069392366,840.3458389604556
variant_native,common_endpoint_central,10,20,2,L2,sub-13,60,1.6774818869456913,1023.3170693118752
variant_native,common_endpoint_central,10,20,2,L3,sub-01,60,-1.869582862464968,-6026.925325507006
variant_native,common_endpoint_central,10,20,2,L3,sub-02,60,-0.05048517790726306,1282.2259704967869
variant_native,common_endpoint_central,10,20,2,L3,sub-03,60,0.02128111231044004,471.67963292698664
variant_native,common_endpoint_central,10,20,2,L3,sub-04,60,-0.0604616852310386,304.91060497085044
variant_native,common_endpoint_central,10,20,2,L3,sub-05,60,0.2137765380227813,1889.89295894972
variant_native,common_endpoint_central,10,20,2,L3,sub-06,60,0.19645981476530447,710.7129765027014
variant_native,common_endpoint_central,10,20,2,L3,sub-07,60,-0.3239412160586333,709.421023826198
variant_native,common_endpoint_central,10,20,2,L3,sub-08,60,-0.27355459768262247,420.35413468631435
variant_native,common_endpoint_central,10,20,2,L3,sub-09,60,0.22839129429803576,483.2012038520905
variant_native,common_endpoint_central,10,20,2,L3,sub-10,60,-0.4572148481314514,380.63456657362343
variant_native,common_endpoint_central,10,20,2,L3,sub-11,60,-0.37010391983087537,5998.340480068142
variant_native,common_endpoint_central,10,20,2,L3,sub-12,60,-0.10126797856974566,497.06862287996967
variant_native,common_endpoint_central,10,20,2,L3,sub-13,60,0.9276329262012285,127.98593984262486
variant_native,common_endpoint_central,10,20,2,L4,sub-01,60,0.39570028442090016,-4126.3372974736385
variant_native,common_endpoint_central,10,20,2,L4,sub-02,60,-0.8195615803566928,162.57427509349665
variant_native,common_endpoint_central,10,20,2,L4,sub-03,60,0.10235358549721336,283.6553286693193
variant_native,common_endpoint_central,10,20,2,L4,sub-04,60,-0.5135755090722188,-117.08499370596027
variant_native,common_endpoint_central,10,20,2,L4,sub-05,60,-0.4737059062098357,1888.5150123050232
variant_native,common_endpoint_central,10,20,2,L4,sub-06,60,-0.17338314584996603,572.5911072096347
variant_native,common_endpoint_central,10,20,2,L4,sub-07,60,0.06786349015947374,431.4508955218294
variant_native,common_endpoint_central,10,20,2,L4,sub-08,60,-0.2945501087910131,1577.3828645299532
variant_native,common_endpoint_central,10,20,2,L4,sub-09,60,0.5780370233465985,875.8032011116006
variant_native,common_endpoint_central,10,20,2,L4,sub-10,60,-0.4067325070548825,1172.1198554658267
variant_native,common_endpoint_central,10,20,2,L4,sub-11,60,-0.30221617546476603,889.7493728541411
variant_native,common_endpoint_central,10,20,2,L4,sub-12,60,-0.3825970606638109,236.90538137574515
variant_native,common_endpoint_central,10,20,2,L4,sub-13,60,0.9580892775181479,221.94724312509803
variant_native,common_endpoint_central,10,20,2,L5,sub-01,60,0.3939202490406709,-3766.738182383122
variant_native,common_endpoint_central,10,20,2,L5,sub-02,60,0.15618304113524809,623.4169168309433
variant_native,common_endpoint_central,10,20,2,L5,sub-03,60,-0.19374661390596087,167.18845421466963
variant_native,common_endpoint_central,10,20,2,L5,sub-04,60,-0.19602138773860653,132.47337974450252
variant_native,common_endpoint_central,10,20,2,L5,sub-05,60,0.28799306663751023,1786.8382254804717
variant_native,common_endpoint_central,10,20,2,L5,sub-06,60,0.8173836187159166,1149.7130599088046
variant_native,common_endpoint_central,10,20,2,L5,sub-07,60,0.2798648466145851,4488.840304602508
variant_native,common_endpoint_central,10,20,2,L5,sub-08,60,-0.13843517107386843,868.8938114704557
variant_native,common_endpoint_central,10,20,2,L5,sub-09,60,-0.014804525383376154,189.36839002605865
variant_native,common_endpoint_central,10,20,2,L5,sub-10,60,-0.2696234654655608,823.6429201618968
variant_native,common_endpoint_central,10,20,2,L5,sub-11,60,0.12459440719228913,928.1693647140653
variant_native,common_endpoint_central,10,20,2,L5,sub-12,60,-0.040689383744741174,456.9671438475327
variant_native,common_endpoint_central,10,20,2,L5,sub-13,60,0.7279640224742305,124.46491827484596
variant_native,common_endpoint_central,10,20,2,S1,sub-01,60,1.5790017908614162,650.8190385884485
variant_native,common_endpoint_central,10,20,2,S1,sub-02,60,-0.3010687311626649,1108.4676593064428
variant_native,common_endpoint_central,10,20,2,S1,sub-03,60,-0.08511838860315628,561.33032510185
variant_native,common_endpoint_central,10,20,2,S1,sub-04,60,0.025336273721395262,598.1724056690412
variant_native,common_endpoint_central,10,20,2,S1,sub-05,60,0.05589051481489031,1775.7304561181315
variant_native,common_endpoint_central,10,20,2,S1,sub-06,60,0.7172084192597576,1508.3101591314385
variant_native,common_endpoint_central,10,20,2,S1,sub-07,60,-0.28627205491162316,317.8781266477146
variant_native,common_endpoint_central,10,20,2,S1,sub-08,60,-0.14648771796219628,1674.964767197248
variant_native,common_endpoint_central,10,20,2,S1,sub-09,60,-0.9676726495919498,-163.7610388107569
variant_native,common_endpoint_central,10,20,2,S1,sub-10,60,-0.19724449269213665,2897.550490333622
variant_native,common_endpoint_central,10,20,2,S1,sub-11,60,0.32429140944972984,1517.1862564918733
variant_native,common_endpoint_central,10,20,2,S1,sub-12,60,0.05894148594875393,531.0735018427913
variant_native,common_endpoint_central,10,20,2,S1,sub-13,60,0.389877287067158,-37.733807756358146
variant_native,common_endpoint_central,10,20,2,S2,sub-01,60,0.4700916765682208,1017.9530148068645
variant_native,common_endpoint_central,10,20,2,S2,sub-02,60,0.3326470775080102,1031.3937822137705
variant_native,common_endpoint_central,10,20,2,S2,sub-03,60,-0.13452679156107092,281.1359260774397
variant_native,common_endpoint_central,10,20,2,S2,sub-04,60,0.582151909612637,698.3216128957396
variant_native,common_endpoint_central,10,20,2,S2,sub-05,60,0.35280598023999676,2707.718717050767
variant_native,common_endpoint_central,10,20,2,S2,sub-06,60,-0.6932220092855265,863.241159206949
variant_native,common_endpoint_central,10,20,2,S2,sub-07,60,0.45250771410398494,1748.5543929468254
variant_native,common_endpoint_central,10,20,2,S2,sub-08,60,1.4649124426561633,8149.1794909088
variant_native,common_endpoint_central,10,20,2,S2,sub-09,60,-0.6278013138686559,794.4733152670502
variant_native,common_endpoint_central,10,20,2,S2,sub-10,60,0.4117124947713904,5763.344737031867
variant_native,common_endpoint_central,10,20,2,S2,sub-11,60,0.4854632152499667,907.4674014994175
variant_native,common_endpoint_central,10,20,2,S2,sub-12,60,0.051071568000706336,933.0074500244423
variant_native,common_endpoint_central,10,20,2,S2,sub-13,60,0.6956128876835864,277.15796165343846
variant_native,common_endpoint_central,10,20,5,L1,sub-01,60,1.8449727789042198,-233.9843637848874
variant_native,common_endpoint_central,10,20,5,L1,sub-02,60,0.8324817607767294,280.5266887379919
variant_native,common_endpoint_central,10,20,5,L1,sub-03,60,2.2840209643061278,578.8647001716065
variant_native,common_endpoint_central,10,20,5,L1,sub-04,60,1.0966884327419564,310.09579501590014
variant_native,common_endpoint_central,10,20,5,L1,sub-05,60,0.3127838501594165,415.2400677454211
variant_native,common_endpoint_central,10,20,5,L1,sub-06,60,-0.2855152313774326,50.8390547195621
variant_native,common_endpoint_central,10,20,5,L1,sub-07,60,1.2508692503785752,418.8162384665537
variant_native,common_endpoint_central,10,20,5,L1,sub-08,60,0.8933269583149396,306.30838383379256
variant_native,common_endpoint_central,10,20,5,L1,sub-09,60,0.6374747009274331,394.16181684142276
variant_native,common_endpoint_central,10,20,5,L1,sub-10,60,0.7680865812198275,384.6839640179014
variant_native,common_endpoint_central,10,20,5,L1,sub-11,60,1.2489761850295733,2902.8476692502572
variant_native,common_endpoint_central,10,20,5,L1,sub-12,60,0.5469266692688505,256.7891962904518
variant_native,common_endpoint_central,10,20,5,L1,sub-13,60,-5.887739491354927,-2603.5884067814313
variant_native,common_endpoint_central,10,20,5,L2,sub-01,60,-3.618135029823981,-4972.91385401321
variant_native,common_endpoint_central,10,20,5,L2,sub-02,60,1.3091682699269123,395.03511104168996
variant_native,common_endpoint_central,10,20,5,L2,sub-03,60,-0.875520697711287,-95.58787975932651
variant_native,common_endpoint_central,10,20,5,L2,sub-04,60,0.1706323239135473,58.74628244828845
variant_native,common_endpoint_central,10,20,5,L2,sub-05,60,0.3785653543911259,591.0781452818333
variant_native,common_endpoint_central,10,20,5,L2,sub-06,60,-0.7991174206912793,-97.4386119979576
variant_native,common_endpoint_central,10,20,5,L2,sub-07,60,-0.7772722670326819,-59.513162934534826
variant_native,common_endpoint_central,10,20,5,L2,sub-08,60,-0.4610196441230847,237.78627833153496
variant_native,common_endpoint_central,10,20,5,L2,sub-09,60,0.26235921275841817,298.7663206021489
variant_native,common_endpoint_central,10,20,5,L2,sub-10,60,0.7831740510599741,370.6241831960033
variant_native,common_endpoint_central,10,20,5,L2,sub-11,60,0.6264541209923091,2787.0931231275945
variant_native,common_endpoint_central,10,20,5,L2,sub-12,60,0.8921959607567683,297.4625719449845
variant_native,common_endpoint_central,10,20,5,L2,sub-13,60,0.8273936294434561,-132.32419204763295
variant_native,common_endpoint_central,10,20,5,L3,sub-01,60,-3.343869493325597,-4696.495972374492
variant_native,common_endpoint_central,10,20,5,L3,sub-02,60,-0.05873022022840021,119.83842352772777
variant_native,common_endpoint_central,10,20,5,L3,sub-03,60,-0.43696646522584875,-58.05651214374373
variant_native,common_endpoint_central,10,20,5,L3,sub-04,60,0.189022911544151,60.92271435272268
variant_native,common_endpoint_central,10,20,5,L3,sub-05,60,-0.5929801650848698,-71.80673590927678
variant_native,common_endpoint_central,10,20,5,L3,sub-06,60,-0.39139654656260764,-8.7940759973719
variant_native,common_endpoint_central,10,20,5,L3,sub-07,60,-0.3475532576860878,20.31741271634377
variant_native,common_endpoint_central,10,20,5,L3,sub-08,60,-0.38015922579368155,-38.2180295911422
variant_native,common_endpoint_central,10,20,5,L3,sub-09,60,0.7770268053488093,472.97878049688893
variant_native,common_endpoint_central,10,20,5,L3,sub-10,60,-0.6289197667211684,-52.02032846913946
variant_native,common_endpoint_central,10,20,5,L3,sub-11,60,-0.09653825749882006,1400.5425358285622
variant_native,common_endpoint_central,10,20,5,L3,sub-12,60,0.22848819509773965,148.16284300931082
variant_native,common_endpoint_central,10,20,5,L3,sub-13,60,0.8036991221114352,-109.57597417843847
variant_native,common_endpoint_central,10,20,5,L4,sub-01,60,1.558674178050293,-1744.53750135621
variant_native,common_endpoint_central,10,20,5,L4,sub-02,60,-0.7008617064909685,-54.67508480975407
variant_native,common_endpoint_central,10,20,5,L4,sub-03,60,-0.4328023978357649,-63.9611932179355
variant_native,common_endpoint_central,10,20,5,L4,sub-04,60,-0.5221357153721083,-127.8963105077492
variant_native,common_endpoint_central,10,20,5,L4,sub-05,60,-0.49883549315117115,100.58090181323857
variant_native,common_endpoint_central,10,20,5,L4,sub-06,60,0.6678838297461791,262.42926033109
variant_native,common_endpoint_central,10,20,5,L4,sub-07,60,-0.049480361583000225,64.62043017734835
variant_native,common_endpoint_central,10,20,5,L4,sub-08,60,-0.4865209956501916,42.909512182670696
variant_native,common_endpoint_central,10,20,5,L4,sub-09,60,1.157601399085874,589.1491098167402
variant_native,common_endpoint_central,10,20,5,L4,sub-10,60,-0.5800611774937834,19.417674513137886
variant_native,common_endpoint_central,10,20,5,L4,sub-11,60,-0.45867738943152137,7.255040628590534
variant_native,common_endpoint_central,10,20,5,L4,sub-12,60,-1.1608375337665844,-177.93974084425074
variant_native,common_endpoint_central,10,20,5,L4,sub-13,60,1.0373567599620677,-45.37377969160664
variant_native,common_endpoint_central,10,20,5,L5,sub-01,60,1.313219487529604,-1572.0886160333603
variant_native,common_endpoint_central,10,20,5,L5,sub-02,60,-0.7349656456163626,-65.94407985232529
variant_native,common_endpoint_central,10,20,5,L5,sub-03,60,-0.35813984699788665,-40.526736369476644
variant_native,common_endpoint_central,10,20,5,L5,sub-04,60,-0.45447666371182377,-109.42881037894105
variant_native,common_endpoint_central,10,20,5,L5,sub-05,60,0.4883765176432613,203.02103254001003
variant_native,common_endpoint_central,10,20,5,L5,sub-06,60,1.303833502170643,441.1968197094688
variant_native,common_endpoint_central,10,20,5,L5,sub-07,60,0.6311754193501216,589.71193886596
variant_native,common_endpoint_central,10,20,5,L5,sub-08,60,-0.3597560064282848,-3.674946322293802
variant_native,common_endpoint_central,10,20,5,L5,sub-09,60,-0.677692473665852,-29.438101547546186
variant_native,common_endpoint_central,10,20,5,L5,sub-10,60,-0.31762982769748743,63.16562293662847
variant_native,common_endpoint_central,10,20,5,L5,sub-11,60,-0.5316896895435174,-24.25548548974173
variant_native,common_endpoint_central,10,20,5,L5,sub-12,60,-0.2941606609171747,8.733921272457431
variant_native,common_endpoint_central,10,20,5,L5,sub-13,60,1.0044604156995227,-46.54911386155457
variant_native,common_endpoint_central,10,20,5,S1,sub-01,60,1.8634055121467008,-287.0479857871098
variant_native,common_endpoint_central,10,20,5,S1,sub-02,60,-0.33639258585224413,49.482482548678334
variant_native,common_endpoint_central,10,20,5,S1,sub-03,60,-0.12092742027736252,14.927607933594702
variant_native,common_endpoint_central,10,20,5,S1,sub-04,60,-0.6995688205623382,-168.3795130734253
variant_native,common_endpoint_central,10,20,5,S1,sub-05,60,-0.702958798915821,-91.15442742633763
variant_native,common_endpoint_central,10,20,5,S1,sub-06,60,0.1797585365179596,138.37093377498448
variant_native,common_endpoint_central,10,20,5,S1,sub-07,60,-0.4570637934967569,-26.480986420790675
variant_native,common_endpoint_central,10,20,5,S1,sub-08,60,-0.1806410643515425,125.89476057536567
variant_native,common_endpoint_central,10,20,5,S1,sub-09,60,-1.6155537227659784,-25.776574861988152
variant_native,common_endpoint_central,10,20,5,S1,sub-10,60,-0.180331372921345,256.33273945649887
variant_native,common_endpoint_central,10,20,5,S1,sub-11,60,-0.38913832891839956,73.34232817821342
variant_native,common_endpoint_central,10,20,5,S1,sub-12,60,-0.02836882808490537,58.26688793984332
variant_native,common_endpoint_central,10,20,5,S1,sub-13,60,1.1071869550547766,-27.25770834594895
variant_native,common_endpoint_central,10,20,5,S2,sub-01,60,0.38173256651876286,-8.355418311866288
variant_native,common_endpoint_central,10,20,5,S2,sub-02,60,-0.31069987251566494,55.76640988791904
variant_native,common_endpoint_central,10,20,5,S2,sub-03,60,-0.05966413625797552,28.186241589249615
variant_native,common_endpoint_central,10,20,5,S2,sub-04,60,0.21983753144661852,66.625529593797
variant_native,common_endpoint_central,10,20,5,S2,sub-05,60,0.6150487349580553,391.7564777862247
variant_native,common_endpoint_central,10,20,5,S2,sub-06,60,-0.6754466698034619,6.544659686470164
variant_native,common_endpoint_central,10,20,5,S2,sub-07,60,-0.25067498993017095,50.593910010898036
variant_native,common_endpoint_central,10,20,5,S2,sub-08,60,0.974769978031843,614.8243875505531
variant_native,common_endpoint_central,10,20,5,S2,sub-09,60,-0.5412159216887062,140.8328502735757
variant_native,common_endpoint_central,10,20,5,S2,sub-10,60,0.15568151255398088,476.06777988283415
variant_native,common_endpoint_central,10,20,5,S2,sub-11,60,-0.39938664062962226,18.845260431568548
variant_native,common_endpoint_central,10,20,5,S2,sub-12,60,-0.18424380235469479,58.758262335528954
variant_native,common_endpoint_central,10,20,5,S2,sub-13,60,1.1076426090836733,25.714988545590796
variant_native,common_endpoint_central,10,20,10,L1,sub-01,60,1.46564887970429,-354.6508030415269
variant_native,common_endpoint_central,10,20,10,L1,sub-02,60,1.2672050226077975,329.0383421609139
variant_native,common_endpoint_central,10,20,10,L1,sub-03,60,2.881664307263079,315.00029762915096
variant_native,common_endpoint_central,10,20,10,L1,sub-04,60,0.7487140596451564,316.1672892978491
variant_native,common_endpoint_central,10,20,10,L1,sub-05,60,1.617195941683194,333.94946271540704
variant_native,common_endpoint_central,10,20,10,L1,sub-06,60,1.6338901946125854,305.0834933122971
variant_native,common_endpoint_central,10,20,10,L1,sub-07,60,2.4503528065728886,320.22591744475716
variant_native,common_endpoint_central,10,20,10,L1,sub-08,60,2.1055544153467247,308.10090265057056
variant_native,common_endpoint_central,10,20,10,L1,sub-09,60,0.6836477678506587,264.70122160995857
variant_native,common_endpoint_central,10,20,10,L1,sub-10,60,1.531091263772763,348.3833679436981
variant_native,common_endpoint_central,10,20,10,L1,sub-11,60,2.4125529253531126,1262.3128376337481
variant_native,common_endpoint_central,10,20,10,L1,sub-12,60,1.0732330631219769,273.2329356371594
variant_native,common_endpoint_central,10,20,10,L1,sub-13,60,-3.780813603427911,-1164.7571899503214
variant_native,common_endpoint_central,10,20,10,L2,sub-01,60,-3.2681446797936453,-2454.4251118632515
variant_native,common_endpoint_central,10,20,10,L2,sub-02,60,1.7509332604176757,389.7016100343311
variant_native,common_endpoint_central,10,20,10,L2,sub-03,60,-0.8889106760406522,-114.1706040153393
variant_native,common_endpoint_central,10,20,10,L2,sub-04,60,0.6207506694516038,301.1205408597261
variant_native,common_endpoint_central,10,20,10,L2,sub-05,60,1.6343735430684059,392.3858712368602
variant_native,common_endpoint_central,10,20,10,L2,sub-06,60,0.11295603689291257,32.51934388315282
variant_native,common_endpoint_central,10,20,10,L2,sub-07,60,-0.07735240525935433,-21.188733848106843
variant_native,common_endpoint_central,10,20,10,L2,sub-08,60,0.02255436778965219,46.21836302446853
variant_native,common_endpoint_central,10,20,10,L2,sub-09,60,0.24502936495087094,211.81823105692874
variant_native,common_endpoint_central,10,20,10,L2,sub-10,60,1.2602894176342763,308.60827146193856
variant_native,common_endpoint_central,10,20,10,L2,sub-11,60,1.234969627436146,683.4078638696147
variant_native,common_endpoint_central,10,20,10,L2,sub-12,60,1.1532495153368727,274.0681080868183
variant_native,common_endpoint_central,10,20,10,L2,sub-13,60,0.36708964960021884,-69.04053354194207
variant_native,common_endpoint_central,10,20,10,L3,sub-01,60,-3.2236407080640124,-2523.867821841753
variant_native,common_endpoint_central,10,20,10,L3,sub-02,60,1.8236930185667952,391.57502779984424
variant_native,common_endpoint_central,10,20,10,L3,sub-03,60,-0.6415765186104985,-85.41031140808361
variant_native,common_endpoint_central,10,20,10,L3,sub-04,60,0.5612625804163608,300.03942905460934
variant_native,common_endpoint_central,10,20,10,L3,sub-05,60,-0.11049360799663696,21.700210140895084
variant_native,common_endpoint_central,10,20,10,L3,sub-06,60,-1.4513996957906887,-364.5694135955794
variant_native,common_endpoint_central,10,20,10,L3,sub-07,60,-0.5181536957246371,-78.43686289796625
variant_native,common_endpoint_central,10,20,10,L3,sub-08,60,-0.823077618215777,-76.88277121195597
variant_native,common_endpoint_central,10,20,10,L3,sub-09,60,1.0983747593382163,334.966391594811
variant_native,common_endpoint_central,10,20,10,L3,sub-10,60,0.3985482634709676,154.10802726938502
variant_native,common_endpoint_central,10,20,10,L3,sub-11,60,0.7187420842941676,460.3238234286821
variant_native,common_endpoint_central,10,20,10,L3,sub-12,60,0.22183220971886716,144.53985226230694
variant_native,common_endpoint_central,10,20,10,L3,sub-13,60,0.4829613564022174,-71.70745097603194
variant_native,common_endpoint_central,10,20,10,L4,sub-01,60,1.2035361701127902,-780.2384433501463
variant_native,common_endpoint_central,10,20,10,L4,sub-02,60,-1.3181798063305956,-65.68214052441174
variant_native,common_endpoint_central,10,20,10,L4,sub-03,60,-0.5761942843461578,-81.64290229677131
variant_native,common_endpoint_central,10,20,10,L4,sub-04,60,0.43872831670283274,253.5222384800725
variant_native,common_endpoint_central,10,20,10,L4,sub-05,60,-0.714176530076046,-48.957398217952836
variant_native,common_endpoint_central,10,20,10,L4,sub-06,60,-0.1876031936904813,-26.33534280033895
variant_native,common_endpoint_central,10,20,10,L4,sub-07,60,-0.693422741608737,-102.03441190624397
variant_native,common_endpoint_central,10,20,10,L4,sub-08,60,-0.6611136971085767,-52.14491236898346
variant_native,common_endpoint_central,10,20,10,L4,sub-09,60,1.1862107569144789,369.0976497778363
variant_native,common_endpoint_central,10,20,10,L4,sub-10,60,-0.8634686045412197,-49.54390011720434
variant_native,common_endpoint_central,10,20,10,L4,sub-11,60,-0.8565632713401533,161.64987020983568
variant_native,common_endpoint_central,10,20,10,L4,sub-12,60,-0.3596392298648183,31.921311783170996
variant_native,common_endpoint_central,10,20,10,L4,sub-13,60,0.5570891408726312,-66.98219159151763
variant_native,common_endpoint_central,10,20,10,L5,sub-01,60,1.3513436947907662,-732.1718749770372
variant_native,common_endpoint_central,10,20,10,L5,sub-02,60,-1.3224089858853258,-69.75530226086418
variant_native,common_endpoint_central,10,20,10,L5,sub-03,60,-0.4836690170930157,-69.92139151475494
variant_native,common_endpoint_central,10,20,10,L5,sub-04,60,-0.03236062451767991,192.48960604766054
variant_native,common_endpoint_central,10,20,10,L5,sub-05,60,-0.9917030719122413,-85.71754399539614
variant_native,common_endpoint_central,10,20,10,L5,sub-06,60,-0.39077901027411166,-45.587033522611335
variant_native,common_endpoint_central,10,20,10,L5,sub-07,60,-0.7138655125811785,-164.76385662940473
variant_native,common_endpoint_central,10,20,10,L5,sub-08,60,-0.6626478254765197,-51.12334200053104
variant_native,common_endpoint_central,10,20,10,L5,sub-09,60,-0.7750053872655552,-5.416427868633551
variant_native,common_endpoint_central,10,20,10,L5,sub-10,60,-0.896759781193785,-43.7088459273646
variant_native,common_endpoint_central,10,20,10,L5,sub-11,60,-1.2491307328261352,-43.54237249413522
variant_native,common_endpoint_central,10,20,10,L5,sub-12,60,-0.8725521953850722,-50.64615863075734
variant_native,common_endpoint_central,10,20,10,L5,sub-13,60,0.6635838708776506,-65.61630163091496
variant_native,common_endpoint_central,10,20,10,S1,sub-01,60,2.1538040663358022,-235.115035015875
variant_native,common_endpoint_central,10,20,10,S1,sub-02,60,-1.129767208057766,-21.36538722596591
variant_native,common_endpoint_central,10,20,10,S1,sub-03,60,-0.05032104288608751,-25.637176895146094
variant_native,common_endpoint_central,10,20,10,S1,sub-04,60,-0.939907651999213,22.67416910215321
variant_native,common_endpoint_central,10,20,10,S1,sub-05,60,-0.9089802705513321,-34.02701412811181
variant_native,common_endpoint_central,10,20,10,S1,sub-06,60,0.27799063901760346,61.5095915825855
variant_native,common_endpoint_central,10,20,10,S1,sub-07,60,-0.31153318690599435,-52.84267717833585
variant_native,common_endpoint_central,10,20,10,S1,sub-08,60,-0.25996618161659446,28.86279894511223
variant_native,common_endpoint_central,10,20,10,S1,sub-09,60,-1.6163079952928467,-56.20700334417549
variant_native,common_endpoint_central,10,20,10,S1,sub-10,60,-0.7413294168688829,4.7403296883215145
variant_native,common_endpoint_central,10,20,10,S1,sub-11,60,-1.0819769594714046,-35.12300643345604
variant_native,common_endpoint_central,10,20,10,S1,sub-12,60,-0.45467194529736754,43.53863470888984
variant_native,common_endpoint_central,10,20,10,S1,sub-13,60,0.68278893021521,-49.70668115674727
variant_native,common_endpoint_central,10,20,10,S2,sub-01,60,0.3174525769140087,-55.6710549438564
variant_native,common_endpoint_central,10,20,10,S2,sub-02,60,-1.0714753013185814,-19.75764371475081
variant_native,common_endpoint_central,10,20,10,S2,sub-03,60,-0.24099276828666694,-44.946038462586394
variant_native,common_endpoint_central,10,20,10,S2,sub-04,60,-1.3971873496990592,-86.55234553142897
variant_native,common_endpoint_central,10,20,10,S2,sub-05,60,-0.5262160042153451,2.0421070132233052
variant_native,common_endpoint_central,10,20,10,S2,sub-06,60,0.004945029232179821,-23.360006496723532
variant_native,common_endpoint_central,10,20,10,S2,sub-07,60,-0.13602526449298705,-30.807512740084043
variant_native,common_endpoint_central,10,20,10,S2,sub-08,60,0.27869653928109206,89.99452527982345
variant_native,common_endpoint_central,10,20,10,S2,sub-09,60,-0.8219492664958244,-18.69959858373712
variant_native,common_endpoint_central,10,20,10,S2,sub-10,60,-0.6883711422741198,9.835319797833352
variant_native,common_endpoint_central,10,20,10,S2,sub-11,60,-1.178593673445735,-25.62042207896146
variant_native,common_endpoint_central,10,20,10,S2,sub-12,60,-0.7614514176304586,-24.28123014222389
variant_native,common_endpoint_central,10,20,10,S2,sub-13,60,1.0273006554599828,-11.185976240083656
variant_native,original_native,10,100,2,L1,sub-01,60,0.20196668250557762,-22292.126345250366
variant_native,original_native,10,100,2,L1,sub-02,60,-0.365187497526678,-2860.103978682573
variant_native,original_native,10,100,2,L1,sub-03,60,-0.05386397946345798,-1460.095955610864
variant_native,original_native,10,100,2,L1,sub-04,60,3.6222623983989224,-1708.6172818304897
variant_native,original_native,10,100,2,L1,sub-05,60,-0.24854302718571883,-14561.190077680949
variant_native,original_native,10,100,2,L1,sub-06,60,2.4820669301281355,-116.38693618833486
variant_native,original_native,10,100,2,L1,sub-07,60,-4.108748404558997,-3316.6332313934713
variant_native,original_native,10,100,2,L1,sub-08,60,-1.758008970811063,-1473.1528562033038
variant_native,original_native,10,100,2,L1,sub-09,60,1.749688042868587,-2650.1502255223318
variant_native,original_native,10,100,2,L1,sub-10,60,-0.22528586972362846,-2657.75054475361
variant_native,original_native,10,100,2,L1,sub-11,60,1.7383390213789107,-14343.045936467564
variant_native,original_native,10,100,2,L1,sub-12,60,0.10284035790973761,-3203.6338147004035
variant_native,original_native,10,100,2,L1,sub-13,60,-3.7306559564207338,-10141.98195603513
variant_native,original_native,10,100,2,L2,sub-01,60,7.850448991119074,-616.1536610362076
variant_native,original_native,10,100,2,L2,sub-02,60,-0.9702923046499727,-2382.175103575551
variant_native,original_native,10,100,2,L2,sub-03,60,-19.811194416031206,-22046.78356307357
variant_native,original_native,10,100,2,L2,sub-04,60,1.4815481273406412,-2975.727669322104
variant_native,original_native,10,100,2,L2,sub-05,60,4.833311054339847,-10595.68680605808
variant_native,original_native,10,100,2,L2,sub-06,60,1.3754526076686844,-2273.8140110338886
variant_native,original_native,10,100,2,L2,sub-07,60,-3.642050617932282,2575.6503319777726
variant_native,original_native,10,100,2,L2,sub-08,60,-4.02803395771144,447.31457502366754
variant_native,original_native,10,100,2,L2,sub-09,60,4.092843032141201,1006.1314149519941
variant_native,original_native,10,100,2,L2,sub-10,60,-1.2443108291792189,-712.044034250558
variant_native,original_native,10,100,2,L2,sub-11,60,-3.460644456680231,-21912.735704557086
variant_native,original_native,10,100,2,L2,sub-12,60,1.4019751187873066,317.63186185289186
variant_native,original_native,10,100,2,L2,sub-13,60,-6.369137041075219,-7738.50792430982
variant_native,original_native,10,100,2,L3,sub-01,60,13.95802519991973,15333.962408641937
variant_native,original_native,10,100,2,L3,sub-02,60,-1.2054580353045763,-3821.1720953231543
variant_native,original_native,10,100,2,L3,sub-03,60,5.3044742997259915,4780.682602689068
variant_native,original_native,10,100,2,L3,sub-04,60,3.0485984107148196,-1679.4506691195045
variant_native,original_native,10,100,2,L3,sub-05,60,-0.19111194021224556,-2197.5004590413864
variant_native,original_native,10,100,2,L3,sub-06,60,-10.384199896198218,-25728.884387238377
variant_native,original_native,10,100,2,L3,sub-07,60,-2.0539852695258003,362.7993840589091
variant_native,original_native,10,100,2,L3,sub-08,60,-3.1205793762268725,-4312.623996403749
variant_native,original_native,10,100,2,L3,sub-09,60,1.6390994682036544,-2043.5603606739633
variant_native,original_native,10,100,2,L3,sub-10,60,-1.886513181133395,69.79965429796454
variant_native,original_native,10,100,2,L3,sub-11,60,-2.80108142220431,-16908.03235351769
variant_native,original_native,10,100,2,L3,sub-12,60,0.36504024319386263,-2615.6091631480854
variant_native,original_native,10,100,2,L3,sub-13,60,7.857539477382406,10148.460067224087
variant_native,original_native,10,100,2,L4,sub-01,60,-9.972233525430786,-46069.12030105747
variant_native,original_native,10,100,2,L4,sub-02,60,-2.47223028470368,-4358.851016618661
variant_native,original_native,10,100,2,L4,sub-03,60,5.107702853999327,997.0155280677396
variant_native,original_native,10,100,2,L4,sub-04,60,0.4148983032753904,-4966.908064554483
variant_native,original_native,10,100,2,L4,sub-05,60,-8.364894935051986,-26074.639083473583
variant_native,original_native,10,100,2,L4,sub-06,60,3.344593267763383,-1119.8496839482507
variant_native,original_native,10,100,2,L4,sub-07,60,1.0492009218459324,1316.9473794681055
variant_native,original_native,10,100,2,L4,sub-08,60,0.3928942887722227,2317.9717934287432
variant_native,original_native,10,100,2,L4,sub-09,60,2.6492594321099805,-1197.2666040821425
variant_native,original_native,10,100,2,L4,sub-10,60,-1.454708468791885,-1126.4029960690762
variant_native,original_native,10,100,2,L4,sub-11,60,-5.591623756932358,-28221.967663867814
variant_native,original_native,10,100,2,L4,sub-12,60,1.0057203492444047,-1851.4453320280845
variant_native,original_native,10,100,2,L4,sub-13,60,4.03243943540062,1181.1447196862646
variant_native,original_native,10,100,2,L5,sub-01,60,-9.083963299736967,-47713.57670922461
variant_native,original_native,10,100,2,L5,sub-02,60,2.4149782289369037,-186.44528117999525
variant_native,original_native,10,100,2,L5,sub-03,60,3.981889047589741,2442.471039760913
variant_native,original_native,10,100,2,L5,sub-04,60,0.20635677093826515,-5674.431044814313
variant_native,original_native,10,100,2,L5,sub-05,60,1.9033620284083839,-2971.0980107356454
variant_native,original_native,10,100,2,L5,sub-06,60,4.26609977923652,158.2074408780336
variant_native,original_native,10,100,2,L5,sub-07,60,-1.3450864757906515,26686.263309924452
variant_native,original_native,10,100,2,L5,sub-08,60,2.420994205505592,5094.123210771396
variant_native,original_native,10,100,2,L5,sub-09,60,3.0577796833349122,-997.8448726354729
variant_native,original_native,10,100,2,L5,sub-10,60,-0.10817468814788207,316.54193118364145
variant_native,original_native,10,100,2,L5,sub-11,60,2.1680476528775583,-17031.605560527634
variant_native,original_native,10,100,2,L5,sub-12,60,0.009152113072519211,-3307.331146514855
variant_native,original_native,10,100,2,L5,sub-13,60,4.732999638350454,1274.1207085980086
variant_native,original_native,10,100,2,S1,sub-01,60,-4.747193062180546,-32705.95389632873
variant_native,original_native,10,100,2,S1,sub-02,60,-3.0304832336355925,-10992.855681731422
variant_native,original_native,10,100,2,S1,sub-03,60,2.565348322102019,2091.074499227018
variant_native,original_native,10,100,2,S1,sub-04,60,-5.2923769482354635,-12232.341944723983
variant_native,original_native,10,100,2,S1,sub-05,60,-1.2138153507563456,-5881.222580783117
variant_native,original_native,10,100,2,S1,sub-06,60,4.238337240732997,3714.593086343688
variant_native,original_native,10,100,2,S1,sub-07,60,1.761543002889301,2313.758624475463
variant_native,original_native,10,100,2,S1,sub-08,60,-10.824219956197851,-18318.01540357598
variant_native,original_native,10,100,2,S1,sub-09,60,-13.934064489553636,-19978.876768382765
variant_native,original_native,10,100,2,S1,sub-10,60,-3.1391196736064435,-1952.0722918785139
variant_native,original_native,10,100,2,S1,sub-11,60,2.296467676861181,-6078.486758753159
variant_native,original_native,10,100,2,S1,sub-12,60,-7.418538609583007,-30654.887287673006
variant_native,original_native,10,100,2,S1,sub-13,60,-11.71858037006997,-22245.803888035345
variant_native,original_native,10,100,2,S2,sub-01,60,1.7929490138039246,-11320.416633227047
variant_native,original_native,10,100,2,S2,sub-02,60,5.628673126883594,2649.955833964369
variant_native,original_native,10,100,2,S2,sub-03,60,2.9056438720775914,1364.7004296408434
variant_native,original_native,10,100,2,S2,sub-04,60,-3.4812870624325707,-9989.361421345082
variant_native,original_native,10,100,2,S2,sub-05,60,3.2816921704580646,4306.554973255245
variant_native,original_native,10,100,2,S2,sub-06,60,-5.322349929331503,-5096.498593319434
variant_native,original_native,10,100,2,S2,sub-07,60,8.339126843072496,15545.977640754534
variant_native,original_native,10,100,2,S2,sub-08,60,16.91695376666941,51082.88870596523
variant_native,original_native,10,100,2,S2,sub-09,60,0.7453948308953036,-4260.55127405631
variant_native,original_native,10,100,2,S2,sub-10,60,8.058112710582451,33442.80604629344
variant_native,original_native,10,100,2,S2,sub-11,60,5.65049528469925,661.4938679731113
variant_native,original_native,10,100,2,S2,sub-12,60,4.533810427375173,1992.492321578889
variant_native,original_native,10,100,2,S2,sub-13,60,5.195394816432448,3222.0638083986946
variant_native,original_native,10,100,5,L1,sub-01,60,-0.5355896508353787,-15200.051956880057
variant_native,original_native,10,100,5,L1,sub-02,60,-5.069868282529876,-1722.2371382367464
variant_native,original_native,10,100,5,L1,sub-03,60,-4.898185567200637,-1475.1128129188633
variant_native,original_native,10,100,5,L1,sub-04,60,-0.9319093967736527,-2217.40934386311
variant_native,original_native,10,100,5,L1,sub-05,60,-5.589625520242592,-3462.487409822318
variant_native,original_native,10,100,5,L1,sub-06,60,-2.8826813951894708,-1738.4266677831126
variant_native,original_native,10,100,5,L1,sub-07,60,-7.024826327175848,-2580.2701043169595
variant_native,original_native,10,100,5,L1,sub-08,60,-4.009970732968022,-1823.9687993976254
variant_native,original_native,10,100,5,L1,sub-09,60,-0.835887741110026,-1611.241969494303
variant_native,original_native,10,100,5,L1,sub-10,60,-3.527597533149087,-1841.4817933199352
variant_native,original_native,10,100,5,L1,sub-11,60,-2.8868495151113556,-4472.550197677551
variant_native,original_native,10,100,5,L1,sub-12,60,-4.141738340567673,-2482.705405504823
variant_native,original_native,10,100,5,L1,sub-13,60,-8.131340923014001,-4565.0663703310765
variant_native,original_native,10,100,5,L2,sub-01,60,9.406733096149441,-6058.757957251203
variant_native,original_native,10,100,5,L2,sub-02,60,-4.621575546622478,-1703.5649335788355
variant_native,original_native,10,100,5,L2,sub-03,60,-10.679927792077487,-2959.8547621633243
variant_native,original_native,10,100,5,L2,sub-04,60,-2.697474317618926,-2645.1098047363794
variant_native,original_native,10,100,5,L2,sub-05,60,-2.654704653308998,-3296.758605043442
variant_native,original_native,10,100,5,L2,sub-06,60,-2.5393319955738245,-1688.8675297097784
variant_native,original_native,10,100,5,L2,sub-07,60,-4.707146743735093,-1616.1671243010237
variant_native,original_native,10,100,5,L2,sub-08,60,-1.170558721842443,-462.02666570197806
variant_native,original_native,10,100,5,L2,sub-09,60,0.3889317845631242,-1340.337027031182
variant_native,original_native,10,100,5,L2,sub-10,60,-4.024109483174295,-1931.4146958238225
variant_native,original_native,10,100,5,L2,sub-11,60,-4.907470782710879,-5914.446308463294
variant_native,original_native,10,100,5,L2,sub-12,60,-0.8645143602978536,-1805.831720116465
variant_native,original_native,10,100,5,L2,sub-13,60,-11.867071110286329,-4682.47521234083
variant_native,original_native,10,100,5,L3,sub-01,60,13.08754496845757,-3286.644795125436
variant_native,original_native,10,100,5,L3,sub-02,60,-2.8340939873366024,-1534.0667867885684
variant_native,original_native,10,100,5,L3,sub-03,60,2.8895191631177357,185.60721738072488
variant_native,original_native,10,100,5,L3,sub-04,60,-2.2366210431498232,-2638.332390274213
variant_native,original_native,10,100,5,L3,sub-05,60,-2.078053201138633,-1987.9972531272879
variant_native,original_native,10,100,5,L3,sub-06,60,-14.797754488567831,-9105.087950150408
variant_native,original_native,10,100,5,L3,sub-07,60,-0.6706215458941316,-488.3219624277546
variant_native,original_native,10,100,5,L3,sub-08,60,-0.7796543407960759,-925.6054917171494
variant_native,original_native,10,100,5,L3,sub-09,60,1.050464090940421,-1463.814367523019
variant_native,original_native,10,100,5,L3,sub-10,60,-2.60626044693883,-1780.1275727702528
variant_native,original_native,10,100,5,L3,sub-11,60,-1.7623437578045094,-2139.858957100799
variant_native,original_native,10,100,5,L3,sub-12,60,-1.5136255614781782,-1984.8734895109585
variant_native,original_native,10,100,5,L3,sub-13,60,3.4137999683578175,-104.72827514690276
variant_native,original_native,10,100,5,L4,sub-01,60,-12.70635793856066,-20886.77356782105
variant_native,original_native,10,100,5,L4,sub-02,60,-0.38719430902705265,-1007.8716913021902
variant_native,original_native,10,100,5,L4,sub-03,60,0.6476646527890184,-423.8247443708694
variant_native,original_native,10,100,5,L4,sub-04,60,-1.9591388060915562,-2660.239534605825
variant_native,original_native,10,100,5,L4,sub-05,60,-0.994139518468213,-2125.674489584934
variant_native,original_native,10,100,5,L4,sub-06,60,2.457773357438834,-466.1678671781927
variant_native,original_native,10,100,5,L4,sub-07,60,3.256526581926179,152.81913941934437
variant_native,original_native,10,100,5,L4,sub-08,60,2.7865143704770374,21.642548529476752
variant_native,original_native,10,100,5,L4,sub-09,60,1.4550300525882562,-1523.071911175603
variant_native,original_native,10,100,5,L4,sub-10,60,-3.3957287526307534,-2218.833444003825
variant_native,original_native,10,100,5,L4,sub-11,60,1.2036111533796083,-3688.552426414549
variant_native,original_native,10,100,5,L4,sub-12,60,-1.655345621215478,-2113.422367073855
variant_native,original_native,10,100,5,L4,sub-13,60,3.3966765116115956,-414.63385542292
variant_native,original_native,10,100,5,L5,sub-01,60,-11.274834125651779,-19929.265161837142
variant_native,original_native,10,100,5,L5,sub-02,60,1.6294769434096146,-396.965339017518
variant_native,original_native,10,100,5,L5,sub-03,60,1.3723396358546753,-206.941248825565
variant_native,original_native,10,100,5,L5,sub-04,60,0.5864701619303506,-2176.7156330323824
variant_native,original_native,10,100,5,L5,sub-05,60,7.057884167962148,849.6951137151623
variant_native,original_native,10,100,5,L5,sub-06,60,6.750365537304329,673.0832392672442
variant_native,original_native,10,100,5,L5,sub-07,60,-2.9820740526341734,-2486.142174101231
variant_native,original_native,10,100,5,L5,sub-08,60,3.3824295556113286,73.60342836119911
variant_native,original_native,10,100,5,L5,sub-09,60,2.729055751801933,-1105.1933253016757
variant_native,original_native,10,100,5,L5,sub-10,60,2.7345404344713375,-666.3381115531148
variant_native,original_native,10,100,5,L5,sub-11,60,0.33543225833966794,-3992.672354891166
variant_native,original_native,10,100,5,L5,sub-12,60,2.0762367877087735,-1109.3863023614172
variant_native,original_native,10,100,5,L5,sub-13,60,2.7539938316472274,-532.8281125356095
variant_native,original_native,10,100,5,S1,sub-01,60,-1.5960188373962465,-11396.54150367257
variant_native,original_native,10,100,5,S1,sub-02,60,5.785407740647301,-55.17992167712726
variant_native,original_native,10,100,5,S1,sub-03,60,4.4067003027516956,221.6456437694642
variant_native,original_native,10,100,5,S1,sub-04,60,4.079974248229111,-1662.4351539136167
variant_native,original_native,10,100,5,S1,sub-05,60,-2.103484391353664,-4523.4202362227
variant_native,original_native,10,100,5,S1,sub-06,60,5.454729658400917,730.3655026010186
variant_native,original_native,10,100,5,S1,sub-07,60,4.548767058956217,499.1139282339833
variant_native,original_native,10,100,5,S1,sub-08,60,-13.272374940380477,-7204.5159623181
variant_native,original_native,10,100,5,S1,sub-09,60,-12.237423708393196,-7587.500279419442
variant_native,original_native,10,100,5,S1,sub-10,60,-1.323317977543186,-1748.7207783534907
variant_native,original_native,10,100,5,S1,sub-11,60,3.3982138827912394,-795.5879700376179
variant_native,original_native,10,100,5,S1,sub-12,60,-2.1066877004850406,-5363.752548874158
variant_native,original_native,10,100,5,S1,sub-13,60,4.0288421861666475,-789.0801401560104
variant_native,original_native,10,100,5,S2,sub-01,60,3.618522487837052,-1014.3611764636905
variant_native,original_native,10,100,5,S2,sub-02,60,5.497847441459091,429.7453471395626
variant_native,original_native,10,100,5,S2,sub-03,60,6.261889604764994,437.1639875758163
variant_native,original_native,10,100,5,S2,sub-04,60,3.1586991534744957,-1434.177961547717
variant_native,original_native,10,100,5,S2,sub-05,60,6.362123116549958,-515.5718344949322
variant_native,original_native,10,100,5,S2,sub-06,60,5.556899326187048,-974.9285742448917
variant_native,original_native,10,100,5,S2,sub-07,60,7.579375028556855,1031.4057223202167
variant_native,original_native,10,100,5,S2,sub-08,60,13.063614809898654,4171.489930917745
variant_native,original_native,10,100,5,S2,sub-09,60,7.449829769609485,-342.04152745985084
variant_native,original_native,10,100,5,S2,sub-10,60,12.142473758964808,3399.1214222845674
variant_native,original_native,10,100,5,S2,sub-11,60,4.619406761116229,497.6423969252608
variant_native,original_native,10,100,5,S2,sub-12,60,8.205674796335453,81.79947928078954
variant_native,original_native,10,100,5,S2,sub-13,60,6.405099535517042,89.77189882197754
variant_native,original_native,10,100,10,L1,sub-01,60,-1.160700936619258,-6008.307026893526
variant_native,original_native,10,100,10,L1,sub-02,60,-8.087105027229628,-1466.812606312797
variant_native,original_native,10,100,10,L1,sub-03,60,-8.5644317054914,-1522.895369309567
variant_native,original_native,10,100,10,L1,sub-04,60,-4.763464643963701,-1475.7816736163331
variant_native,original_native,10,100,10,L1,sub-05,60,-7.077017382682586,-1491.4869561791413
variant_native,original_native,10,100,10,L1,sub-06,60,-6.871596019650488,-1675.5300774952314
variant_native,original_native,10,100,10,L1,sub-07,60,-10.77919428447977,-1896.5511982453984
variant_native,original_native,10,100,10,L1,sub-08,60,-8.496882979423107,-1356.6472357822588
variant_native,original_native,10,100,10,L1,sub-09,60,-3.391657002694969,-1535.1429014775115
variant_native,original_native,10,100,10,L1,sub-10,60,-3.6944815882180495,-1397.3500917950093
variant_native,original_native,10,100,10,L1,sub-11,60,-1.8035646056663632,-1480.6527538184648
variant_native,original_native,10,100,10,L1,sub-12,60,-9.542592734155015,-1771.707506111684
variant_native,original_native,10,100,10,L1,sub-13,60,-8.546020378819858,-2412.803414565794
variant_native,original_native,10,100,10,L2,sub-01,60,10.000117762237613,-3611.7500110109945
variant_native,original_native,10,100,10,L2,sub-02,60,-3.6464950659450066,-1025.4010639214505
variant_native,original_native,10,100,10,L2,sub-03,60,-2.445317538879379,-780.1393229777251
variant_native,original_native,10,100,10,L2,sub-04,60,-3.943525648652075,-1441.4282676361747
variant_native,original_native,10,100,10,L2,sub-05,60,-6.557018361997638,-1548.9205544578379
variant_native,original_native,10,100,10,L2,sub-06,60,1.350400805428545,-513.5621474533187
variant_native,original_native,10,100,10,L2,sub-07,60,-2.8985328613290267,-792.9466657513512
variant_native,original_native,10,100,10,L2,sub-08,60,-0.5621079164503744,-347.06249212296194
variant_native,original_native,10,100,10,L2,sub-09,60,-2.6003177076449204,-1440.2010870713157
variant_native,original_native,10,100,10,L2,sub-10,60,-4.897918612117694,-1528.308785804625
variant_native,original_native,10,100,10,L2,sub-11,60,-2.5587388690839488,-1228.552551348257
variant_native,original_native,10,100,10,L2,sub-12,60,-5.632538898535876,-1390.212638731687
variant_native,original_native,10,100,10,L2,sub-13,60,0.2830177429021484,-517.0993285410628
variant_native,original_native,10,100,10,L3,sub-01,60,11.424264153982007,-3712.501526821247
variant_native,original_native,10,100,10,L3,sub-02,60,-1.0379839550457204,-758.3153154826105
variant_native,original_native,10,100,10,L3,sub-03,60,2.0057123374254457,-331.3971187489728
variant_native,original_native,10,100,10,L3,sub-04,60,-4.189312111492209,-1514.3420079981793
variant_native,original_native,10,100,10,L3,sub-05,60,1.3259925703501578,-260.99168881186625
variant_native,original_native,10,100,10,L3,sub-06,60,-7.615574877456928,-2868.266311334747
variant_native,original_native,10,100,10,L3,sub-07,60,0.23805421131917545,-529.0990314854893
variant_native,original_native,10,100,10,L3,sub-08,60,-0.017614744551103064,-360.2424693760841
variant_native,original_native,10,100,10,L3,sub-09,60,0.5113587302164693,-1108.896517240758
variant_native,original_native,10,100,10,L3,sub-10,60,-0.6346009419988502,-978.9204145910662
variant_native,original_native,10,100,10,L3,sub-11,60,-0.3994592342176696,-728.1894878274031
variant_native,original_native,10,100,10,L3,sub-12,60,-3.817912186247683,-1216.8439209822345
variant_native,original_native,10,100,10,L3,sub-13,60,0.31517054492532987,-527.6285178607448
variant_native,original_native,10,100,10,L4,sub-01,60,-9.176332549263803,-8661.267208088388
variant_native,original_native,10,100,10,L4,sub-02,60,2.5097329946574836,-361.9670337114301
variant_native,original_native,10,100,10,L4,sub-03,60,3.34257237086413,-221.49335079476052
variant_native,original_native,10,100,10,L4,sub-04,60,-1.8491625396194078,-1172.9165389077464
variant_native,original_native,10,100,10,L4,sub-05,60,4.776383345766367,-1.6168624694501696
variant_native,original_native,10,100,10,L4,sub-06,60,2.6642066013671033,-469.8744825604552
variant_native,original_native,10,100,10,L4,sub-07,60,2.0907766921288715,-307.48798327134045
variant_native,original_native,10,100,10,L4,sub-08,60,1.154714961628517,-296.88360069946265
variant_native,original_native,10,100,10,L4,sub-09,60,1.1129938166994515,-1309.3298096812339
variant_native,original_native,10,100,10,L4,sub-10,60,-0.24128498492477107,-975.6874798899503
variant_native,original_native,10,100,10,L4,sub-11,60,-0.14585656968209715,-671.8213853746948
variant_native,original_native,10,100,10,L4,sub-12,60,2.578199625139702,-447.698334719103
variant_native,original_native,10,100,10,L4,sub-13,60,0.6550590291269555,-539.994639467473
variant_native,original_native,10,100,10,L5,sub-01,60,-9.920975330481467,-8921.702122487082
variant_native,original_native,10,100,10,L5,sub-02,60,2.249591022988459,-375.9340703049997
variant_native,original_native,10,100,10,L5,sub-03,60,3.297598098251334,-275.62805065783726
variant_native,original_native,10,100,10,L5,sub-04,60,0.7642577981677625,-996.2152389166691
variant_native,original_native,10,100,10,L5,sub-05,60,4.215923626431758,47.36193807201267
variant_native,original_native,10,100,10,L5,sub-06,60,3.133148328615721,-423.9059209668242
variant_native,original_native,10,100,10,L5,sub-07,60,6.409689197481469,-101.36929820327153
variant_native,original_native,10,100,10,L5,sub-08,60,2.982080050829427,-136.71926684087583
variant_native,original_native,10,100,10,L5,sub-09,60,3.0589316102480315,-817.9655589472126
variant_native,original_native,10,100,10,L5,sub-10,60,0.9698485123337368,-1014.1526872396929
variant_native,original_native,10,100,10,L5,sub-11,60,-1.9490454921764282,-785.2791434525117
variant_native,original_native,10,100,10,L5,sub-12,60,3.4984275589928773,-346.4359871239091
variant_native,original_native,10,100,10,L5,sub-13,60,1.4028683540664704,-507.8772657260649
variant_native,original_native,10,100,10,S1,sub-01,60,-6.685752370571255,-8099.441546931358
variant_native,original_native,10,100,10,S1,sub-02,60,4.266949495106256,-271.4410909496061
variant_native,original_native,10,100,10,S1,sub-03,60,-1.5566097944281743,-783.889233156072
variant_native,original_native,10,100,10,S1,sub-04,60,5.90801903520291,-507.3720993430596
variant_native,original_native,10,100,10,S1,sub-05,60,-3.380466278856017,-2429.2657267117916
variant_native,original_native,10,100,10,S1,sub-06,60,7.144247119557525,87.47843683050975
variant_native,original_native,10,100,10,S1,sub-07,60,1.4186118673612562,-447.0663449172097
variant_native,original_native,10,100,10,S1,sub-08,60,-2.8374011868600966,-930.6012294861756
variant_native,original_native,10,100,10,S1,sub-09,60,-4.693707852972349,-3179.8092021652856
variant_native,original_native,10,100,10,S1,sub-10,60,2.507193711713825,-1024.3603041849597
variant_native,original_native,10,100,10,S1,sub-11,60,6.026323151673978,239.66688467772062
variant_native,original_native,10,100,10,S1,sub-12,60,5.339483707216866,-362.7243623192589
variant_native,original_native,10,100,10,S1,sub-13,60,2.3218268381196006,-347.98874999221914
variant_native,original_native,10,100,10,S2,sub-01,60,5.519379270716162,-345.4405251918579
variant_native,original_native,10,100,10,S2,sub-02,60,3.7453105354681497,-315.1112370637504
variant_native,original_native,10,100,10,S2,sub-03,60,3.9204762322580455,-234.18860559421896
variant_native,original_native,10,100,10,S2,sub-04,60,8.07318811035672,-133.6032465309011
variant_native,original_native,10,100,10,S2,sub-05,60,6.696202480987958,2.632620059591443
variant_native,original_native,10,100,10,S2,sub-06,60,0.1951680421385142,-2254.918608648263
variant_native,original_native,10,100,10,S2,sub-07,60,3.5205951775180258,-323.97198145254674
variant_native,original_native,10,100,10,S2,sub-08,60,7.7772118148267415,579.3403287697175
variant_native,original_native,10,100,10,S2,sub-09,60,6.002398406148288,-603.3044581671772
variant_native,original_native,10,100,10,S2,sub-10,60,5.991243903211804,-633.9884348815092
variant_native,original_native,10,100,10,S2,sub-11,60,0.830341619152529,-540.6487415517536
variant_native,original_native,10,100,10,S2,sub-12,60,7.576932927589121,-111.46961057532341
variant_native,original_native,10,100,10,S2,sub-13,60,3.5680778696793523,-250.75936439131183
variant_native,common_endpoint,10,100,2,L1,sub-01,60,0.024806332803630197,-22292.126345250366
variant_native,common_endpoint,10,100,2,L1,sub-02,60,-0.36661736827815666,-2856.515370918517
variant_native,common_endpoint,10,100,2,L1,sub-03,60,-1.1722010731416637,-1460.095955610864
variant_native,common_endpoint,10,100,2,L1,sub-04,60,3.6306233910825574,-1708.6172818304897
variant_native,common_endpoint,10,100,2,L1,sub-05,60,-0.3418540633947741,-14561.190077680949
variant_native,common_endpoint,10,100,2,L1,sub-06,60,0.92827623236693,-116.38693618833486
variant_native,common_endpoint,10,100,2,L1,sub-07,60,-4.565151307264026,-3316.6332313934713
variant_native,common_endpoint,10,100,2,L1,sub-08,60,-2.4083877513461216,-1473.1528562033038
variant_native,common_endpoint,10,100,2,L1,sub-09,60,2.06620535925854,-2650.1502255223318
variant_native,common_endpoint,10,100,2,L1,sub-10,60,-0.2558646543793985,-2657.75054475361
variant_native,common_endpoint,10,100,2,L1,sub-11,60,0.47590479650910955,-14343.045936467564
variant_native,common_endpoint,10,100,2,L1,sub-12,60,-0.14776681211084988,-3203.6338147004035
variant_native,common_endpoint,10,100,2,L1,sub-13,60,-3.752428861976869,-10070.122608508129
variant_native,common_endpoint,10,100,2,L2,sub-01,60,7.793048201512349,-616.1536610362076
variant_native,common_endpoint,10,100,2,L2,sub-02,60,-0.9778521364436299,-2382.175103575551
variant_native,common_endpoint,10,100,2,L2,sub-03,60,-18.006387202692007,-20057.253734937
variant_native,common_endpoint,10,100,2,L2,sub-04,60,1.4837218821987566,-2975.727669322104
variant_native,common_endpoint,10,100,2,L2,sub-05,60,4.714818775042234,-10595.68680605808
variant_native,common_endpoint,10,100,2,L2,sub-06,60,0.13120479305684107,-1786.670513710836
variant_native,common_endpoint,10,100,2,L2,sub-07,60,-3.639042959753946,3178.687882587054
variant_native,common_endpoint,10,100,2,L2,sub-08,60,-4.84425034314358,447.31457502366754
variant_native,common_endpoint,10,100,2,L2,sub-09,60,4.426795028545554,1006.1314149519941
variant_native,common_endpoint,10,100,2,L2,sub-10,60,-1.2787410047067214,-712.044034250558
variant_native,common_endpoint,10,100,2,L2,sub-11,60,-4.737552243438738,-21330.835415480637
variant_native,common_endpoint,10,100,2,L2,sub-12,60,1.2032636440994553,317.63186185289186
variant_native,common_endpoint,10,100,2,L2,sub-13,60,-6.482768452887168,-7738.50792430982
variant_native,common_endpoint,10,100,2,L3,sub-01,60,13.873001057769729,15333.962408641937
variant_native,common_endpoint,10,100,2,L3,sub-02,60,-1.2131269642299949,-3821.1720953231543
variant_native,common_endpoint,10,100,2,L3,sub-03,60,5.470186115213213,5278.905438882654
variant_native,common_endpoint,10,100,2,L3,sub-04,60,3.0516059793673223,-1679.4506691195045
variant_native,common_endpoint,10,100,2,L3,sub-05,60,0.21218578608930344,-1645.4423280286194
variant_native,common_endpoint,10,100,2,L3,sub-06,60,-10.871534781221646,-24771.64293948933
variant_native,common_endpoint,10,100,2,L3,sub-07,60,-1.6569134011828435,1155.1554240140945
variant_native,common_endpoint,10,100,2,L3,sub-08,60,0.14472942629421265,179.77466863368088
variant_native,common_endpoint,10,100,2,L3,sub-09,60,1.9401500823691378,-2043.5603606739633
variant_native,common_endpoint,10,100,2,L3,sub-10,60,-1.924997017472641,69.79965429796454
variant_native,common_endpoint,10,100,2,L3,sub-11,60,-2.734336183626313,-15004.940363913594
variant_native,common_endpoint,10,100,2,L3,sub-12,60,0.29661352283358333,-2341.939228213906
variant_native,common_endpoint,10,100,2,L3,sub-13,60,8.711382341670038,13585.41369412306
variant_native,common_endpoint,10,100,2,L4,sub-01,60,-10.100554136669635,-46069.12030105747
variant_native,common_endpoint,10,100,2,L4,sub-02,60,-2.4809046035382085,-4358.851016618661
variant_native,common_endpoint,10,100,2,L4,sub-03,60,5.173524191545924,2664.1809545817905
variant_native,common_endpoint,10,100,2,L4,sub-04,60,0.4314526382786408,-4952.76736676435
variant_native,common_endpoint,10,100,2,L4,sub-05,60,-8.622486123918936,-26127.326711774786
variant_native,common_endpoint,10,100,2,L4,sub-06,60,1.7117398756320155,-1119.8496839482507
variant_native,common_endpoint,10,100,2,L4,sub-07,60,0.8517922584112579,1365.655027787073
variant_native,common_endpoint,10,100,2,L4,sub-08,60,0.33409587445033445,2820.334173488968
variant_native,common_endpoint,10,100,2,L4,sub-09,60,2.998410389333451,-1159.5874975607012
variant_native,common_endpoint,10,100,2,L4,sub-10,60,-1.180306937206614,-822.7531603811105
variant_native,common_endpoint,10,100,2,L4,sub-11,60,-1.6626148409511137,-22573.279195139403
variant_native,common_endpoint,10,100,2,L4,sub-12,60,0.7614052527086551,-1850.1790469246773
variant_native,common_endpoint,10,100,2,L4,sub-13,60,4.036555019775748,1181.1447196862646
variant_native,common_endpoint,10,100,2,L5,sub-01,60,-8.471374596546289,-45120.295952327986
variant_native,common_endpoint,10,100,2,L5,sub-02,60,2.452036857481574,-156.11511922578555
variant_native,common_endpoint,10,100,2,L5,sub-03,60,4.423896156446422,3218.9763989615585
variant_native,common_endpoint,10,100,2,L5,sub-04,60,0.2296146158181424,-5652.740351583345
variant_native,common_endpoint,10,100,2,L5,sub-05,60,2.1370755754086255,-298.5355425404694
variant_native,common_endpoint,10,100,2,L5,sub-06,60,3.3816992506263195,162.00979545485794
variant_native,common_endpoint,10,100,2,L5,sub-07,60,-0.3865586766407118,28697.256960236024
variant_native,common_endpoint,10,100,2,L5,sub-08,60,2.26421223046426,5304.980507290219
variant_native,common_endpoint,10,100,2,L5,sub-09,60,3.734374120796001,-747.2889753456101
variant_native,common_endpoint,10,100,2,L5,sub-10,60,-0.1509945274178016,316.54193118364145
variant_native,common_endpoint,10,100,2,L5,sub-11,60,2.6177400428915756,-1828.8640322061262
variant_native,common_endpoint,10,100,2,L5,sub-12,60,1.5513609124312373,-1278.7624917810758
variant_native,common_endpoint,10,100,2,L5,sub-13,60,4.69757605518363,1263.2639936293342
variant_native,common_endpoint,10,100,2,S1,sub-01,60,-4.869080709859603,-32705.95389632873
variant_native,common_endpoint,10,100,2,S1,sub-02,60,-3.0381753717017763,-10992.855681731422
variant_native,common_endpoint,10,100,2,S1,sub-03,60,1.8543090681764405,2091.074499227018
variant_native,common_endpoint,10,100,2,S1,sub-04,60,-5.345823052378804,-12269.854602674804
variant_native,common_endpoint,10,100,2,S1,sub-05,60,-1.3044857896307047,-5881.222580783117
variant_native,common_endpoint,10,100,2,S1,sub-06,60,2.2497671363493157,2378.0259852431723
variant_native,common_endpoint,10,100,2,S1,sub-07,60,1.4963966535650135,2313.758624475463
variant_native,common_endpoint,10,100,2,S1,sub-08,60,-11.433336653608617,-18318.01540357598
variant_native,common_endpoint,10,100,2,S1,sub-09,60,-13.659303407724298,-20011.075279099492
variant_native,common_endpoint,10,100,2,S1,sub-10,60,-3.1933716909621648,-1952.0722918785139
variant_native,common_endpoint,10,100,2,S1,sub-11,60,1.2467798830227075,-6637.522641419532
variant_native,common_endpoint,10,100,2,S1,sub-12,60,-8.086329053992207,-30654.887287673006
variant_native,common_endpoint,10,100,2,S1,sub-13,60,-12.153021982108383,-22295.376768351198
variant_native,common_endpoint,10,100,2,S2,sub-01,60,1.7501538509898245,-11364.339266627938
variant_native,common_endpoint,10,100,2,S2,sub-02,60,5.624639586710191,2649.955833964369
variant_native,common_endpoint,10,100,2,S2,sub-03,60,2.2566727444516763,1364.7004296408434
variant_native,common_endpoint,10,100,2,S2,sub-04,60,-3.4811954543666115,-9989.361421345082
variant_native,common_endpoint,10,100,2,S2,sub-05,60,3.2047458404042453,4306.554973255245
variant_native,common_endpoint,10,100,2,S2,sub-06,60,2.468847493190223,2490.8212173854604
variant_native,common_endpoint,10,100,2,S2,sub-07,60,7.899477432865252,15540.95237708913
variant_native,common_endpoint,10,100,2,S2,sub-08,60,15.942937216889517,51082.88870596523
variant_native,common_endpoint,10,100,2,S2,sub-09,60,-1.506631572578384,-5923.981864028884
variant_native,common_endpoint,10,100,2,S2,sub-10,60,7.984275832145339,33442.80604629344
variant_native,common_endpoint,10,100,2,S2,sub-11,60,4.794078545592771,661.4938679731113
variant_native,common_endpoint,10,100,2,S2,sub-12,60,4.421452534030121,2246.6904969619645
variant_native,common_endpoint,10,100,2,S2,sub-13,60,4.9427058803430075,1939.6741071152974
variant_native,common_endpoint,10,100,5,L1,sub-01,60,-0.5085506320585084,-15200.051956880057
variant_native,common_endpoint,10,100,5,L1,sub-02,60,-5.34521283254728,-1719.1107748508907
variant_native,common_endpoint,10,100,5,L1,sub-03,60,-5.174727583931837,-1475.1128129188633
variant_native,common_endpoint,10,100,5,L1,sub-04,60,-0.9614706187110837,-2217.40934386311
variant_native,common_endpoint,10,100,5,L1,sub-05,60,-6.075899571790915,-3462.487409822318
variant_native,common_endpoint,10,100,5,L1,sub-06,60,-3.8023967555151055,-1739.032261266559
variant_native,common_endpoint,10,100,5,L1,sub-07,60,-8.753997639012985,-2580.2701043169595
variant_native,common_endpoint,10,100,5,L1,sub-08,60,-4.563010098203686,-1823.9687993976254
variant_native,common_endpoint,10,100,5,L1,sub-09,60,-0.769011095278146,-1564.6063457502596
variant_native,common_endpoint,10,100,5,L1,sub-10,60,-3.869534691664243,-1813.5735104980329
variant_native,common_endpoint,10,100,5,L1,sub-11,60,-4.074766842771258,-4472.550197677551
variant_native,common_endpoint,10,100,5,L1,sub-12,60,-4.347626377525957,-2387.9701887519464
variant_native,common_endpoint,10,100,5,L1,sub-13,60,-7.22844552759499,-4303.703557965569
variant_native,common_endpoint,10,100,5,L2,sub-01,60,9.432460149483376,-6058.757957251203
variant_native,common_endpoint,10,100,5,L2,sub-02,60,-4.952564357007319,-1703.5649335788355
variant_native,common_endpoint,10,100,5,L2,sub-03,60,-9.416248888969218,-2688.803894508642
variant_native,common_endpoint,10,100,5,L2,sub-04,60,-2.7333680701931953,-2645.1098047363794
variant_native,common_endpoint,10,100,5,L2,sub-05,60,-3.1935662004691,-3296.758605043442
variant_native,common_endpoint,10,100,5,L2,sub-06,60,-0.9148625868007321,-1013.4000235242028
variant_native,common_endpoint,10,100,5,L2,sub-07,60,-2.2398254550525265,-638.9721317338812
variant_native,common_endpoint,10,100,5,L2,sub-08,60,-1.676881715237293,-462.02666570197806
variant_native,common_endpoint,10,100,5,L2,sub-09,60,0.31914718521358093,-1336.7504074199592
variant_native,common_endpoint,10,100,5,L2,sub-10,60,-4.566352114857779,-1931.4146958238225
variant_native,common_endpoint,10,100,5,L2,sub-11,60,-3.525855737261062,-5409.95478205816
variant_native,common_endpoint,10,100,5,L2,sub-12,60,-1.298614436747418,-1798.7226608945375
variant_native,common_endpoint,10,100,5,L2,sub-13,60,-12.258752001678992,-4682.47521234083
variant_native,common_endpoint,10,100,5,L3,sub-01,60,13.103396537544986,-3286.644795125436
variant_native,common_endpoint,10,100,5,L3,sub-02,60,-3.2244815702374043,-1534.0667867885684
variant_native,common_endpoint,10,100,5,L3,sub-03,60,2.7193728305811984,185.60721738072488
variant_native,common_endpoint,10,100,5,L3,sub-04,60,-2.2716886727697005,-2638.332390274213
variant_native,common_endpoint,10,100,5,L3,sub-05,60,-0.5276165548465791,-1442.8024827961485
variant_native,common_endpoint,10,100,5,L3,sub-06,60,-12.825607459826669,-8415.861092841044
variant_native,common_endpoint,10,100,5,L3,sub-07,60,-1.8485378380596267,-477.8577330368275
variant_native,common_endpoint,10,100,5,L3,sub-08,60,1.6076731867681968,-249.42859368802814
variant_native,common_endpoint,10,100,5,L3,sub-09,60,0.9921454012965701,-1463.814367523019
variant_native,common_endpoint,10,100,5,L3,sub-10,60,-3.1307082494114415,-1780.1275727702528
variant_native,common_endpoint,10,100,5,L3,sub-11,60,-1.8899027851518546,-1947.7441351765622
variant_native,common_endpoint,10,100,5,L3,sub-12,60,-0.8003117553077282,-1533.1411116978247
variant_native,common_endpoint,10,100,5,L3,sub-13,60,3.2996480048587764,-91.3907936377653
variant_native,common_endpoint,10,100,5,L4,sub-01,60,-12.717565616368905,-20886.77356782105
variant_native,common_endpoint,10,100,5,L4,sub-02,60,1.2461113636916872,-499.8052844054531
variant_native,common_endpoint,10,100,5,L4,sub-03,60,0.5020934424895808,-421.29531643372616
variant_native,common_endpoint,10,100,5,L4,sub-04,60,-1.9384594749379351,-2642.6808845021155
variant_native,common_endpoint,10,100,5,L4,sub-05,60,-0.8994554143551173,-1229.1968558068556
variant_native,common_endpoint,10,100,5,L4,sub-06,60,1.6840238841573145,-461.0920104986743
variant_native,common_endpoint,10,100,5,L4,sub-07,60,2.2742365228735735,152.81913941934437
variant_native,common_endpoint,10,100,5,L4,sub-08,60,2.556210755762571,37.542633008139894
variant_native,common_endpoint,10,100,5,L4,sub-09,60,1.4249817570160264,-1523.071911175603
variant_native,common_endpoint,10,100,5,L4,sub-10,60,-0.3006996344115799,-1142.1056523603995
variant_native,common_endpoint,10,100,5,L4,sub-11,60,1.0927420512496224,-3554.0854297749524
variant_native,common_endpoint,10,100,5,L4,sub-12,60,-0.9345470042450976,-1807.1709483882312
variant_native,common_endpoint,10,100,5,L4,sub-13,60,3.2948622930459064,-414.63385542292
variant_native,common_endpoint,10,100,5,L5,sub-01,60,-11.268851841014653,-19878.68121819036
variant_native,common_endpoint,10,100,5,L5,sub-02,60,1.6311262351117386,-321.3311885574605
variant_native,common_endpoint,10,100,5,L5,sub-03,60,1.1067960081459132,-217.944139720313
variant_native,common_endpoint,10,100,5,L5,sub-04,60,0.7181788108495931,-2132.8914042357114
variant_native,common_endpoint,10,100,5,L5,sub-05,60,7.119793775096895,917.4498192822531
variant_native,common_endpoint,10,100,5,L5,sub-06,60,6.508826880025251,744.3079851941546
variant_native,common_endpoint,10,100,5,L5,sub-07,60,0.7978640501666413,791.2286418271849
variant_native,common_endpoint,10,100,5,L5,sub-08,60,3.106675330413968,82.98011639996275
variant_native,common_endpoint,10,100,5,L5,sub-09,60,4.618923350577797,-553.1661413943399
variant_native,common_endpoint,10,100,5,L5,sub-10,60,2.2653741551088156,-666.3381115531148
variant_native,common_endpoint,10,100,5,L5,sub-11,60,1.3749727879590312,-54.00804551762791
variant_native,common_endpoint,10,100,5,L5,sub-12,60,2.7739406739724215,-767.6773090012399
variant_native,common_endpoint,10,100,5,L5,sub-13,60,2.6571304405373337,-532.8281125356095
variant_native,common_endpoint,10,100,5,S1,sub-01,60,-1.67539575487877,-11438.685058070881
variant_native,common_endpoint,10,100,5,S1,sub-02,60,5.444240559155351,-55.17992167712726
variant_native,common_endpoint,10,100,5,S1,sub-03,60,4.207643566446358,221.6456437694642
variant_native,common_endpoint,10,100,5,S1,sub-04,60,4.050122220532227,-1662.4351539136167
variant_native,common_endpoint,10,100,5,S1,sub-05,60,-2.5339836507778863,-4523.4202362227
variant_native,common_endpoint,10,100,5,S1,sub-06,60,4.901884736628802,730.3655026010186
variant_native,common_endpoint,10,100,5,S1,sub-07,60,3.507279100049047,499.1139282339833
variant_native,common_endpoint,10,100,5,S1,sub-08,60,-13.679962744603023,-7204.5159623181
variant_native,common_endpoint,10,100,5,S1,sub-09,60,-13.983500286711122,-7863.001869540622
variant_native,common_endpoint,10,100,5,S1,sub-10,60,-1.861571796669256,-1748.7207783534907
variant_native,common_endpoint,10,100,5,S1,sub-11,60,2.8586000806297203,-795.5879700376179
variant_native,common_endpoint,10,100,5,S1,sub-12,60,-3.197645156688813,-5363.752548874158
variant_native,common_endpoint,10,100,5,S1,sub-13,60,3.9272608133529827,-789.0801401560104
variant_native,common_endpoint,10,100,5,S2,sub-01,60,3.6345071572924685,-1014.3611764636905
variant_native,common_endpoint,10,100,5,S2,sub-02,60,5.200780601833221,429.7453471395626
variant_native,common_endpoint,10,100,5,S2,sub-03,60,6.055070625238,437.1639875758163
variant_native,common_endpoint,10,100,5,S2,sub-04,60,3.136685805230094,-1434.177961547717
variant_native,common_endpoint,10,100,5,S2,sub-05,60,6.110727617142701,-515.5718344949322
variant_native,common_endpoint,10,100,5,S2,sub-06,60,4.448131301331139,-1046.0874872481083
variant_native,common_endpoint,10,100,5,S2,sub-07,60,6.262981259035878,1031.4057223202167
variant_native,common_endpoint,10,100,5,S2,sub-08,60,12.649295285099269,4171.489930917745
variant_native,common_endpoint,10,100,5,S2,sub-09,60,7.397313687885291,-360.1712031673993
variant_native,common_endpoint,10,100,5,S2,sub-10,60,11.46349233190548,3399.1214222845674
variant_native,common_endpoint,10,100,5,S2,sub-11,60,4.1642104453458035,497.6423969252608
variant_native,common_endpoint,10,100,5,S2,sub-12,60,7.804804056542591,81.79947928078954
variant_native,common_endpoint,10,100,5,S2,sub-13,60,6.308295977478986,89.77189882197754
variant_native,common_endpoint,10,100,10,L1,sub-01,60,-1.160700936619258,-6008.307026893526
variant_native,common_endpoint,10,100,10,L1,sub-02,60,-8.087105027229628,-1466.812606312797
variant_native,common_endpoint,10,100,10,L1,sub-03,60,-8.5644317054914,-1522.895369309567
variant_native,common_endpoint,10,100,10,L1,sub-04,60,-4.763464643963701,-1475.7816736163331
variant_native,common_endpoint,10,100,10,L1,sub-05,60,-7.077017382682586,-1491.4869561791413
variant_native,common_endpoint,10,100,10,L1,sub-06,60,-6.871596019650488,-1675.5300774952314
variant_native,common_endpoint,10,100,10,L1,sub-07,60,-10.77919428447977,-1896.5511982453984
variant_native,common_endpoint,10,100,10,L1,sub-08,60,-8.496882979423107,-1356.6472357822588
variant_native,common_endpoint,10,100,10,L1,sub-09,60,-3.391657002694969,-1535.1429014775115
variant_native,common_endpoint,10,100,10,L1,sub-10,60,-3.6944815882180495,-1397.3500917950093
variant_native,common_endpoint,10,100,10,L1,sub-11,60,-1.8035646056663632,-1480.6527538184648
variant_native,common_endpoint,10,100,10,L1,sub-12,60,-9.542592734155015,-1771.707506111684
variant_native,common_endpoint,10,100,10,L1,sub-13,60,-8.546020378819858,-2412.803414565794
variant_native,common_endpoint,10,100,10,L2,sub-01,60,10.000117762237613,-3611.7500110109945
variant_native,common_endpoint,10,100,10,L2,sub-02,60,-3.6464950659450066,-1025.4010639214505
variant_native,common_endpoint,10,100,10,L2,sub-03,60,-2.445317538879379,-780.1393229777251
variant_native,common_endpoint,10,100,10,L2,sub-04,60,-3.943525648652075,-1441.4282676361747
variant_native,common_endpoint,10,100,10,L2,sub-05,60,-6.557018361997638,-1548.9205544578379
variant_native,common_endpoint,10,100,10,L2,sub-06,60,1.350400805428545,-513.5621474533187
variant_native,common_endpoint,10,100,10,L2,sub-07,60,-2.8985328613290267,-792.9466657513512
variant_native,common_endpoint,10,100,10,L2,sub-08,60,-0.5621079164503744,-347.06249212296194
variant_native,common_endpoint,10,100,10,L2,sub-09,60,-2.6003177076449204,-1440.2010870713157
variant_native,common_endpoint,10,100,10,L2,sub-10,60,-4.897918612117694,-1528.308785804625
variant_native,common_endpoint,10,100,10,L2,sub-11,60,-2.5587388690839488,-1228.552551348257
variant_native,common_endpoint,10,100,10,L2,sub-12,60,-5.632538898535876,-1390.212638731687
variant_native,common_endpoint,10,100,10,L2,sub-13,60,0.2830177429021484,-517.0993285410628
variant_native,common_endpoint,10,100,10,L3,sub-01,60,11.424264153982007,-3712.501526821247
variant_native,common_endpoint,10,100,10,L3,sub-02,60,-1.0379839550457204,-758.3153154826105
variant_native,common_endpoint,10,100,10,L3,sub-03,60,2.0057123374254457,-331.3971187489728
variant_native,common_endpoint,10,100,10,L3,sub-04,60,-4.189312111492209,-1514.3420079981793
variant_native,common_endpoint,10,100,10,L3,sub-05,60,1.3259925703501578,-260.99168881186625
variant_native,common_endpoint,10,100,10,L3,sub-06,60,-7.615574877456928,-2868.266311334747
variant_native,common_endpoint,10,100,10,L3,sub-07,60,0.23805421131917545,-529.0990314854893
variant_native,common_endpoint,10,100,10,L3,sub-08,60,-0.017614744551103064,-360.2424693760841
variant_native,common_endpoint,10,100,10,L3,sub-09,60,0.5113587302164693,-1108.896517240758
variant_native,common_endpoint,10,100,10,L3,sub-10,60,-0.6346009419988502,-978.9204145910662
variant_native,common_endpoint,10,100,10,L3,sub-11,60,-0.3994592342176696,-728.1894878274031
variant_native,common_endpoint,10,100,10,L3,sub-12,60,-3.817912186247683,-1216.8439209822345
variant_native,common_endpoint,10,100,10,L3,sub-13,60,0.31517054492532987,-527.6285178607448
variant_native,common_endpoint,10,100,10,L4,sub-01,60,-9.176332549263803,-8661.267208088388
variant_native,common_endpoint,10,100,10,L4,sub-02,60,2.5097329946574836,-361.9670337114301
variant_native,common_endpoint,10,100,10,L4,sub-03,60,3.34257237086413,-221.49335079476052
variant_native,common_endpoint,10,100,10,L4,sub-04,60,-1.8491625396194078,-1172.9165389077464
variant_native,common_endpoint,10,100,10,L4,sub-05,60,4.776383345766367,-1.6168624694501696
variant_native,common_endpoint,10,100,10,L4,sub-06,60,2.6642066013671033,-469.8744825604552
variant_native,common_endpoint,10,100,10,L4,sub-07,60,2.0907766921288715,-307.48798327134045
variant_native,common_endpoint,10,100,10,L4,sub-08,60,1.154714961628517,-296.88360069946265
variant_native,common_endpoint,10,100,10,L4,sub-09,60,1.1129938166994515,-1309.3298096812339
variant_native,common_endpoint,10,100,10,L4,sub-10,60,-0.24128498492477107,-975.6874798899503
variant_native,common_endpoint,10,100,10,L4,sub-11,60,-0.14585656968209715,-671.8213853746948
variant_native,common_endpoint,10,100,10,L4,sub-12,60,2.578199625139702,-447.698334719103
variant_native,common_endpoint,10,100,10,L4,sub-13,60,0.6550590291269555,-539.994639467473
variant_native,common_endpoint,10,100,10,L5,sub-01,60,-9.920975330481467,-8921.702122487082
variant_native,common_endpoint,10,100,10,L5,sub-02,60,2.249591022988459,-375.9340703049997
variant_native,common_endpoint,10,100,10,L5,sub-03,60,3.297598098251334,-275.62805065783726
variant_native,common_endpoint,10,100,10,L5,sub-04,60,0.7642577981677625,-996.2152389166691
variant_native,common_endpoint,10,100,10,L5,sub-05,60,4.215923626431758,47.36193807201267
variant_native,common_endpoint,10,100,10,L5,sub-06,60,3.133148328615721,-423.9059209668242
variant_native,common_endpoint,10,100,10,L5,sub-07,60,6.409689197481469,-101.36929820327153
variant_native,common_endpoint,10,100,10,L5,sub-08,60,2.982080050829427,-136.71926684087583
variant_native,common_endpoint,10,100,10,L5,sub-09,60,3.0589316102480315,-817.9655589472126
variant_native,common_endpoint,10,100,10,L5,sub-10,60,0.9698485123337368,-1014.1526872396929
variant_native,common_endpoint,10,100,10,L5,sub-11,60,-1.9490454921764282,-785.2791434525117
variant_native,common_endpoint,10,100,10,L5,sub-12,60,3.4984275589928773,-346.4359871239091
variant_native,common_endpoint,10,100,10,L5,sub-13,60,1.4028683540664704,-507.8772657260649
variant_native,common_endpoint,10,100,10,S1,sub-01,60,-6.685752370571255,-8099.441546931358
variant_native,common_endpoint,10,100,10,S1,sub-02,60,4.266949495106256,-271.4410909496061
variant_native,common_endpoint,10,100,10,S1,sub-03,60,-1.5566097944281743,-783.889233156072
variant_native,common_endpoint,10,100,10,S1,sub-04,60,5.90801903520291,-507.3720993430596
variant_native,common_endpoint,10,100,10,S1,sub-05,60,-3.380466278856017,-2429.2657267117916
variant_native,common_endpoint,10,100,10,S1,sub-06,60,7.144247119557525,87.47843683050975
variant_native,common_endpoint,10,100,10,S1,sub-07,60,1.4186118673612562,-447.0663449172097
variant_native,common_endpoint,10,100,10,S1,sub-08,60,-2.8374011868600966,-930.6012294861756
variant_native,common_endpoint,10,100,10,S1,sub-09,60,-4.693707852972349,-3179.8092021652856
variant_native,common_endpoint,10,100,10,S1,sub-10,60,2.507193711713825,-1024.3603041849597
variant_native,common_endpoint,10,100,10,S1,sub-11,60,6.026323151673978,239.66688467772062
variant_native,common_endpoint,10,100,10,S1,sub-12,60,5.339483707216866,-362.7243623192589
variant_native,common_endpoint,10,100,10,S1,sub-13,60,2.3218268381196006,-347.98874999221914
variant_native,common_endpoint,10,100,10,S2,sub-01,60,5.519379270716162,-345.4405251918579
variant_native,common_endpoint,10,100,10,S2,sub-02,60,3.7453105354681497,-315.1112370637504
variant_native,common_endpoint,10,100,10,S2,sub-03,60,3.9204762322580455,-234.18860559421896
variant_native,common_endpoint,10,100,10,S2,sub-04,60,8.07318811035672,-133.6032465309011
variant_native,common_endpoint,10,100,10,S2,sub-05,60,6.696202480987958,2.632620059591443
variant_native,common_endpoint,10,100,10,S2,sub-06,60,0.1951680421385142,-2254.918608648263
variant_native,common_endpoint,10,100,10,S2,sub-07,60,3.5205951775180258,-323.97198145254674
variant_native,common_endpoint,10,100,10,S2,sub-08,60,7.7772118148267415,579.3403287697175
variant_native,common_endpoint,10,100,10,S2,sub-09,60,6.002398406148288,-603.3044581671772
variant_native,common_endpoint,10,100,10,S2,sub-10,60,5.991243903211804,-633.9884348815092
variant_native,common_endpoint,10,100,10,S2,sub-11,60,0.830341619152529,-540.6487415517536
variant_native,common_endpoint,10,100,10,S2,sub-12,60,7.576932927589121,-111.46961057532341
variant_native,common_endpoint,10,100,10,S2,sub-13,60,3.5680778696793523,-250.75936439131183
variant_native,common_endpoint_central,10,100,2,L1,sub-01,60,-3.4474444975386382,-25679.487756698327
variant_native,common_endpoint_central,10,100,2,L1,sub-02,60,-5.580870109157383,-4393.653251552611
variant_native,common_endpoint_central,10,100,2,L1,sub-03,60,-2.8001601143385186,-3239.011041285412
variant_native,common_endpoint_central,10,100,2,L1,sub-04,60,-3.177234592480342,-4695.952361447289
variant_native,common_endpoint_central,10,100,2,L1,sub-05,60,-3.8044863330782253,-16823.919993785596
variant_native,common_endpoint_central,10,100,2,L1,sub-06,60,-2.5116918918743347,-1908.0371264630883
variant_native,common_endpoint_central,10,100,2,L1,sub-07,60,-7.590082317194827,-4238.130712334609
variant_native,common_endpoint_central,10,100,2,L1,sub-08,60,-8.156778065336676,-7791.670803605885
variant_native,common_endpoint_central,10,100,2,L1,sub-09,60,3.2661987739051868,-3173.6728195217806
variant_native,common_endpoint_central,10,100,2,L1,sub-10,60,-0.8033639662755541,-3341.9601591997944
variant_native,common_endpoint_central,10,100,2,L1,sub-11,60,-7.247023404685251,-15991.204592645177
variant_native,common_endpoint_central,10,100,2,L1,sub-12,60,-5.712800340522644,-4243.690709817789
variant_native,common_endpoint_central,10,100,2,L1,sub-13,60,-10.816282456903286,-9548.236399352982
variant_native,common_endpoint_central,10,100,2,L2,sub-01,60,9.004510453061089,-1459.203458197613
variant_native,common_endpoint_central,10,100,2,L2,sub-02,60,-4.571743247525452,-3515.3815870922103
variant_native,common_endpoint_central,10,100,2,L2,sub-03,60,-17.087798744227914,-19472.48490165803
variant_native,common_endpoint_central,10,100,2,L2,sub-04,60,-3.999107409465775,-5144.173738478579
variant_native,common_endpoint_central,10,100,2,L2,sub-05,60,-0.11633554730276494,-16719.81946631126
variant_native,common_endpoint_central,10,100,2,L2,sub-06,60,-0.27801519945472475,-42.91728067868724
variant_native,common_endpoint_central,10,100,2,L2,sub-07,60,-3.8364934838637907,1924.0868358925375
variant_native,common_endpoint_central,10,100,2,L2,sub-08,60,-1.4022672139748555,5906.884307999445
variant_native,common_endpoint_central,10,100,2,L2,sub-09,60,3.2566508432765087,-1464.4248999943984
variant_native,common_endpoint_central,10,100,2,L2,sub-10,60,-2.0115158827225996,-2210.535598735815
variant_native,common_endpoint_central,10,100,2,L2,sub-11,60,-2.6377215102197193,-16124.747476960642
variant_native,common_endpoint_central,10,100,2,L2,sub-12,60,-3.3853426005626304,-1913.8762119088553
variant_native,common_endpoint_central,10,100,2,L2,sub-13,60,1.1185824076015811,1511.9774891707327
variant_native,common_endpoint_central,10,100,2,L3,sub-01,60,19.119155822579437,16867.08680414253
variant_native,common_endpoint_central,10,100,2,L3,sub-02,60,-2.2727260735790598,-2405.607446455294
variant_native,common_endpoint_central,10,100,2,L3,sub-03,60,4.7750489806353205,2187.7034985156706
variant_native,common_endpoint_central,10,100,2,L3,sub-04,60,-0.6798965467903294,-2789.342154563673
variant_native,common_endpoint_central,10,100,2,L3,sub-05,60,2.1896320118018675,378.17864293991187
variant_native,common_endpoint_central,10,100,2,L3,sub-06,60,0.7161499640086989,666.8717857865812
variant_native,common_endpoint_central,10,100,2,L3,sub-07,60,-2.037909338579227,2441.9331091764384
variant_native,common_endpoint_central,10,100,2,L3,sub-08,60,-2.370001793202822,-1163.7481564561174
variant_native,common_endpoint_central,10,100,2,L3,sub-09,60,2.2033566908803945,-2746.5119954063225
variant_native,common_endpoint_central,10,100,2,L3,sub-10,60,-1.9170740111245654,-2586.9528606507056
variant_native,common_endpoint_central,10,100,2,L3,sub-11,60,-3.9637473831983723,-11275.351706706108
variant_native,common_endpoint_central,10,100,2,L3,sub-12,60,-0.21142989430887535,-557.0664041073027
variant_native,common_endpoint_central,10,100,2,L3,sub-13,60,0.5017065447683401,44.61916337808322
variant_native,common_endpoint_central,10,100,2,L4,sub-01,60,-11.606760575613372,-45584.690919309855
variant_native,common_endpoint_central,10,100,2,L4,sub-02,60,0.25553516624043165,-524.124365438019
variant_native,common_endpoint_central,10,100,2,L4,sub-03,60,5.458166370072052,2599.690489021923
variant_native,common_endpoint_central,10,100,2,L4,sub-04,60,-0.333922413748231,-2056.826100785525
variant_native,common_endpoint_central,10,100,2,L4,sub-05,60,-4.165756148340747,-3064.4786485730597
variant_native,common_endpoint_central,10,100,2,L4,sub-06,60,-0.398991265685934,-128.36168991274266
variant_native,common_endpoint_central,10,100,2,L4,sub-07,60,-0.2536582672400496,1593.3940466769632
variant_native,common_endpoint_central,10,100,2,L4,sub-08,60,-1.4243742768874479,3353.610824467753
variant_native,common_endpoint_central,10,100,2,L4,sub-09,60,2.0833966419686933,-2767.0677716366527
variant_native,common_endpoint_central,10,100,2,L4,sub-10,60,-0.47209227008407384,-2887.871227469715
variant_native,common_endpoint_central,10,100,2,L4,sub-11,60,1.2091050766985296,-1904.2561739526707
variant_native,common_endpoint_central,10,100,2,L4,sub-12,60,0.5681785208585054,-30.811672121457164
variant_native,common_endpoint_central,10,100,2,L4,sub-13,60,0.9530715408693362,487.92774870957925
variant_native,common_endpoint_central,10,100,2,L5,sub-01,60,-10.68928369124753,-42899.17037459078
variant_native,common_endpoint_central,10,100,2,L5,sub-02,60,3.1863577550968567,1743.3624778927203
variant_native,common_endpoint_central,10,100,2,L5,sub-03,60,3.023905464879839,1301.8220305120044
variant_native,common_endpoint_central,10,100,2,L5,sub-04,60,1.4911673398717995,-1135.564555336732
variant_native,common_endpoint_central,10,100,2,L5,sub-05,60,2.523944042979181,372.25189122830295
variant_native,common_endpoint_central,10,100,2,L5,sub-06,60,3.5395217228890012,2633.3719583605184
variant_native,common_endpoint_central,10,100,2,L5,sub-07,60,5.138199451898981,40039.7971323786
variant_native,common_endpoint_central,10,100,2,L5,sub-08,60,0.10893838309802378,5327.470706415796
variant_native,common_endpoint_central,10,100,2,L5,sub-09,60,3.7559258843770396,-1780.9120408141785
variant_native,common_endpoint_central,10,100,2,L5,sub-10,60,-0.025313435793913614,-216.71628584304685
variant_native,common_endpoint_central,10,100,2,L5,sub-11,60,2.853974603825168,2427.2739991825315
variant_native,common_endpoint_central,10,100,2,L5,sub-12,60,2.3438267346306327,1042.7952189541006
variant_native,common_endpoint_central,10,100,2,L5,sub-13,60,0.4316777227292209,254.37528731125332
variant_native,common_endpoint_central,10,100,2,S1,sub-01,60,-5.874156497714728,-28261.16455676822
variant_native,common_endpoint_central,10,100,2,S1,sub-02,60,3.049398263864122,2341.77695318311
variant_native,common_endpoint_central,10,100,2,S1,sub-03,60,2.6656787447211987,2169.5519392143237
variant_native,common_endpoint_central,10,100,2,S1,sub-04,60,2.4666324829980173,-453.94745174259566
variant_native,common_endpoint_central,10,100,2,S1,sub-05,60,-0.3930222165945276,-4705.959709862329
variant_native,common_endpoint_central,10,100,2,S1,sub-06,60,2.5625723487706713,3403.680299332455
variant_native,common_endpoint_central,10,100,2,S1,sub-07,60,1.1890666861917945,2868.9103246613113
variant_native,common_endpoint_central,10,100,2,S1,sub-08,60,-0.2843476635141713,5430.091101122685
variant_native,common_endpoint_central,10,100,2,S1,sub-09,60,-12.438132630854993,-20139.340377452903
variant_native,common_endpoint_central,10,100,2,S1,sub-10,60,-0.8632256770650232,8252.98905266659
variant_native,common_endpoint_central,10,100,2,S1,sub-11,60,3.3097782735194894,4450.330534836367
variant_native,common_endpoint_central,10,100,2,S1,sub-12,60,2.782250591549371,1294.243098619335
variant_native,common_endpoint_central,10,100,2,S1,sub-13,60,1.8067266048518955,1457.0114287319623
variant_native,common_endpoint_central,10,100,2,S2,sub-01,60,3.493978986473757,507.42946167274414
variant_native,common_endpoint_central,10,100,2,S2,sub-02,60,5.934048245060484,5299.681625925422
variant_native,common_endpoint_central,10,100,2,S2,sub-03,60,3.9651592982580195,2423.3985905679674
variant_native,common_endpoint_central,10,100,2,S2,sub-04,60,4.232361139614863,814.5366246200836
variant_native,common_endpoint_central,10,100,2,S2,sub-05,60,3.7660241905352145,4208.056665732218
variant_native,common_endpoint_central,10,100,2,S2,sub-06,60,-3.6295456786533804,3312.9391372747896
variant_native,common_endpoint_central,10,100,2,S2,sub-07,60,7.390877268787118,16110.200162716877
variant_native,common_endpoint_central,10,100,2,S2,sub-08,60,13.52883062981795,51499.20740731576
variant_native,common_endpoint_central,10,100,2,S2,sub-09,60,-2.127396203552828,-7210.9428294709205
variant_native,common_endpoint_central,10,100,2,S2,sub-10,60,6.092585243065727,33191.58927041198
variant_native,common_endpoint_central,10,100,2,S2,sub-11,60,6.4756343440601505,5766.369078659168
variant_native,common_endpoint_central,10,100,2,S2,sub-12,60,3.615316988355645,3669.794680049728
variant_native,common_endpoint_central,10,100,2,S2,sub-13,60,6.004517636082912,4355.073619098907
variant_native,common_endpoint_central,10,100,5,L1,sub-01,60,-3.826796675562789,-12498.557300567825
variant_native,common_endpoint_central,10,100,5,L1,sub-02,60,-8.293086750473744,-1929.0010614651858
variant_native,common_endpoint_central,10,100,5,L1,sub-03,60,-6.27481211412905,-1735.9990942064294
variant_native,common_endpoint_central,10,100,5,L1,sub-04,60,-4.492532033764118,-2635.1143566749306
variant_native,common_endpoint_central,10,100,5,L1,sub-05,60,-7.844842836266707,-3629.115034831438
variant_native,common_endpoint_central,10,100,5,L1,sub-06,60,-5.309070024561309,-1512.6690872498525
variant_native,common_endpoint_central,10,100,5,L1,sub-07,60,-11.621655340936963,-2635.7159040872307
variant_native,common_endpoint_central,10,100,5,L1,sub-08,60,-8.227478730710885,-2118.5941576489226
variant_native,common_endpoint_central,10,100,5,L1,sub-09,60,-0.7575673758546843,-1557.5886603814238
variant_native,common_endpoint_central,10,100,5,L1,sub-10,60,-4.023132843490556,-1923.8891388440932
variant_native,common_endpoint_central,10,100,5,L1,sub-11,60,-5.718153788836111,-4472.550197677551
variant_native,common_endpoint_central,10,100,5,L1,sub-12,60,-8.610124717997339,-2529.3480142828616
variant_native,common_endpoint_central,10,100,5,L1,sub-13,60,-12.485834726849117,-4468.226725066373
variant_native,common_endpoint_central,10,100,5,L2,sub-01,60,10.770483906307005,-6132.705977902847
variant_native,common_endpoint_central,10,100,5,L2,sub-02,60,-6.915286358490287,-1773.2236650663372
variant_native,common_endpoint_central,10,100,5,L2,sub-03,60,-8.77668122562717,-2522.8674763236986
variant_native,common_endpoint_central,10,100,5,L2,sub-04,60,-4.577454644070112,-2722.0205685961055
variant_native,common_endpoint_central,10,100,5,L2,sub-05,60,-5.251061662224999,-3383.1693250302565
variant_native,common_endpoint_central,10,100,5,L2,sub-06,60,-1.787627980327643,-836.200281578276
variant_native,common_endpoint_central,10,100,5,L2,sub-07,60,-3.557736191777372,-611.4773027558695
variant_native,common_endpoint_central,10,100,5,L2,sub-08,60,-1.6129651010132384,286.7270249325291
variant_native,common_endpoint_central,10,100,5,L2,sub-09,60,-1.6347071217458113,-1696.5557818073817
variant_native,common_endpoint_central,10,100,5,L2,sub-10,60,-5.96677095333273,-2250.9662629183263
variant_native,common_endpoint_central,10,100,5,L2,sub-11,60,-1.8767395382001921,-4816.797010944678
variant_native,common_endpoint_central,10,100,5,L2,sub-12,60,-4.472840835417923,-1863.7575150365205
variant_native,common_endpoint_central,10,100,5,L2,sub-13,60,-1.9317824173263805,-1186.0432423098557
variant_native,common_endpoint_central,10,100,5,L3,sub-01,60,16.05705645223339,-3320.28256032134
variant_native,common_endpoint_central,10,100,5,L3,sub-02,60,0.919548826819169,-289.6512526620437
variant_native,common_endpoint_central,10,100,5,L3,sub-03,60,2.4956158489835403,-18.312616612584417
variant_native,common_endpoint_central,10,100,5,L3,sub-04,60,-3.2353143231149986,-2504.257346517412
variant_native,common_endpoint_central,10,100,5,L3,sub-05,60,4.7070921522877045,349.7932072317551
variant_native,common_endpoint_central,10,100,5,L3,sub-06,60,0.19332603958857675,-421.170652365531
variant_native,common_endpoint_central,10,100,5,L3,sub-07,60,-3.6610464870130004,-519.2691570690357
variant_native,common_endpoint_central,10,100,5,L3,sub-08,60,0.14671778910611746,-246.21050770039844
variant_native,common_endpoint_central,10,100,5,L3,sub-09,60,0.8454610535135321,-1493.055572893096
variant_native,common_endpoint_central,10,100,5,L3,sub-10,60,-0.7201448561732356,-1343.0300688809375
variant_native,common_endpoint_central,10,100,5,L3,sub-11,60,0.5881700027683308,-1356.1402812625872
variant_native,common_endpoint_central,10,100,5,L3,sub-12,60,-1.6035479293695871,-1189.6029425660893
variant_native,common_endpoint_central,10,100,5,L3,sub-13,60,0.4122427163462491,-602.6722462254203
variant_native,common_endpoint_central,10,100,5,L4,sub-01,60,-13.51874604332338,-20997.497603600412
variant_native,common_endpoint_central,10,100,5,L4,sub-02,60,2.172340030898071,-71.61804364116333
variant_native,common_endpoint_central,10,100,5,L4,sub-03,60,0.8067651858390598,-421.29531643372616
variant_native,common_endpoint_central,10,100,5,L4,sub-04,60,-4.703382207996002,-2638.015298475376
variant_native,common_endpoint_central,10,100,5,L4,sub-05,60,-0.9297984753410745,-611.7808546561142
variant_native,common_endpoint_central,10,100,5,L4,sub-06,60,1.2492185234485875,-210.03765345460263
variant_native,common_endpoint_central,10,100,5,L4,sub-07,60,0.8375403153507949,157.15340147652665
variant_native,common_endpoint_central,10,100,5,L4,sub-08,60,0.757327311951965,59.41006843357932
variant_native,common_endpoint_central,10,100,5,L4,sub-09,60,1.0204109262009213,-1647.9027960782494
variant_native,common_endpoint_central,10,100,5,L4,sub-10,60,0.6228686876617048,-1152.286053407071
variant_native,common_endpoint_central,10,100,5,L4,sub-11,60,1.7119221326738827,-77.85800386409375
variant_native,common_endpoint_central,10,100,5,L4,sub-12,60,1.5891733295229051,-645.4111845328669
variant_native,common_endpoint_central,10,100,5,L4,sub-13,60,1.705049739224791,-414.63385542292
variant_native,common_endpoint_central,10,100,5,L5,sub-01,60,-10.515677629200743,-18031.59829732012
variant_native,common_endpoint_central,10,100,5,L5,sub-02,60,0.6263122954671533,-308.21527570460404
variant_native,common_endpoint_central,10,100,5,L5,sub-03,60,1.340946579515009,-280.72539937192045
variant_native,common_endpoint_central,10,100,5,L5,sub-04,60,-0.6740690371258862,-1809.3908222068844
variant_native,common_endpoint_central,10,100,5,L5,sub-05,60,6.911675857977647,929.6753751939152
variant_native,common_endpoint_central,10,100,5,L5,sub-06,60,5.660110987312956,757.1002550124468
variant_native,common_endpoint_central,10,100,5,L5,sub-07,60,10.735769625279689,5738.635671517327
variant_native,common_endpoint_central,10,100,5,L5,sub-08,60,1.7949587434987735,171.82393474133488
variant_native,common_endpoint_central,10,100,5,L5,sub-09,60,4.439872329341463,-549.3867378770699
variant_native,common_endpoint_central,10,100,5,L5,sub-10,60,3.223060182078459,-666.3381115531148
variant_native,common_endpoint_central,10,100,5,L5,sub-11,60,0.9518845649166433,100.70004168614666
variant_native,common_endpoint_central,10,100,5,L5,sub-12,60,2.9489674432734505,-426.36409623704606
variant_native,common_endpoint_central,10,100,5,L5,sub-13,60,0.2808847790621218,-648.4285679279357
variant_native,common_endpoint_central,10,100,5,S1,sub-01,60,-3.0909404797137636,-12023.754695915908
variant_native,common_endpoint_central,10,100,5,S1,sub-02,60,6.51500467501363,658.7842183655284
variant_native,common_endpoint_central,10,100,5,S1,sub-03,60,3.8693289210029826,110.70320362677813
variant_native,common_endpoint_central,10,100,5,S1,sub-04,60,9.005493366823567,145.06635004375343
variant_native,common_endpoint_central,10,100,5,S1,sub-05,60,-3.452520720073667,-4339.965840495553
variant_native,common_endpoint_central,10,100,5,S1,sub-06,60,2.5876764239586145,248.79649954756957
variant_native,common_endpoint_central,10,100,5,S1,sub-07,60,2.4626841716198657,558.5945164823277
variant_native,common_endpoint_central,10,100,5,S1,sub-08,60,-2.1651382127935785,-375.65586097424784
variant_native,common_endpoint_central,10,100,5,S1,sub-09,60,-10.135228213717706,-7106.698464983838
variant_native,common_endpoint_central,10,100,5,S1,sub-10,60,-0.5293889492240516,-930.0813093187621
variant_native,common_endpoint_central,10,100,5,S1,sub-11,60,1.6027725797164911,294.21986316483105
variant_native,common_endpoint_central,10,100,5,S1,sub-12,60,6.067028933673776,-106.03658647020244
variant_native,common_endpoint_central,10,100,5,S1,sub-13,60,4.26650604923205,-20.154916864206697
variant_native,common_endpoint_central,10,100,5,S2,sub-01,60,4.124620469260278,-802.1296932944786
variant_native,common_endpoint_central,10,100,5,S2,sub-02,60,4.975167280766008,646.3871549365002
variant_native,common_endpoint_central,10,100,5,S2,sub-03,60,6.538836804415628,425.12895408259294
variant_native,common_endpoint_central,10,100,5,S2,sub-04,60,8.677258879247553,47.555229832811285
variant_native,common_endpoint_central,10,100,5,S2,sub-05,60,5.859455683641094,-498.6210989699829
variant_native,common_endpoint_central,10,100,5,S2,sub-06,60,-2.593633969419783,-1120.9325182618968
variant_native,common_endpoint_central,10,100,5,S2,sub-07,60,4.804443907476988,1062.4576588305847
variant_native,common_endpoint_central,10,100,5,S2,sub-08,60,9.306578199960844,4094.1561441078807
variant_native,common_endpoint_central,10,100,5,S2,sub-09,60,6.221758402262282,-458.6414862636962
variant_native,common_endpoint_central,10,100,5,S2,sub-10,60,7.393508732480405,2141.139841376619
variant_native,common_endpoint_central,10,100,5,S2,sub-11,60,2.740144046960957,367.38161761573167
variant_native,common_endpoint_central,10,100,5,S2,sub-12,60,4.081343776314716,-443.29295107677655
variant_native,common_endpoint_central,10,100,5,S2,sub-13,60,7.752933860310288,791.5344371458043
variant_native,common_endpoint_central,10,100,10,L1,sub-01,60,-1.160700936619258,-6008.307026893526
variant_native,common_endpoint_central,10,100,10,L1,sub-02,60,-8.087105027229628,-1466.812606312797
variant_native,common_endpoint_central,10,100,10,L1,sub-03,60,-8.5644317054914,-1522.895369309567
variant_native,common_endpoint_central,10,100,10,L1,sub-04,60,-4.763464643963701,-1475.7816736163331
variant_native,common_endpoint_central,10,100,10,L1,sub-05,60,-7.077017382682586,-1491.4869561791413
variant_native,common_endpoint_central,10,100,10,L1,sub-06,60,-6.871596019650488,-1675.5300774952314
variant_native,common_endpoint_central,10,100,10,L1,sub-07,60,-10.77919428447977,-1896.5511982453984
variant_native,common_endpoint_central,10,100,10,L1,sub-08,60,-8.496882979423107,-1356.6472357822588
variant_native,common_endpoint_central,10,100,10,L1,sub-09,60,-3.391657002694969,-1535.1429014775115
variant_native,common_endpoint_central,10,100,10,L1,sub-10,60,-3.6944815882180495,-1397.3500917950093
variant_native,common_endpoint_central,10,100,10,L1,sub-11,60,-1.8035646056663632,-1480.6527538184648
variant_native,common_endpoint_central,10,100,10,L1,sub-12,60,-9.542592734155015,-1771.707506111684
variant_native,common_endpoint_central,10,100,10,L1,sub-13,60,-8.546020378819858,-2412.803414565794
variant_native,common_endpoint_central,10,100,10,L2,sub-01,60,10.000117762237613,-3611.7500110109945
variant_native,common_endpoint_central,10,100,10,L2,sub-02,60,-3.6464950659450066,-1025.4010639214505
variant_native,common_endpoint_central,10,100,10,L2,sub-03,60,-2.445317538879379,-780.1393229777251
variant_native,common_endpoint_central,10,100,10,L2,sub-04,60,-3.943525648652075,-1441.4282676361747
variant_native,common_endpoint_central,10,100,10,L2,sub-05,60,-6.557018361997638,-1548.9205544578379
variant_native,common_endpoint_central,10,100,10,L2,sub-06,60,1.350400805428545,-513.5621474533187
variant_native,common_endpoint_central,10,100,10,L2,sub-07,60,-2.8985328613290267,-792.9466657513512
variant_native,common_endpoint_central,10,100,10,L2,sub-08,60,-0.5621079164503744,-347.06249212296194
variant_native,common_endpoint_central,10,100,10,L2,sub-09,60,-2.6003177076449204,-1440.2010870713157
variant_native,common_endpoint_central,10,100,10,L2,sub-10,60,-4.897918612117694,-1528.308785804625
variant_native,common_endpoint_central,10,100,10,L2,sub-11,60,-2.5587388690839488,-1228.552551348257
variant_native,common_endpoint_central,10,100,10,L2,sub-12,60,-5.632538898535876,-1390.212638731687
variant_native,common_endpoint_central,10,100,10,L2,sub-13,60,0.2830177429021484,-517.0993285410628
variant_native,common_endpoint_central,10,100,10,L3,sub-01,60,11.424264153982007,-3712.501526821247
variant_native,common_endpoint_central,10,100,10,L3,sub-02,60,-1.0379839550457204,-758.3153154826105
variant_native,common_endpoint_central,10,100,10,L3,sub-03,60,2.0057123374254457,-331.3971187489728
variant_native,common_endpoint_central,10,100,10,L3,sub-04,60,-4.189312111492209,-1514.3420079981793
variant_native,common_endpoint_central,10,100,10,L3,sub-05,60,1.3259925703501578,-260.99168881186625
variant_native,common_endpoint_central,10,100,10,L3,sub-06,60,-7.615574877456928,-2868.266311334747
variant_native,common_endpoint_central,10,100,10,L3,sub-07,60,0.23805421131917545,-529.0990314854893
variant_native,common_endpoint_central,10,100,10,L3,sub-08,60,-0.017614744551103064,-360.2424693760841
variant_native,common_endpoint_central,10,100,10,L3,sub-09,60,0.5113587302164693,-1108.896517240758
variant_native,common_endpoint_central,10,100,10,L3,sub-10,60,-0.6346009419988502,-978.9204145910662
variant_native,common_endpoint_central,10,100,10,L3,sub-11,60,-0.3994592342176696,-728.1894878274031
variant_native,common_endpoint_central,10,100,10,L3,sub-12,60,-3.817912186247683,-1216.8439209822345
variant_native,common_endpoint_central,10,100,10,L3,sub-13,60,0.31517054492532987,-527.6285178607448
variant_native,common_endpoint_central,10,100,10,L4,sub-01,60,-9.176332549263803,-8661.267208088388
variant_native,common_endpoint_central,10,100,10,L4,sub-02,60,2.5097329946574836,-361.9670337114301
variant_native,common_endpoint_central,10,100,10,L4,sub-03,60,3.34257237086413,-221.49335079476052
variant_native,common_endpoint_central,10,100,10,L4,sub-04,60,-1.8491625396194078,-1172.9165389077464
variant_native,common_endpoint_central,10,100,10,L4,sub-05,60,4.776383345766367,-1.6168624694501696
variant_native,common_endpoint_central,10,100,10,L4,sub-06,60,2.6642066013671033,-469.8744825604552
variant_native,common_endpoint_central,10,100,10,L4,sub-07,60,2.0907766921288715,-307.48798327134045
variant_native,common_endpoint_central,10,100,10,L4,sub-08,60,1.154714961628517,-296.88360069946265
variant_native,common_endpoint_central,10,100,10,L4,sub-09,60,1.1129938166994515,-1309.3298096812339
variant_native,common_endpoint_central,10,100,10,L4,sub-10,60,-0.24128498492477107,-975.6874798899503
variant_native,common_endpoint_central,10,100,10,L4,sub-11,60,-0.14585656968209715,-671.8213853746948
variant_native,common_endpoint_central,10,100,10,L4,sub-12,60,2.578199625139702,-447.698334719103
variant_native,common_endpoint_central,10,100,10,L4,sub-13,60,0.6550590291269555,-539.994639467473
variant_native,common_endpoint_central,10,100,10,L5,sub-01,60,-9.920975330481467,-8921.702122487082
variant_native,common_endpoint_central,10,100,10,L5,sub-02,60,2.249591022988459,-375.9340703049997
variant_native,common_endpoint_central,10,100,10,L5,sub-03,60,3.297598098251334,-275.62805065783726
variant_native,common_endpoint_central,10,100,10,L5,sub-04,60,0.7642577981677625,-996.2152389166691
variant_native,common_endpoint_central,10,100,10,L5,sub-05,60,4.215923626431758,47.36193807201267
variant_native,common_endpoint_central,10,100,10,L5,sub-06,60,3.133148328615721,-423.9059209668242
variant_native,common_endpoint_central,10,100,10,L5,sub-07,60,6.409689197481469,-101.36929820327153
variant_native,common_endpoint_central,10,100,10,L5,sub-08,60,2.982080050829427,-136.71926684087583
variant_native,common_endpoint_central,10,100,10,L5,sub-09,60,3.0589316102480315,-817.9655589472126
variant_native,common_endpoint_central,10,100,10,L5,sub-10,60,0.9698485123337368,-1014.1526872396929
variant_native,common_endpoint_central,10,100,10,L5,sub-11,60,-1.9490454921764282,-785.2791434525117
variant_native,common_endpoint_central,10,100,10,L5,sub-12,60,3.4984275589928773,-346.4359871239091
variant_native,common_endpoint_central,10,100,10,L5,sub-13,60,1.4028683540664704,-507.8772657260649
variant_native,common_endpoint_central,10,100,10,S1,sub-01,60,-6.685752370571255,-8099.441546931358
variant_native,common_endpoint_central,10,100,10,S1,sub-02,60,4.266949495106256,-271.4410909496061
variant_native,common_endpoint_central,10,100,10,S1,sub-03,60,-1.5566097944281743,-783.889233156072
variant_native,common_endpoint_central,10,100,10,S1,sub-04,60,5.90801903520291,-507.3720993430596
variant_native,common_endpoint_central,10,100,10,S1,sub-05,60,-3.380466278856017,-2429.2657267117916
variant_native,common_endpoint_central,10,100,10,S1,sub-06,60,7.144247119557525,87.47843683050975
variant_native,common_endpoint_central,10,100,10,S1,sub-07,60,1.4186118673612562,-447.0663449172097
variant_native,common_endpoint_central,10,100,10,S1,sub-08,60,-2.8374011868600966,-930.6012294861756
variant_native,common_endpoint_central,10,100,10,S1,sub-09,60,-4.693707852972349,-3179.8092021652856
variant_native,common_endpoint_central,10,100,10,S1,sub-10,60,2.507193711713825,-1024.3603041849597
variant_native,common_endpoint_central,10,100,10,S1,sub-11,60,6.026323151673978,239.66688467772062
variant_native,common_endpoint_central,10,100,10,S1,sub-12,60,5.339483707216866,-362.7243623192589
variant_native,common_endpoint_central,10,100,10,S1,sub-13,60,2.3218268381196006,-347.98874999221914
variant_native,common_endpoint_central,10,100,10,S2,sub-01,60,5.519379270716162,-345.4405251918579
variant_native,common_endpoint_central,10,100,10,S2,sub-02,60,3.7453105354681497,-315.1112370637504
variant_native,common_endpoint_central,10,100,10,S2,sub-03,60,3.9204762322580455,-234.18860559421896
variant_native,common_endpoint_central,10,100,10,S2,sub-04,60,8.07318811035672,-133.6032465309011
variant_native,common_endpoint_central,10,100,10,S2,sub-05,60,6.696202480987958,2.632620059591443
variant_native,common_endpoint_central,10,100,10,S2,sub-06,60,0.1951680421385142,-2254.918608648263
variant_native,common_endpoint_central,10,100,10,S2,sub-07,60,3.5205951775180258,-323.97198145254674
variant_native,common_endpoint_central,10,100,10,S2,sub-08,60,7.7772118148267415,579.3403287697175
variant_native,common_endpoint_central,10,100,10,S2,sub-09,60,6.002398406148288,-603.3044581671772
variant_native,common_endpoint_central,10,100,10,S2,sub-10,60,5.991243903211804,-633.9884348815092
variant_native,common_endpoint_central,10,100,10,S2,sub-11,60,0.830341619152529,-540.6487415517536
variant_native,common_endpoint_central,10,100,10,S2,sub-12,60,7.576932927589121,-111.46961057532341
variant_native,common_endpoint_central,10,100,10,S2,sub-13,60,3.5680778696793523,-250.75936439131183
variant_native,original_native,20,100,2,L1,sub-01,60,-0.39867749254712953,-21060.172714301338
variant_native,original_native,20,100,2,L1,sub-02,60,-0.729943414378062,-4124.152390926403
variant_native,original_native,20,100,2,L1,sub-03,60,-0.866301016902961,-3637.202283079538
variant_native,original_native,20,100,2,L1,sub-04,60,3.1602556553136427,-3418.8398710656534
variant_native,original_native,20,100,2,L1,sub-05,60,-0.09173922942059377,-18276.349029967638
variant_native,original_native,20,100,2,L1,sub-06,60,1.8155616207533993,-2397.381097022967
variant_native,original_native,20,100,2,L1,sub-07,60,-4.311490109756231,-4502.113158397737
variant_native,original_native,20,100,2,L1,sub-08,60,-2.071489473505031,-4426.969451465352
variant_native,original_native,20,100,2,L1,sub-09,60,1.4091664276344777,-3765.995070721111
variant_native,original_native,20,100,2,L1,sub-10,60,-0.6032032327017414,-5299.4644688102135
variant_native,original_native,20,100,2,L1,sub-11,60,1.2425157977967762,-30672.90001818888
variant_native,original_native,20,100,2,L1,sub-12,60,0.0717131229557919,-4732.951955530766
variant_native,original_native,20,100,2,L1,sub-13,60,-0.48308215393676274,-5498.696289594928
variant_native,original_native,20,100,2,L2,sub-01,60,9.867797430103625,4745.649921018191
variant_native,original_native,20,100,2,L2,sub-02,60,-1.4075029573794318,-3749.469614183681
variant_native,original_native,20,100,2,L2,sub-03,60,-19.03702998363734,-22514.81196545369
variant_native,original_native,20,100,2,L2,sub-04,60,1.817051938282958,-3480.8063086084303
variant_native,original_native,20,100,2,L2,sub-05,60,4.873479461017273,-15187.581819034875
variant_native,original_native,20,100,2,L2,sub-06,60,1.0866597591663698,-2983.901193587514
variant_native,original_native,20,100,2,L2,sub-07,60,-3.966055452807029,1152.3369299438443
variant_native,original_native,20,100,2,L2,sub-08,60,-3.878629041664204,-2588.095679483167
variant_native,original_native,20,100,2,L2,sub-09,60,3.8428675030635358,169.1390088603304
variant_native,original_native,20,100,2,L2,sub-10,60,-1.5681901092677328,-3444.8703427324344
variant_native,original_native,20,100,2,L2,sub-11,60,-3.0596777984310153,-33428.834322493654
variant_native,original_native,20,100,2,L2,sub-12,60,1.1961788977911312,-658.3549994480105
variant_native,original_native,20,100,2,L2,sub-13,60,-6.634936618200205,-9120.857705132941
variant_native,original_native,20,100,2,L3,sub-01,60,14.006285494495197,16240.550404368292
variant_native,original_native,20,100,2,L3,sub-02,60,-1.5143164334818577,-5394.0398712780525
variant_native,original_native,20,100,2,L3,sub-03,60,5.201809174186274,4003.833955413053
variant_native,original_native,20,100,2,L3,sub-04,60,3.1992351001648314,-2276.051172537568
variant_native,original_native,20,100,2,L3,sub-05,60,0.07107370316362757,-3483.2854786106122
variant_native,original_native,20,100,2,L3,sub-06,60,-8.163751316030394,-21466.40556750658
variant_native,original_native,20,100,2,L3,sub-07,60,-1.7340201380601097,-789.3822244607802
variant_native,original_native,20,100,2,L3,sub-08,60,-3.2253996819797655,-5410.3239800985475
variant_native,original_native,20,100,2,L3,sub-09,60,1.5299194224253727,-2526.761564526052
variant_native,original_native,20,100,2,L3,sub-10,60,-1.7814863858469507,-895.516190619658
variant_native,original_native,20,100,2,L3,sub-11,60,-2.2135207664430268,-22026.961220643225
variant_native,original_native,20,100,2,L3,sub-12,60,0.2603668107260887,-3289.2664133733438
variant_native,original_native,20,100,2,L3,sub-13,60,7.035520820063196,8706.702714396311
variant_native,original_native,20,100,2,L4,sub-01,60,-9.922956299925165,-43241.00337983
variant_native,original_native,20,100,2,L4,sub-02,60,-2.924211439249087,-5690.633360891556
variant_native,original_native,20,100,2,L4,sub-03,60,5.353426477830772,-249.91335296958707
variant_native,original_native,20,100,2,L4,sub-04,60,0.11848403290361371,-5937.746822195196
variant_native,original_native,20,100,2,L4,sub-05,60,-8.062411876229662,-31758.58496943104
variant_native,original_native,20,100,2,L4,sub-06,60,3.1739834191940957,-1560.735924610829
variant_native,original_native,20,100,2,L4,sub-07,60,1.043696942515285,1007.1434715736101
variant_native,original_native,20,100,2,L4,sub-08,60,0.5337621915018275,732.4870861450167
variant_native,original_native,20,100,2,L4,sub-09,60,2.293429746042812,-1960.6290195396246
variant_native,original_native,20,100,2,L4,sub-10,60,-1.3018164546355668,-2999.794042651849
variant_native,original_native,20,100,2,L4,sub-11,60,-5.419426801436449,-34827.702971346356
variant_native,original_native,20,100,2,L4,sub-12,60,0.6637857348333865,-2836.7229987280107
variant_native,original_native,20,100,2,L4,sub-13,60,3.637060620735019,1048.9519177897662
variant_native,original_native,20,100,2,L5,sub-01,60,-8.456307973927805,-42066.33505586652
variant_native,original_native,20,100,2,L5,sub-02,60,2.7794900212387796,-354.67905393549466
variant_native,original_native,20,100,2,L5,sub-03,60,4.060664704086544,2096.245486918529
variant_native,original_native,20,100,2,L5,sub-04,60,0.17035817763126007,-6441.5405811187675
variant_native,original_native,20,100,2,L5,sub-05,60,1.682872834068739,-5020.724823409555
variant_native,original_native,20,100,2,L5,sub-06,60,3.834832772513029,-547.8532756382192
variant_native,original_native,20,100,2,L5,sub-07,60,-0.1767210178851234,25575.00361118461
variant_native,original_native,20,100,2,L5,sub-08,60,2.3486348269895716,4194.024862775215
variant_native,original_native,20,100,2,L5,sub-09,60,2.7978047943943687,-1690.4380972629797
variant_native,original_native,20,100,2,L5,sub-10,60,0.2505894716121201,-539.5967224975178
variant_native,original_native,20,100,2,L5,sub-11,60,2.237476126939013,-24960.737739468183
variant_native,original_native,20,100,2,L5,sub-12,60,-0.22577848087259886,-4209.194490158016
variant_native,original_native,20,100,2,L5,sub-13,60,4.149342908574626,955.0891465098115
variant_native,original_native,20,100,2,S1,sub-01,60,-6.209046670565302,-38758.42469644169
variant_native,original_native,20,100,2,S1,sub-02,60,-1.5813172251012269,-13813.29879223134
variant_native,original_native,20,100,2,S1,sub-03,60,2.5240537112021926,1364.511193098534
variant_native,original_native,20,100,2,S1,sub-04,60,-5.215280126593555,-13594.198542007029
variant_native,original_native,20,100,2,S1,sub-05,60,-1.3879118485997368,-8267.853244588277
variant_native,original_native,20,100,2,S1,sub-06,60,3.6568199409886124,1497.046028035488
variant_native,original_native,20,100,2,S1,sub-07,60,1.350236813339511,1580.6076299345493
variant_native,original_native,20,100,2,S1,sub-08,60,-8.82206288246201,-15990.076396177323
variant_native,original_native,20,100,2,S1,sub-09,60,-13.063824388808358,-20225.410427214916
variant_native,original_native,20,100,2,S1,sub-10,60,-2.7342191617120695,-7057.082392434128
variant_native,original_native,20,100,2,S1,sub-11,60,2.540165394962993,-11122.721068232095
variant_native,original_native,20,100,2,S1,sub-12,60,-6.594098573381211,-42636.0074059894
variant_native,original_native,20,100,2,S1,sub-13,60,-12.342512410584208,-20658.957769533557
variant_native,original_native,20,100,2,S2,sub-01,60,1.112905512366576,-17159.96116347024
variant_native,original_native,20,100,2,S2,sub-02,60,5.377801448350886,751.7359221876454
variant_native,original_native,20,100,2,S2,sub-03,60,2.7633769332345177,754.8835678215767
variant_native,original_native,20,100,2,S2,sub-04,60,-3.2501047777027505,-10465.811347060157
variant_native,original_native,20,100,2,S2,sub-05,60,2.9146369560003547,1474.7195095703753
variant_native,original_native,20,100,2,S2,sub-06,60,-5.404106196585116,-6367.4615212318595
variant_native,original_native,20,100,2,S2,sub-07,60,7.794352962653696,13756.195711141703
variant_native,original_native,20,100,2,S2,sub-08,60,15.115184061119612,42775.72218094435
variant_native,original_native,20,100,2,S2,sub-09,60,1.190636495247785,-5489.471460870016
variant_native,original_native,20,100,2,S2,sub-10,60,7.738325872551943,26527.852270392283
variant_native,original_native,20,100,2,S2,sub-11,60,4.6724680466117094,-3262.2232666401833
variant_native,original_native,20,100,2,S2,sub-12,60,4.627832487947415,51.55115114037126
variant_native,original_native,20,100,2,S2,sub-13,60,4.638606833348338,2834.6702597277795
variant_native,original_native,20,100,5,L1,sub-01,60,-2.0876869911761213,-14164.510932991418
variant_native,original_native,20,100,5,L1,sub-02,60,-5.422401827843019,-1993.1655125856325
variant_native,original_native,20,100,5,L1,sub-03,60,-6.836692015697144,-2055.684858466445
variant_native,original_native,20,100,5,L1,sub-04,60,-1.0974630887019365,-2536.6978111922285
variant_native,original_native,20,100,5,L1,sub-05,60,-5.652003403504495,-3884.541268624446
variant_native,original_native,20,100,5,L1,sub-06,60,-3.579766069205691,-2162.9030505350797
variant_native,original_native,20,100,5,L1,sub-07,60,-8.04208683978074,-2999.086342783513
variant_native,original_native,20,100,5,L1,sub-08,60,-4.639431407811035,-2108.17753413152
variant_native,original_native,20,100,5,L1,sub-09,60,-0.6845352882475149,-1805.7443674178794
variant_native,original_native,20,100,5,L1,sub-10,60,-3.766585543860268,-2219.4443300939674
variant_native,original_native,20,100,5,L1,sub-11,60,-3.788502187650282,-7375.397866927811
variant_native,original_native,20,100,5,L1,sub-12,60,-4.142526207350857,-2649.4762765522187
variant_native,original_native,20,100,5,L1,sub-13,60,-2.0886645877060275,-1989.1343247873976
variant_native,original_native,20,100,5,L2,sub-01,60,12.697552928827651,-1090.6095746352064
variant_native,original_native,20,100,5,L2,sub-02,60,-5.38009283883365,-2098.600044620525
variant_native,original_native,20,100,5,L2,sub-03,60,-10.934168155428551,-3167.8537796971987
variant_native,original_native,20,100,5,L2,sub-04,60,-2.11573291291912,-2707.5517515889865
variant_native,original_native,20,100,5,L2,sub-05,60,-3.026257957224821,-3985.3243621738175
variant_native,original_native,20,100,5,L2,sub-06,60,-2.858245749026271,-1980.2615613952264
variant_native,original_native,20,100,5,L2,sub-07,60,-5.468247280838011,-1970.0595190594997
variant_native,original_native,20,100,5,L2,sub-08,60,-2.247524064509778,-1021.8420205095892
variant_native,original_native,20,100,5,L2,sub-09,60,0.5397242708445383,-1538.5468277529822
variant_native,original_native,20,100,5,L2,sub-10,60,-4.254771044686995,-2302.0388790198253
variant_native,original_native,20,100,5,L2,sub-11,60,-4.581284665552038,-8553.481029449307
variant_native,original_native,20,100,5,L2,sub-12,60,-1.2646369316038633,-2096.3052120341395
variant_native,original_native,20,100,5,L2,sub-13,60,-14.077835912714477,-4917.725099511413
variant_native,original_native,20,100,5,L3,sub-01,60,16.006255335773208,1253.543073378235
variant_native,original_native,20,100,5,L3,sub-02,60,-3.4155889429566395,-1931.8845592556752
variant_native,original_native,20,100,5,L3,sub-03,60,3.5800002810987426,287.2496178001462
variant_native,original_native,20,100,5,L3,sub-04,60,-1.6534674301358006,-2714.8960493150907
variant_native,original_native,20,100,5,L3,sub-05,60,-2.549002501219929,-2403.747855387691
variant_native,original_native,20,100,5,L3,sub-06,60,-12.402559429243531,-7787.946986828243
variant_native,original_native,20,100,5,L3,sub-07,60,-0.47104127939638457,-536.3462571014344
variant_native,original_native,20,100,5,L3,sub-08,60,-0.4358553774499842,-846.0647051172881
variant_native,original_native,20,100,5,L3,sub-09,60,0.429717465525709,-1936.7931480199077
variant_native,original_native,20,100,5,L3,sub-10,60,-3.1036269619064147,-2206.460773557273
variant_native,original_native,20,100,5,L3,sub-11,60,-2.375739272355093,-3773.3552797661696
variant_native,original_native,20,100,5,L3,sub-12,60,-1.6788750428354997,-2194.197594620354
variant_native,original_native,20,100,5,L3,sub-13,60,2.844936486359921,-53.592782100449355
variant_native,original_native,20,100,5,L4,sub-01,60,-13.696489616384126,-19142.23606646484
variant_native,original_native,20,100,5,L4,sub-02,60,-0.9495334855873429,-1362.5952891397997
variant_native,original_native,20,100,5,L4,sub-03,60,1.16872081166953,-363.4030305959958
variant_native,original_native,20,100,5,L4,sub-04,60,-2.0749733657737783,-2964.1840658223396
variant_native,original_native,20,100,5,L4,sub-05,60,-0.6043852670949991,-2557.591914625112
variant_native,original_native,20,100,5,L4,sub-06,60,2.4077755698040852,-582.579980965979
variant_native,original_native,20,100,5,L4,sub-07,60,3.167836748878927,91.73623447110016
variant_native,original_native,20,100,5,L4,sub-08,60,2.939936978856306,-10.054653993596276
variant_native,original_native,20,100,5,L4,sub-09,60,0.47515326532493346,-2112.221020992344
variant_native,original_native,20,100,5,L4,sub-10,60,-3.975871771349217,-2786.27016251972
variant_native,original_native,20,100,5,L4,sub-11,60,1.4431211044078691,-5679.538804816556
variant_native,original_native,20,100,5,L4,sub-12,60,-2.106730150338137,-2427.6810030170464
variant_native,original_native,20,100,5,L4,sub-13,60,2.8186287023643795,-369.26007573131363
variant_native,original_native,20,100,5,L5,sub-01,60,-12.622810116509237,-18747.406413600253
variant_native,original_native,20,100,5,L5,sub-02,60,2.5832343117213807,-303.6040929656344
variant_native,original_native,20,100,5,L5,sub-03,60,1.8517764656133748,-166.4145124560884
variant_native,original_native,20,100,5,L5,sub-04,60,0.07462781256525487,-2611.01893672019
variant_native,original_native,20,100,5,L5,sub-05,60,7.013185685963988,709.2249820260829
variant_native,original_native,20,100,5,L5,sub-06,60,6.009218941552988,307.8835069512405
variant_native,original_native,20,100,5,L5,sub-07,60,-1.0582360614879016,-1541.0519153401742
variant_native,original_native,20,100,5,L5,sub-08,60,3.550727267551908,105.50525635762347
variant_native,original_native,20,100,5,L5,sub-09,60,2.528336919768157,-1458.5257401478868
variant_native,original_native,20,100,5,L5,sub-10,60,3.4108132852248496,-729.5037344897434
variant_native,original_native,20,100,5,L5,sub-11,60,0.9386122791027627,-5289.651067154952
variant_native,original_native,20,100,5,L5,sub-12,60,2.8121964708836535,-1029.1118463191606
variant_native,original_native,20,100,5,L5,sub-13,60,2.1586661841137658,-497.7240693441103
variant_native,original_native,20,100,5,S1,sub-01,60,-3.4751887090085942,-11639.981382550426
variant_native,original_native,20,100,5,S1,sub-02,60,6.396475954684826,-210.82146622434138
variant_native,original_native,20,100,5,S1,sub-03,60,4.683697747192915,206.71803583586953
variant_native,original_native,20,100,5,S1,sub-04,60,3.293408944947434,-2190.2820957242848
variant_native,original_native,20,100,5,S1,sub-05,60,-1.235283978301403,-4534.666717756345
variant_native,original_native,20,100,5,S1,sub-06,60,4.994670650560576,410.84368471337416
variant_native,original_native,20,100,5,S1,sub-07,60,4.207678443114207,382.2123721086176
variant_native,original_native,20,100,5,S1,sub-08,60,-11.076047748868948,-6112.978011222221
variant_native,original_native,20,100,5,S1,sub-09,60,-11.458553353687865,-7863.888891148278
variant_native,original_native,20,100,5,S1,sub-10,60,-0.742355260372444,-2234.3167151577672
variant_native,original_native,20,100,5,S1,sub-11,60,3.5832305168341474,-1548.8552110833202
variant_native,original_native,20,100,5,S1,sub-12,60,-1.7020016238656128,-6464.706947112133
variant_native,original_native,20,100,5,S1,sub-13,60,2.6085014053293154,-853.7407642875372
variant_native,original_native,20,100,5,S2,sub-01,60,3.1783671684772274,-1129.0223157990856
variant_native,original_native,20,100,5,S2,sub-02,60,6.18790682881444,389.9266062227088
variant_native,original_native,20,100,5,S2,sub-03,60,6.486664865551135,408.97774598656673
variant_native,original_native,20,100,5,S2,sub-04,60,3.5736000400179457,-1529.915169637664
variant_native,original_native,20,100,5,S2,sub-05,60,6.05374742138166,-898.0298088090992
variant_native,original_native,20,100,5,S2,sub-06,60,5.428906085557847,-1050.4004744808683
variant_native,original_native,20,100,5,S2,sub-07,60,7.6640962695099075,987.4650395930378
variant_native,original_native,20,100,5,S2,sub-08,60,11.908194352231531,3556.6655433671917
variant_native,original_native,20,100,5,S2,sub-09,60,8.170156720472038,-470.42013641458806
variant_native,original_native,20,100,5,S2,sub-10,60,12.432397296950485,2806.9127652827724
variant_native,original_native,20,100,5,S2,sub-11,60,4.780562225212632,397.7882617918703
variant_native,original_native,20,100,5,S2,sub-12,60,8.08257348511032,-123.58616973756989
variant_native,original_native,20,100,5,S2,sub-13,60,5.735767722253126,95.11900710247792
variant_native,original_native,20,100,10,L1,sub-01,60,-2.6263498163235486,-5653.656223851999
variant_native,original_native,20,100,10,L1,sub-02,60,-9.35431004983742,-1795.8509484737108
variant_native,original_native,20,100,10,L1,sub-03,60,-11.446096012754479,-1837.895666938718
variant_native,original_native,20,100,10,L1,sub-04,60,-5.512178703608857,-1791.9489629141817
variant_native,original_native,20,100,10,L1,sub-05,60,-8.694213324365782,-1825.4364188945485
variant_native,original_native,20,100,10,L1,sub-06,60,-8.505486214263072,-1980.6135708075283
variant_native,original_native,20,100,10,L1,sub-07,60,-13.229547091052657,-2216.777115690156
variant_native,original_native,20,100,10,L1,sub-08,60,-10.602437394769835,-1664.7481384328296
variant_native,original_native,20,100,10,L1,sub-09,60,-4.075304770545628,-1799.8441230874696
variant_native,original_native,20,100,10,L1,sub-10,60,-5.225572851990811,-1745.7334597387078
variant_native,original_native,20,100,10,L1,sub-11,60,-4.216117531019477,-2742.965591452213
variant_native,original_native,20,100,10,L1,sub-12,60,-10.615825797276985,-2044.9404417488445
variant_native,original_native,20,100,10,L1,sub-13,60,-4.7652067753919445,-1248.0462246154723
variant_native,original_native,20,100,10,L2,sub-01,60,13.268262442031265,-1157.3248991477433
variant_native,original_native,20,100,10,L2,sub-02,60,-5.397428326362684,-1415.102673955782
variant_native,original_native,20,100,10,L2,sub-03,60,-1.5564068628387273,-665.9687189623861
variant_native,original_native,20,100,10,L2,sub-04,60,-4.56427631810368,-1742.5488084959002
variant_native,original_native,20,100,10,L2,sub-05,60,-8.191391905066045,-1941.306425694698
variant_native,original_native,20,100,10,L2,sub-06,60,1.2374447685356318,-546.0814913364717
variant_native,original_native,20,100,10,L2,sub-07,60,-2.8211804560696723,-771.7579319032446
variant_native,original_native,20,100,10,L2,sub-08,60,-0.5846622842400269,-393.2808551474304
variant_native,original_native,20,100,10,L2,sub-09,60,-2.8453470725957914,-1652.019318128244
variant_native,original_native,20,100,10,L2,sub-10,60,-6.15820802975197,-1836.9170572665637
variant_native,original_native,20,100,10,L2,sub-11,60,-3.7937084965200936,-1911.9604152178715
variant_native,original_native,20,100,10,L2,sub-12,60,-6.785788413872747,-1664.2807468185058
variant_native,original_native,20,100,10,L2,sub-13,60,-0.0840719066980706,-448.0587949991211
variant_native,original_native,20,100,10,L3,sub-01,60,14.647904862046024,-1188.6337049794938
variant_native,original_native,20,100,10,L3,sub-02,60,-2.861676973612513,-1149.8903432824554
variant_native,original_native,20,100,10,L3,sub-03,60,2.647288856035944,-245.98680734088936
variant_native,original_native,20,100,10,L3,sub-04,60,-4.750574691908569,-1814.3814370527875
variant_native,original_native,20,100,10,L3,sub-05,60,1.4364861783467944,-282.6918989527612
variant_native,original_native,20,100,10,L3,sub-06,60,-6.164175181666238,-2503.696897739167
variant_native,original_native,20,100,10,L3,sub-07,60,0.7562079070438125,-450.66216858752335
variant_native,original_native,20,100,10,L3,sub-08,60,0.805462873664674,-283.35969816412796
variant_native,original_native,20,100,10,L3,sub-09,60,-0.5870160291217472,-1443.8629088355697
variant_native,original_native,20,100,10,L3,sub-10,60,-1.033149205469818,-1133.0284418604513
variant_native,original_native,20,100,10,L3,sub-11,60,-1.1182013185118373,-1188.5133112560857
variant_native,original_native,20,100,10,L3,sub-12,60,-4.039744395966548,-1361.383773244541
variant_native,original_native,20,100,10,L3,sub-13,60,-0.1677908114768877,-455.92106688471284
variant_native,original_native,20,100,10,L4,sub-01,60,-10.379868719376601,-7881.028764738241
variant_native,original_native,20,100,10,L4,sub-02,60,3.82791280098808,-296.28489318701827
variant_native,original_native,20,100,10,L4,sub-03,60,3.918766655210287,-139.85044849798922
variant_native,original_native,20,100,10,L4,sub-04,60,-2.287890856322241,-1426.4387773878188
variant_native,original_native,20,100,10,L4,sub-05,60,5.490559875842414,47.34053574850267
variant_native,original_native,20,100,10,L4,sub-06,60,2.851809795057585,-443.53913976011626
variant_native,original_native,20,100,10,L4,sub-07,60,2.784199433737608,-205.45357136509648
variant_native,original_native,20,100,10,L4,sub-08,60,1.815828658737093,-244.73868833047908
variant_native,original_native,20,100,10,L4,sub-09,60,-0.07321694021502673,-1678.4274594590695
variant_native,original_native,20,100,10,L4,sub-10,60,0.6221836196164485,-926.1435797727455
variant_native,original_native,20,100,10,L4,sub-11,60,0.7107067016580565,-833.4712555845305
variant_native,original_native,20,100,10,L4,sub-12,60,2.9378388550045216,-479.6196465022742
variant_native,original_native,20,100,10,L4,sub-13,60,0.09796988825432426,-473.0124478759554
variant_native,original_native,20,100,10,L5,sub-01,60,-11.272319025272235,-8189.530247510045
variant_native,original_native,20,100,10,L5,sub-02,60,3.572000008873785,-306.17876804413555
variant_native,original_native,20,100,10,L5,sub-03,60,3.781267115344347,-205.70665914308242
variant_native,original_native,20,100,10,L5,sub-04,60,0.7966184226854427,-1188.7048449643296
variant_native,original_native,20,100,10,L5,sub-05,60,5.207626698344001,133.07948206740883
variant_native,original_native,20,100,10,L5,sub-06,60,3.5239273388898327,-378.3188874442129
variant_native,original_native,20,100,10,L5,sub-07,60,7.123554710062647,63.394558426133216
variant_native,original_native,20,100,10,L5,sub-08,60,3.644727876305947,-85.59592484034486
variant_native,original_native,20,100,10,L5,sub-09,60,3.8339369975135873,-812.5491310785789
variant_native,original_native,20,100,10,L5,sub-10,60,1.8666082935275212,-970.443841312328
variant_native,original_native,20,100,10,L5,sub-11,60,-0.6999147593502933,-741.7367709583767
variant_native,original_native,20,100,10,L5,sub-12,60,4.37097975437795,-295.78982849315173
variant_native,original_native,20,100,10,L5,sub-13,60,0.7392844831888198,-442.2609640951501
variant_native,original_native,20,100,10,S1,sub-01,60,-8.839556436907058,-7864.326511915484
variant_native,original_native,20,100,10,S1,sub-02,60,5.396716703164023,-250.0757037236401
variant_native,original_native,20,100,10,S1,sub-03,60,-1.5062887515420864,-758.2520562609259
variant_native,original_native,20,100,10,S1,sub-04,60,6.847926687202125,-530.0462684452127
variant_native,original_native,20,100,10,S1,sub-05,60,-2.4714860083046855,-2395.23871258368
variant_native,original_native,20,100,10,S1,sub-06,60,6.866256480539925,25.968845247924182
variant_native,original_native,20,100,10,S1,sub-07,60,1.7301450542672514,-394.2236677388739
variant_native,original_native,20,100,10,S1,sub-08,60,-2.577435005243502,-959.4640284312879
variant_native,original_native,20,100,10,S1,sub-09,60,-3.077399857679504,-3123.60219882111
variant_native,original_native,20,100,10,S1,sub-10,60,3.2485231285827068,-1029.1006338732811
variant_native,original_native,20,100,10,S1,sub-11,60,7.108300111145382,274.78989111117676
variant_native,original_native,20,100,10,S1,sub-12,60,5.79415565251423,-406.26299702814856
variant_native,original_native,20,100,10,S1,sub-13,60,1.6390379079043915,-298.282068835472
variant_native,original_native,20,100,10,S2,sub-01,60,5.201926693802153,-289.7694702480014
variant_native,original_native,20,100,10,S2,sub-02,60,4.816785836786733,-295.35359334899954
variant_native,original_native,20,100,10,S2,sub-03,60,4.16146900054471,-189.2425671316327
variant_native,original_native,20,100,10,S2,sub-04,60,9.470375460055777,-47.050900999472034
variant_native,original_native,20,100,10,S2,sub-05,60,7.222418485203304,0.5905130463681378
variant_native,original_native,20,100,10,S2,sub-06,60,0.1902230129063355,-2231.55860215154
variant_native,original_native,20,100,10,S2,sub-07,60,3.656620442011012,-293.1644687124626
variant_native,original_native,20,100,10,S2,sub-08,60,7.498515275545646,489.34580348989385
variant_native,original_native,20,100,10,S2,sub-09,60,6.824347672644111,-584.6048595834401
variant_native,original_native,20,100,10,S2,sub-10,60,6.679615045485922,-643.8237546793429
variant_native,original_native,20,100,10,S2,sub-11,60,2.008935292598264,-515.028319472792
variant_native,original_native,20,100,10,S2,sub-12,60,8.33838434521958,-87.18838043309955
variant_native,original_native,20,100,10,S2,sub-13,60,2.5407772142193705,-239.57338815122816
variant_native,common_endpoint,20,100,2,L1,sub-01,60,-0.5031537460532016,-21060.172714301338
variant_native,common_endpoint,20,100,2,L1,sub-02,60,-0.7505488556335855,-4124.152390926403
variant_native,common_endpoint,20,100,2,L1,sub-03,60,-2.1511490350141695,-3637.202283079538
variant_native,common_endpoint,20,100,2,L1,sub-04,60,3.167623722869545,-3418.8398710656534
variant_native,common_endpoint,20,100,2,L1,sub-05,60,-0.1696835891472685,-18276.349029967638
variant_native,common_endpoint,20,100,2,L1,sub-06,60,0.3988671478232109,-2397.381097022967
variant_native,common_endpoint,20,100,2,L1,sub-07,60,-4.701786584806741,-4502.113158397737
variant_native,common_endpoint,20,100,2,L1,sub-08,60,-2.7424575296823845,-4426.969451465352
variant_native,common_endpoint,20,100,2,L1,sub-09,60,1.7264901570320572,-3765.995070721111
variant_native,common_endpoint,20,100,2,L1,sub-10,60,-0.6619192786273924,-5299.4644688102135
variant_native,common_endpoint,20,100,2,L1,sub-11,60,0.07402620155692088,-30672.90001818888
variant_native,common_endpoint,20,100,2,L1,sub-12,60,-0.23743776781194453,-4732.951955530766
variant_native,common_endpoint,20,100,2,L1,sub-13,60,-0.3900660577075417,-5223.680065014643
variant_native,common_endpoint,20,100,2,L2,sub-01,60,9.869439020125714,4745.649921018191
variant_native,common_endpoint,20,100,2,L2,sub-02,60,-1.4290881256624892,-3749.469614183681
variant_native,common_endpoint,20,100,2,L2,sub-03,60,-16.75046833266873,-20092.103504004725
variant_native,common_endpoint,20,100,2,L2,sub-04,60,1.8147115541111845,-3480.8063086084303
variant_native,common_endpoint,20,100,2,L2,sub-05,60,4.771025313266717,-15187.581819034875
variant_native,common_endpoint,20,100,2,L2,sub-06,60,0.117437187198323,-2335.534733930149
variant_native,common_endpoint,20,100,2,L2,sub-07,60,-4.077070747040767,1536.002256192237
variant_native,common_endpoint,20,100,2,L2,sub-08,60,-4.697078585070085,-2588.095679483167
variant_native,common_endpoint,20,100,2,L2,sub-09,60,4.1712929720775955,169.1390088603304
variant_native,common_endpoint,20,100,2,L2,sub-10,60,-1.6329460932017772,-3444.8703427324344
variant_native,common_endpoint,20,100,2,L2,sub-11,60,-4.384456451241435,-33103.59476200308
variant_native,common_endpoint,20,100,2,L2,sub-12,60,0.9455393310719196,-658.3549994480105
variant_native,common_endpoint,20,100,2,L2,sub-13,60,-6.836649191185358,-9120.857705132941
variant_native,common_endpoint,20,100,2,L3,sub-01,60,13.973889346198321,16240.550404368292
variant_native,common_endpoint,20,100,2,L3,sub-02,60,-1.5372005898295666,-5394.0398712780525
variant_native,common_endpoint,20,100,2,L3,sub-03,60,5.386636245890994,4586.784401599014
variant_native,common_endpoint,20,100,2,L3,sub-04,60,3.198268853505554,-2276.051172537568
variant_native,common_endpoint,20,100,2,L3,sub-05,60,0.39536292571389986,-3056.1535240565777
variant_native,common_endpoint,20,100,2,L3,sub-06,60,-8.558996484822245,-20399.522915888967
variant_native,common_endpoint,20,100,2,L3,sub-07,60,-1.3638269451025513,204.32953035549878
variant_native,common_endpoint,20,100,2,L3,sub-08,60,0.2568500569250951,-191.96353745853037
variant_native,common_endpoint,20,100,2,L3,sub-09,60,1.8240214308972285,-2526.761564526052
variant_native,common_endpoint,20,100,2,L3,sub-10,60,-1.853780782965036,-895.516190619658
variant_native,common_endpoint,20,100,2,L3,sub-11,60,-2.473438894948443,-20681.08588713785
variant_native,common_endpoint,20,100,2,L3,sub-12,60,0.08075786192679017,-3107.523944245913
variant_native,common_endpoint,20,100,2,L3,sub-13,60,7.969664237428557,12831.914994469842
variant_native,common_endpoint,20,100,2,L4,sub-01,60,-10.00163393187079,-43241.00337983
variant_native,common_endpoint,20,100,2,L4,sub-02,60,-2.948347199435022,-5690.633360891556
variant_native,common_endpoint,20,100,2,L4,sub-03,60,5.433993114503721,2350.33894951062
variant_native,common_endpoint,20,100,2,L4,sub-04,60,0.11684114862211127,-5937.746822195196
variant_native,common_endpoint,20,100,2,L4,sub-05,60,-8.295718976771479,-31817.315764111954
variant_native,common_endpoint,20,100,2,L4,sub-06,60,1.702500532735233,-1560.735924610829
variant_native,common_endpoint,20,100,2,L4,sub-07,60,0.8703681646472782,1040.2849570621775
variant_native,common_endpoint,20,100,2,L4,sub-08,60,0.47154688425076563,1288.85961684572
variant_native,common_endpoint,20,100,2,L4,sub-09,60,2.543194233000284,-2035.3906986723011
variant_native,common_endpoint,20,100,2,L4,sub-10,60,-0.813872365779204,-2433.443939027457
variant_native,common_endpoint,20,100,2,L4,sub-11,60,-1.277703778230557,-29156.91696646007
variant_native,common_endpoint,20,100,2,L4,sub-12,60,0.35022056435799886,-2828.258106623504
variant_native,common_endpoint,20,100,2,L4,sub-13,60,3.6276587863405214,1048.9519177897662
variant_native,common_endpoint,20,100,2,L5,sub-01,60,-8.134874978092794,-40633.51826846037
variant_native,common_endpoint,20,100,2,L5,sub-02,60,2.911674579530623,-232.59004286514158
variant_native,common_endpoint,20,100,2,L5,sub-03,60,4.25996485221153,2729.538988946063
variant_native,common_endpoint,20,100,2,L5,sub-04,60,0.22728477035165082,-6383.052499726373
variant_native,common_endpoint,20,100,2,L5,sub-05,60,1.9074684173029552,-2134.5598551434487
variant_native,common_endpoint,20,100,2,L5,sub-06,60,2.99213469744086,-547.8532756382192
variant_native,common_endpoint,20,100,2,L5,sub-07,60,0.7431573867829437,27287.55300898992
variant_native,common_endpoint,20,100,2,L5,sub-08,60,2.177311099763855,4458.57689494534
variant_native,common_endpoint,20,100,2,L5,sub-09,60,3.563498281450351,-1332.5706418672896
variant_native,common_endpoint,20,100,2,L5,sub-10,60,0.1746566368484729,-537.8024943217736
variant_native,common_endpoint,20,100,2,L5,sub-11,60,2.612964149123543,-3202.173453426763
variant_native,common_endpoint,20,100,2,L5,sub-12,60,1.6686161579969196,-1572.0476024738396
variant_native,common_endpoint,20,100,2,L5,sub-13,60,4.100937268253404,944.2324315411369
variant_native,common_endpoint,20,100,2,S1,sub-01,60,-6.282598748759404,-38758.42469644169
variant_native,common_endpoint,20,100,2,S1,sub-02,60,-1.6097452620058923,-13813.29879223134
variant_native,common_endpoint,20,100,2,S1,sub-03,60,1.7586086405780175,1364.511193098534
variant_native,common_endpoint,20,100,2,S1,sub-04,60,-5.271078169010044,-13631.711199957848
variant_native,common_endpoint,20,100,2,S1,sub-05,60,-1.4576831994779706,-8267.853244588277
variant_native,common_endpoint,20,100,2,S1,sub-06,60,1.8524589295693055,239.93319035099515
variant_native,common_endpoint,20,100,2,S1,sub-07,60,1.138436094019856,1580.6076299345493
variant_native,common_endpoint,20,100,2,S1,sub-08,60,-9.468303801412853,-15990.076396177323
variant_native,common_endpoint,20,100,2,S1,sub-09,60,-12.768376606355284,-20257.60893793164
variant_native,common_endpoint,20,100,2,S1,sub-10,60,-2.8273718796667713,-7057.082392434128
variant_native,common_endpoint,20,100,2,S1,sub-11,60,1.597243007013947,-11681.756950898469
variant_native,common_endpoint,20,100,2,S1,sub-12,60,-7.278593161598891,-42636.0074059894
variant_native,common_endpoint,20,100,2,S1,sub-13,60,-12.842399209463347,-20708.530649849406
variant_native,common_endpoint,20,100,2,S2,sub-01,60,1.0789330384521523,-17203.883796871134
variant_native,common_endpoint,20,100,2,S2,sub-02,60,5.363255453035933,751.7359221876454
variant_native,common_endpoint,20,100,2,S2,sub-03,60,2.062414514498644,754.8835678215767
variant_native,common_endpoint,20,100,2,S2,sub-04,60,-3.2536518804499988,-10465.811347060157
variant_native,common_endpoint,20,100,2,S2,sub-05,60,2.8492291091131445,1474.7195095703753
variant_native,common_endpoint,20,100,2,S2,sub-06,60,1.4955979900553122,822.2862079130766
variant_native,common_endpoint,20,100,2,S2,sub-07,60,7.39072263149998,13751.1704474763
variant_native,common_endpoint,20,100,2,S2,sub-08,60,14.00213187522561,42775.72218094435
variant_native,common_endpoint,20,100,2,S2,sub-09,60,-1.0601204681022343,-7152.902050842588
variant_native,common_endpoint,20,100,2,S2,sub-10,60,7.615233763391704,26527.852270392283
variant_native,common_endpoint,20,100,2,S2,sub-11,60,3.851365766726023,-3262.2232666401833
variant_native,common_endpoint,20,100,2,S2,sub-12,60,4.470897014057211,322.40170228336814
variant_native,common_endpoint,20,100,2,S2,sub-13,60,4.370854166333766,1605.3912387833846
variant_native,common_endpoint,20,100,5,L1,sub-01,60,-2.0707082712966733,-14164.510932991418
variant_native,common_endpoint,20,100,5,L1,sub-02,60,-5.777595115994223,-1993.1655125856325
variant_native,common_endpoint,20,100,5,L1,sub-03,60,-7.286963109760756,-2055.684858466445
variant_native,common_endpoint,20,100,5,L1,sub-04,60,-1.1533083163500755,-2536.6978111922285
variant_native,common_endpoint,20,100,5,L1,sub-05,60,-6.117520318915,-3884.541268624446
variant_native,common_endpoint,20,100,5,L1,sub-06,60,-4.608263787496847,-2163.508644018526
variant_native,common_endpoint,20,100,5,L1,sub-07,60,-9.908344912850431,-2999.086342783513
variant_native,common_endpoint,20,100,5,L1,sub-08,60,-5.167946455019314,-2108.17753413152
variant_native,common_endpoint,20,100,5,L1,sub-09,60,-0.7545024950022803,-1805.7443674178794
variant_native,common_endpoint,20,100,5,L1,sub-10,60,-4.32125384165364,-2210.011141658707
variant_native,common_endpoint,20,100,5,L1,sub-11,60,-4.740453907984201,-7375.397866927811
variant_native,common_endpoint,20,100,5,L1,sub-12,60,-4.588521086903731,-2640.629714725353
variant_native,common_endpoint,20,100,5,L1,sub-13,60,-1.1584926349757545,-1722.873814957277
variant_native,common_endpoint,20,100,5,L2,sub-01,60,12.72347254184435,-1090.6095746352064
variant_native,common_endpoint,20,100,5,L2,sub-02,60,-5.784806726537628,-2098.600044620525
variant_native,common_endpoint,20,100,5,L2,sub-03,60,-9.077605783789947,-2759.5890878049663
variant_native,common_endpoint,20,100,5,L2,sub-04,60,-2.1918310654625506,-2707.5517515889865
variant_native,common_endpoint,20,100,5,L2,sub-05,60,-3.5755409009335475,-3985.3243621738175
variant_native,common_endpoint,20,100,5,L2,sub-06,60,-0.5136886409480848,-1014.553334667855
variant_native,common_endpoint,20,100,5,L2,sub-07,60,-2.341092315864545,-759.5686464256763
variant_native,common_endpoint,20,100,5,L2,sub-08,60,-2.7498137941016796,-1021.8420205095892
variant_native,common_endpoint,20,100,5,L2,sub-09,60,0.41436214238895086,-1538.5468277529822
variant_native,common_endpoint,20,100,5,L2,sub-10,60,-4.9627683973398415,-2302.0388790198253
variant_native,common_endpoint,20,100,5,L2,sub-11,60,-3.9024484862776236,-8219.374815260378
variant_native,common_endpoint,20,100,5,L2,sub-12,60,-1.7594601058227641,-2096.185232839522
variant_native,common_endpoint,20,100,5,L2,sub-13,60,-14.522255382042651,-4917.725099511413
variant_native,common_endpoint,20,100,5,L3,sub-01,60,16.024248239613613,1253.543073378235
variant_native,common_endpoint,20,100,5,L3,sub-02,60,-3.8850476834822403,-1931.8845592556752
variant_native,common_endpoint,20,100,5,L3,sub-03,60,3.3330911058906225,287.2496178001462
variant_native,common_endpoint,20,100,5,L3,sub-04,60,-1.7245353623448605,-2714.8960493150907
variant_native,common_endpoint,20,100,5,L3,sub-05,60,-1.013758459266247,-1869.8930022756253
variant_native,common_endpoint,20,100,5,L3,sub-06,60,-10.401582694185944,-7003.6568902435365
variant_native,common_endpoint,20,100,5,L3,sub-07,60,-1.6204826451166285,-521.3416729386059
variant_native,common_endpoint,20,100,5,L3,sub-08,60,1.8930264421208456,-164.6659082718344
variant_native,common_endpoint,20,100,5,L3,sub-09,60,0.30509368145196514,-1936.7931480199077
variant_native,common_endpoint,20,100,5,L3,sub-10,60,-3.817684201843682,-2206.460773557273
variant_native,common_endpoint,20,100,5,L3,sub-11,60,-2.635229991380867,-3667.125530965847
variant_native,common_endpoint,20,100,5,L3,sub-12,60,-1.2984154258724425,-1811.2194489559522
variant_native,common_endpoint,20,100,5,L3,sub-13,60,2.818268691876447,-4.189459267954461
variant_native,common_endpoint,20,100,5,L4,sub-01,60,-13.713831899914009,-19142.23606646484
variant_native,common_endpoint,20,100,5,L4,sub-02,60,1.1076097735096002,-701.9545687300838
variant_native,common_endpoint,20,100,5,L4,sub-03,60,0.969035144085265,-357.3341232157907
variant_native,common_endpoint,20,100,5,L4,sub-04,60,-2.1225410479267173,-2956.4942178255938
variant_native,common_endpoint,20,100,5,L4,sub-05,60,-0.2954617357455671,-1430.8842059836168
variant_native,common_endpoint,20,100,5,L4,sub-06,60,1.529100831514077,-582.579980965979
variant_native,common_endpoint,20,100,5,L4,sub-07,60,2.209409011665231,91.73623447110016
variant_native,common_endpoint,20,100,5,L4,sub-08,60,2.7420154573680917,9.84842274897419
variant_native,common_endpoint,20,100,5,L4,sub-09,60,0.3817554698793902,-2112.221020992344
variant_native,common_endpoint,20,100,5,L4,sub-10,60,0.047337724933513604,-1328.8439984045856
variant_native,common_endpoint,20,100,5,L4,sub-11,60,1.5689340631441313,-5525.84266427261
variant_native,common_endpoint,20,100,5,L4,sub-12,60,-0.9780970774379666,-1993.6957307339349
variant_native,common_endpoint,20,100,5,L4,sub-13,60,2.704984286313255,-369.26007573131363
variant_native,common_endpoint,20,100,5,L5,sub-01,60,-12.674767315380592,-18755.55942146781
variant_native,common_endpoint,20,100,5,L5,sub-02,60,2.4639696338853843,-258.947941249661
variant_native,common_endpoint,20,100,5,L5,sub-03,60,1.5034543523178636,-177.4174033508363
variant_native,common_endpoint,20,100,5,L5,sub-04,60,0.42359474584285967,-2498.9245301224496
variant_native,common_endpoint,20,100,5,L5,sub-05,60,6.839325682450889,715.6373660602286
variant_native,common_endpoint,20,100,5,L5,sub-06,60,5.420789409669595,315.9034353029779
variant_native,common_endpoint,20,100,5,L5,sub-07,60,2.1373621546611576,1155.9496703428533
variant_native,common_endpoint,20,100,5,L5,sub-08,60,3.3085541978229864,120.5398524862396
variant_native,common_endpoint,20,100,5,L5,sub-09,60,4.8610862452451356,-706.0056342923687
variant_native,common_endpoint,20,100,5,L5,sub-10,60,2.8439648262589263,-729.5037344897434
variant_native,common_endpoint,20,100,5,L5,sub-11,60,2.0334260357080653,-78.55080694691137
variant_native,common_endpoint,20,100,5,L5,sub-12,60,3.612536141637334,-639.9935716739747
variant_native,common_endpoint,20,100,5,L5,sub-13,60,2.0495046120426115,-497.7240693441103
variant_native,common_endpoint,20,100,5,S1,sub-01,60,-3.4794443092136427,-11594.393054757878
variant_native,common_endpoint,20,100,5,S1,sub-02,60,6.02217205947795,-210.82146622434138
variant_native,common_endpoint,20,100,5,S1,sub-03,60,4.386760151033327,206.71803583586953
variant_native,common_endpoint,20,100,5,S1,sub-04,60,3.2368574392346536,-2190.2820957242848
variant_native,common_endpoint,20,100,5,S1,sub-05,60,-1.652010500490647,-4534.666717756345
variant_native,common_endpoint,20,100,5,S1,sub-06,60,4.394327508170184,410.84368471337416
variant_native,common_endpoint,20,100,5,S1,sub-07,60,3.140700132559755,382.2123721086176
variant_native,common_endpoint,20,100,5,S1,sub-08,60,-11.515534406056045,-6112.978011222221
variant_native,common_endpoint,20,100,5,S1,sub-09,60,-13.297268148446417,-8139.390481269458
variant_native,common_endpoint,20,100,5,S1,sub-10,60,-1.386203891199031,-2234.3167151577672
variant_native,common_endpoint,20,100,5,S1,sub-11,60,3.2014401563026813,-1548.8552110833202
variant_native,common_endpoint,20,100,5,S1,sub-12,60,-2.648152520934458,-6464.706947112133
variant_native,common_endpoint,20,100,5,S1,sub-13,60,2.483246090420821,-853.7407642875372
variant_native,common_endpoint,20,100,5,S2,sub-01,60,3.1910310143469602,-1129.0223157990856
variant_native,common_endpoint,20,100,5,S2,sub-02,60,5.853698059141149,389.9266062227088
variant_native,common_endpoint,20,100,5,S2,sub-03,60,6.172228140223625,408.97774598656673
variant_native,common_endpoint,20,100,5,S2,sub-04,60,3.53176360700669,-1529.915169637664
variant_native,common_endpoint,20,100,5,S2,sub-05,60,5.814966232900122,-898.0298088090992
variant_native,common_endpoint,20,100,5,S2,sub-06,60,4.17931737327702,-1131.6635721096798
variant_native,common_endpoint,20,100,5,S2,sub-07,60,6.382448574945467,987.4650395930378
variant_native,common_endpoint,20,100,5,S2,sub-08,60,11.48969855786511,3556.6655433671917
variant_native,common_endpoint,20,100,5,S2,sub-09,60,8.089473104483256,-488.5498121221365
variant_native,common_endpoint,20,100,5,S2,sub-10,60,11.596607780843753,2806.9127652827724
variant_native,common_endpoint,20,100,5,S2,sub-11,60,4.47433213048781,397.7882617918703
variant_native,common_endpoint,20,100,5,S2,sub-12,60,7.66011007533403,-123.58616973756989
variant_native,common_endpoint,20,100,5,S2,sub-13,60,5.624744336365274,95.11900710247792
variant_native,common_endpoint,20,100,10,L1,sub-01,60,-2.6263498163235486,-5653.656223851999
variant_native,common_endpoint,20,100,10,L1,sub-02,60,-9.35431004983742,-1795.8509484737108
variant_native,common_endpoint,20,100,10,L1,sub-03,60,-11.446096012754479,-1837.895666938718
variant_native,common_endpoint,20,100,10,L1,sub-04,60,-5.512178703608857,-1791.9489629141817
variant_native,common_endpoint,20,100,10,L1,sub-05,60,-8.694213324365782,-1825.4364188945485
variant_native,common_endpoint,20,100,10,L1,sub-06,60,-8.505486214263072,-1980.6135708075283
variant_native,common_endpoint,20,100,10,L1,sub-07,60,-13.229547091052657,-2216.777115690156
variant_native,common_endpoint,20,100,10,L1,sub-08,60,-10.602437394769835,-1664.7481384328296
variant_native,common_endpoint,20,100,10,L1,sub-09,60,-4.075304770545628,-1799.8441230874696
variant_native,common_endpoint,20,100,10,L1,sub-10,60,-5.225572851990811,-1745.7334597387078
variant_native,common_endpoint,20,100,10,L1,sub-11,60,-4.216117531019477,-2742.965591452213
variant_native,common_endpoint,20,100,10,L1,sub-12,60,-10.615825797276985,-2044.9404417488445
variant_native,common_endpoint,20,100,10,L1,sub-13,60,-4.7652067753919445,-1248.0462246154723
variant_native,common_endpoint,20,100,10,L2,sub-01,60,13.268262442031265,-1157.3248991477433
variant_native,common_endpoint,20,100,10,L2,sub-02,60,-5.397428326362684,-1415.102673955782
variant_native,common_endpoint,20,100,10,L2,sub-03,60,-1.5564068628387273,-665.9687189623861
variant_native,common_endpoint,20,100,10,L2,sub-04,60,-4.56427631810368,-1742.5488084959002
variant_native,common_endpoint,20,100,10,L2,sub-05,60,-8.191391905066045,-1941.306425694698
variant_native,common_endpoint,20,100,10,L2,sub-06,60,1.2374447685356318,-546.0814913364717
variant_native,common_endpoint,20,100,10,L2,sub-07,60,-2.8211804560696723,-771.7579319032446
variant_native,common_endpoint,20,100,10,L2,sub-08,60,-0.5846622842400269,-393.2808551474304
variant_native,common_endpoint,20,100,10,L2,sub-09,60,-2.8453470725957914,-1652.019318128244
variant_native,common_endpoint,20,100,10,L2,sub-10,60,-6.15820802975197,-1836.9170572665637
variant_native,common_endpoint,20,100,10,L2,sub-11,60,-3.7937084965200936,-1911.9604152178715
variant_native,common_endpoint,20,100,10,L2,sub-12,60,-6.785788413872747,-1664.2807468185058
variant_native,common_endpoint,20,100,10,L2,sub-13,60,-0.0840719066980706,-448.0587949991211
variant_native,common_endpoint,20,100,10,L3,sub-01,60,14.647904862046024,-1188.6337049794938
variant_native,common_endpoint,20,100,10,L3,sub-02,60,-2.861676973612513,-1149.8903432824554
variant_native,common_endpoint,20,100,10,L3,sub-03,60,2.647288856035944,-245.98680734088936
variant_native,common_endpoint,20,100,10,L3,sub-04,60,-4.750574691908569,-1814.3814370527875
variant_native,common_endpoint,20,100,10,L3,sub-05,60,1.4364861783467944,-282.6918989527612
variant_native,common_endpoint,20,100,10,L3,sub-06,60,-6.164175181666238,-2503.696897739167
variant_native,common_endpoint,20,100,10,L3,sub-07,60,0.7562079070438125,-450.66216858752335
variant_native,common_endpoint,20,100,10,L3,sub-08,60,0.805462873664674,-283.35969816412796
variant_native,common_endpoint,20,100,10,L3,sub-09,60,-0.5870160291217472,-1443.8629088355697
variant_native,common_endpoint,20,100,10,L3,sub-10,60,-1.033149205469818,-1133.0284418604513
variant_native,common_endpoint,20,100,10,L3,sub-11,60,-1.1182013185118373,-1188.5133112560857
variant_native,common_endpoint,20,100,10,L3,sub-12,60,-4.039744395966548,-1361.383773244541
variant_native,common_endpoint,20,100,10,L3,sub-13,60,-0.1677908114768877,-455.92106688471284
variant_native,common_endpoint,20,100,10,L4,sub-01,60,-10.379868719376601,-7881.028764738241
variant_native,common_endpoint,20,100,10,L4,sub-02,60,3.82791280098808,-296.28489318701827
variant_native,common_endpoint,20,100,10,L4,sub-03,60,3.918766655210287,-139.85044849798922
variant_native,common_endpoint,20,100,10,L4,sub-04,60,-2.287890856322241,-1426.4387773878188
variant_native,common_endpoint,20,100,10,L4,sub-05,60,5.490559875842414,47.34053574850267
variant_native,common_endpoint,20,100,10,L4,sub-06,60,2.851809795057585,-443.53913976011626
variant_native,common_endpoint,20,100,10,L4,sub-07,60,2.784199433737608,-205.45357136509648
variant_native,common_endpoint,20,100,10,L4,sub-08,60,1.815828658737093,-244.73868833047908
variant_native,common_endpoint,20,100,10,L4,sub-09,60,-0.07321694021502673,-1678.4274594590695
variant_native,common_endpoint,20,100,10,L4,sub-10,60,0.6221836196164485,-926.1435797727455
variant_native,common_endpoint,20,100,10,L4,sub-11,60,0.7107067016580565,-833.4712555845305
variant_native,common_endpoint,20,100,10,L4,sub-12,60,2.9378388550045216,-479.6196465022742
variant_native,common_endpoint,20,100,10,L4,sub-13,60,0.09796988825432426,-473.0124478759554
variant_native,common_endpoint,20,100,10,L5,sub-01,60,-11.272319025272235,-8189.530247510045
variant_native,common_endpoint,20,100,10,L5,sub-02,60,3.572000008873785,-306.17876804413555
variant_native,common_endpoint,20,100,10,L5,sub-03,60,3.781267115344347,-205.70665914308242
variant_native,common_endpoint,20,100,10,L5,sub-04,60,0.7966184226854427,-1188.7048449643296
variant_native,common_endpoint,20,100,10,L5,sub-05,60,5.207626698344001,133.07948206740883
variant_native,common_endpoint,20,100,10,L5,sub-06,60,3.5239273388898327,-378.3188874442129
variant_native,common_endpoint,20,100,10,L5,sub-07,60,7.123554710062647,63.394558426133216
variant_native,common_endpoint,20,100,10,L5,sub-08,60,3.644727876305947,-85.59592484034486
variant_native,common_endpoint,20,100,10,L5,sub-09,60,3.8339369975135873,-812.5491310785789
variant_native,common_endpoint,20,100,10,L5,sub-10,60,1.8666082935275212,-970.443841312328
variant_native,common_endpoint,20,100,10,L5,sub-11,60,-0.6999147593502933,-741.7367709583767
variant_native,common_endpoint,20,100,10,L5,sub-12,60,4.37097975437795,-295.78982849315173
variant_native,common_endpoint,20,100,10,L5,sub-13,60,0.7392844831888198,-442.2609640951501
variant_native,common_endpoint,20,100,10,S1,sub-01,60,-8.839556436907058,-7864.326511915484
variant_native,common_endpoint,20,100,10,S1,sub-02,60,5.396716703164023,-250.0757037236401
variant_native,common_endpoint,20,100,10,S1,sub-03,60,-1.5062887515420864,-758.2520562609259
variant_native,common_endpoint,20,100,10,S1,sub-04,60,6.847926687202125,-530.0462684452127
variant_native,common_endpoint,20,100,10,S1,sub-05,60,-2.4714860083046855,-2395.23871258368
variant_native,common_endpoint,20,100,10,S1,sub-06,60,6.866256480539925,25.968845247924182
variant_native,common_endpoint,20,100,10,S1,sub-07,60,1.7301450542672514,-394.2236677388739
variant_native,common_endpoint,20,100,10,S1,sub-08,60,-2.577435005243502,-959.4640284312879
variant_native,common_endpoint,20,100,10,S1,sub-09,60,-3.077399857679504,-3123.60219882111
variant_native,common_endpoint,20,100,10,S1,sub-10,60,3.2485231285827068,-1029.1006338732811
variant_native,common_endpoint,20,100,10,S1,sub-11,60,7.108300111145382,274.78989111117676
variant_native,common_endpoint,20,100,10,S1,sub-12,60,5.79415565251423,-406.26299702814856
variant_native,common_endpoint,20,100,10,S1,sub-13,60,1.6390379079043915,-298.282068835472
variant_native,common_endpoint,20,100,10,S2,sub-01,60,5.201926693802153,-289.7694702480014
variant_native,common_endpoint,20,100,10,S2,sub-02,60,4.816785836786733,-295.35359334899954
variant_native,common_endpoint,20,100,10,S2,sub-03,60,4.16146900054471,-189.2425671316327
variant_native,common_endpoint,20,100,10,S2,sub-04,60,9.470375460055777,-47.050900999472034
variant_native,common_endpoint,20,100,10,S2,sub-05,60,7.222418485203304,0.5905130463681378
variant_native,common_endpoint,20,100,10,S2,sub-06,60,0.1902230129063355,-2231.55860215154
variant_native,common_endpoint,20,100,10,S2,sub-07,60,3.656620442011012,-293.1644687124626
variant_native,common_endpoint,20,100,10,S2,sub-08,60,7.498515275545646,489.34580348989385
variant_native,common_endpoint,20,100,10,S2,sub-09,60,6.824347672644111,-584.6048595834401
variant_native,common_endpoint,20,100,10,S2,sub-10,60,6.679615045485922,-643.8237546793429
variant_native,common_endpoint,20,100,10,S2,sub-11,60,2.008935292598264,-515.028319472792
variant_native,common_endpoint,20,100,10,S2,sub-12,60,8.33838434521958,-87.18838043309955
variant_native,common_endpoint,20,100,10,S2,sub-13,60,2.5407772142193705,-239.57338815122816
variant_native,common_endpoint_central,20,100,2,L1,sub-01,60,-4.6610886181139195,-26386.056577864732
variant_native,common_endpoint_central,20,100,2,L1,sub-02,60,-5.85213109954229,-5640.605060932735
variant_native,common_endpoint_central,20,100,2,L1,sub-03,60,-4.344789996358105,-5328.982040885532
variant_native,common_endpoint_central,20,100,2,L1,sub-04,60,-3.7214628845928988,-5994.904089933495
variant_native,common_endpoint_central,20,100,2,L1,sub-05,60,-3.3982382195501795,-20013.24956421409
variant_native,common_endpoint_central,20,100,2,L1,sub-06,60,-2.09155906099618,-2269.6642465694795
variant_native,common_endpoint_central,20,100,2,L1,sub-07,60,-7.70694873883691,-5425.147133036326
variant_native,common_endpoint_central,20,100,2,L1,sub-08,60,-7.781985140291473,-9457.083549075229
variant_native,common_endpoint_central,20,100,2,L1,sub-09,60,2.7804237875600486,-4253.567366610159
variant_native,common_endpoint_central,20,100,2,L1,sub-10,60,-1.2514908125678899,-5834.949418821203
variant_native,common_endpoint_central,20,100,2,L1,sub-11,60,-6.971912277269594,-32386.069922208382
variant_native,common_endpoint_central,20,100,2,L1,sub-12,60,-6.028110718857563,-5782.765867857251
variant_native,common_endpoint_central,20,100,2,L1,sub-13,60,-5.439624169013245,-4474.80016593744
variant_native,common_endpoint_central,20,100,2,L2,sub-01,60,11.187285712062607,4192.48254472818
variant_native,common_endpoint_central,20,100,2,L2,sub-02,60,-4.982767627923909,-4859.541439701188
variant_native,common_endpoint_central,20,100,2,L2,sub-03,60,-15.832925958470856,-19414.23505656931
variant_native,common_endpoint_central,20,100,2,L2,sub-04,60,-3.617449516061046,-5300.384950080432
variant_native,common_endpoint_central,20,100,2,L2,sub-05,60,-0.08582346732546808,-21118.696366510823
variant_native,common_endpoint_central,20,100,2,L2,sub-06,60,0.16629866727260595,-340.63427825317734
variant_native,common_endpoint_central,20,100,2,L2,sub-07,60,-3.5296042823139193,939.8939878729611
variant_native,common_endpoint_central,20,100,2,L2,sub-08,60,-1.1651752918735967,3345.5608438616523
variant_native,common_endpoint_central,20,100,2,L2,sub-09,60,2.9385756584222964,-2199.603857863977
variant_native,common_endpoint_central,20,100,2,L2,sub-10,60,-2.4824918550029023,-4925.437029659167
variant_native,common_endpoint_central,20,100,2,L2,sub-11,60,-2.6508037010390284,-28592.537446542865
variant_native,common_endpoint_central,20,100,2,L2,sub-12,60,-3.4845735912565545,-2754.222050869311
variant_native,common_endpoint_central,20,100,2,L2,sub-13,60,-0.5588994793441106,488.6604198588578
variant_native,common_endpoint_central,20,100,2,L3,sub-01,60,20.9887386850444,22894.01212964954
variant_native,common_endpoint_central,20,100,2,L3,sub-02,60,-2.2222408956717965,-3687.833416952083
variant_native,common_endpoint_central,20,100,2,L3,sub-03,60,4.753767868324883,1716.0238655886835
variant_native,common_endpoint_central,20,100,2,L3,sub-04,60,-0.6194348615592912,-3094.2527595345236
variant_native,common_endpoint_central,20,100,2,L3,sub-05,60,1.9758554737790859,-1511.714316009808
variant_native,common_endpoint_central,20,100,2,L3,sub-06,60,0.5196901492433942,-43.84119071612051
variant_native,common_endpoint_central,20,100,2,L3,sub-07,60,-1.7139681225205945,1732.5120853502408
variant_native,common_endpoint_central,20,100,2,L3,sub-08,60,-2.096447195520198,-1584.1022911424327
variant_native,common_endpoint_central,20,100,2,L3,sub-09,60,1.9749653965823586,-3229.713199258415
variant_native,common_endpoint_central,20,100,2,L3,sub-10,60,-1.4598591629931144,-2967.587427224328
variant_native,common_endpoint_central,20,100,2,L3,sub-11,60,-3.593643463367497,-17273.692186774242
variant_native,common_endpoint_central,20,100,2,L3,sub-12,60,-0.11016191573912983,-1054.135026987272
variant_native,common_endpoint_central,20,100,2,L3,sub-13,60,-0.42592638143288825,-83.36677646454149
variant_native,common_endpoint_central,20,100,2,L4,sub-01,60,-12.00246086003428,-41458.35362183621
variant_native,common_endpoint_central,20,100,2,L4,sub-02,60,1.0750967465971246,-686.6986405315157
variant_native,common_endpoint_central,20,100,2,L4,sub-03,60,5.355812784574837,2316.035160352605
variant_native,common_endpoint_central,20,100,2,L4,sub-04,60,0.179653095323988,-1939.7411070795647
variant_native,common_endpoint_central,20,100,2,L4,sub-05,60,-3.6920502421309105,-4952.993660878082
variant_native,common_endpoint_central,20,100,2,L4,sub-06,60,-0.22560811983596796,-700.9527971223774
variant_native,common_endpoint_central,20,100,2,L4,sub-07,60,-0.3215217573995234,1161.9431511551343
variant_native,common_endpoint_central,20,100,2,L4,sub-08,60,-1.1298241680964347,1776.2279599378003
variant_native,common_endpoint_central,20,100,2,L4,sub-09,60,1.5053596186220937,-3642.8709727482524
variant_native,common_endpoint_central,20,100,2,L4,sub-10,60,-0.0653597630291913,-4059.991082935542
variant_native,common_endpoint_central,20,100,2,L4,sub-11,60,1.5113212521632946,-2794.0055468068126
variant_native,common_endpoint_central,20,100,2,L4,sub-12,60,0.9507755815223167,-267.71705349720236
variant_native,common_endpoint_central,20,100,2,L4,sub-13,60,-0.005017736648811607,265.98050558448125
variant_native,common_endpoint_central,20,100,2,L5,sub-01,60,-11.0832039402882,-39132.432192207656
variant_native,common_endpoint_central,20,100,2,L5,sub-02,60,3.030174713961609,1119.9455610617772
variant_native,common_endpoint_central,20,100,2,L5,sub-03,60,3.2176520787857994,1134.633576297335
variant_native,common_endpoint_central,20,100,2,L5,sub-04,60,1.687188727610405,-1268.0379350812343
variant_native,common_endpoint_central,20,100,2,L5,sub-05,60,2.2359509763416705,-1414.5863342521677
variant_native,common_endpoint_central,20,100,2,L5,sub-06,60,2.7221381041730863,1483.6588984517139
variant_native,common_endpoint_central,20,100,2,L5,sub-07,60,4.858334605284395,35550.956827776085
variant_native,common_endpoint_central,20,100,2,L5,sub-08,60,0.24737355417189236,4458.57689494534
variant_native,common_endpoint_central,20,100,2,L5,sub-09,60,3.770730409760415,-1970.2804308402374
variant_native,common_endpoint_central,20,100,2,L5,sub-10,60,0.24431002967164742,-1040.359206004944
variant_native,common_endpoint_central,20,100,2,L5,sub-11,60,2.7293801966328797,1499.1046344684667
variant_native,common_endpoint_central,20,100,2,L5,sub-12,60,2.3845161183753745,585.8280751065678
variant_native,common_endpoint_central,20,100,2,L5,sub-13,60,-0.2962862997450101,129.9103690364072
variant_native,common_endpoint_central,20,100,2,S1,sub-01,60,-7.4531582885761445,-28911.98359535668
variant_native,common_endpoint_central,20,100,2,S1,sub-02,60,3.3504669950267867,1233.3092938766686
variant_native,common_endpoint_central,20,100,2,S1,sub-03,60,2.7507971333243546,1608.2216141124743
variant_native,common_endpoint_central,20,100,2,S1,sub-04,60,2.4412962092766226,-1052.1198574116365
variant_native,common_endpoint_central,20,100,2,S1,sub-05,60,-0.4489127314094176,-6481.69016598046
variant_native,common_endpoint_central,20,100,2,S1,sub-06,60,1.8453639295109128,1895.3701402010165
variant_native,common_endpoint_central,20,100,2,S1,sub-07,60,1.4753387411034171,2551.032198013597
variant_native,common_endpoint_central,20,100,2,S1,sub-08,60,-0.13785994555197506,3755.1263339254356
variant_native,common_endpoint_central,20,100,2,S1,sub-09,60,-11.47045998126304,-19975.579338642146
variant_native,common_endpoint_central,20,100,2,S1,sub-10,60,-0.6659811843728863,5355.438562332968
variant_native,common_endpoint_central,20,100,2,S1,sub-11,60,2.9854868640697605,2933.1442783444963
variant_native,common_endpoint_central,20,100,2,S1,sub-12,60,2.7233091056006176,763.169596776543
variant_native,common_endpoint_central,20,100,2,S1,sub-13,60,1.416849317784738,1494.7452364883206
variant_native,common_endpoint_central,20,100,2,S2,sub-01,60,3.0238873099055357,-510.52355313412056
variant_native,common_endpoint_central,20,100,2,S2,sub-02,60,5.601401167552475,4268.28784371165
variant_native,common_endpoint_central,20,100,2,S2,sub-03,60,4.09968608981909,2142.262664490527
variant_native,common_endpoint_central,20,100,2,S2,sub-04,60,3.650209230002226,116.21501172434436
variant_native,common_endpoint_central,20,100,2,S2,sub-05,60,3.4132182102952155,1500.3379486814515
variant_native,common_endpoint_central,20,100,2,S2,sub-06,60,-2.936323669367853,2449.6979780678394
variant_native,common_endpoint_central,20,100,2,S2,sub-07,60,6.938369554683131,14361.645769770052
variant_native,common_endpoint_central,20,100,2,S2,sub-08,60,12.06391818716178,43350.027916406965
variant_native,common_endpoint_central,20,100,2,S2,sub-09,60,-1.4995948896841726,-8005.416144737971
variant_native,common_endpoint_central,20,100,2,S2,sub-10,60,5.6808727482943375,27428.244533380133
variant_native,common_endpoint_central,20,100,2,S2,sub-11,60,5.990171128810185,4858.90167715975
variant_native,common_endpoint_central,20,100,2,S2,sub-12,60,3.5642454203549376,2736.7872300252866
variant_native,common_endpoint_central,20,100,2,S2,sub-13,60,5.308904748399327,4077.9156574454696
variant_native,common_endpoint_central,20,100,5,L1,sub-01,60,-5.67176945446701,-12264.572936782934
variant_native,common_endpoint_central,20,100,5,L1,sub-02,60,-9.125568511250474,-2209.527750203177
variant_native,common_endpoint_central,20,100,5,L1,sub-03,60,-8.558833078435178,-2314.863794378037
variant_native,common_endpoint_central,20,100,5,L1,sub-04,60,-5.589220466506076,-2945.210151690829
variant_native,common_endpoint_central,20,100,5,L1,sub-05,60,-8.157626686426124,-4044.3551025768593
variant_native,common_endpoint_central,20,100,5,L1,sub-06,60,-5.023554793183878,-1563.5081419694143
variant_native,common_endpoint_central,20,100,5,L1,sub-07,60,-12.872524591315537,-3054.5321425537845
variant_native,common_endpoint_central,20,100,5,L1,sub-08,60,-9.120805689025822,-2424.9025414827147
variant_native,common_endpoint_central,20,100,5,L1,sub-09,60,-1.3950420767821172,-1951.7504772228453
variant_native,common_endpoint_central,20,100,5,L1,sub-10,60,-4.791219424710382,-2308.5731028619944
variant_native,common_endpoint_central,20,100,5,L1,sub-11,60,-6.967129973865686,-7375.397866927811
variant_native,common_endpoint_central,20,100,5,L1,sub-12,60,-9.15705138726619,-2786.137210573315
variant_native,common_endpoint_central,20,100,5,L1,sub-13,60,-6.598095235494182,-1864.6383182849406
variant_native,common_endpoint_central,20,100,5,L2,sub-01,60,14.388618936130987,-1159.7921238896363
variant_native,common_endpoint_central,20,100,5,L2,sub-02,60,-8.2244546284172,-2168.2587761080267
variant_native,common_endpoint_central,20,100,5,L2,sub-03,60,-7.901160527915879,-2427.2795965643727
variant_native,common_endpoint_central,20,100,5,L2,sub-04,60,-4.748086967983662,-2780.766851044393
variant_native,common_endpoint_central,20,100,5,L2,sub-05,60,-5.629627016616126,-3974.24747031209
variant_native,common_endpoint_central,20,100,5,L2,sub-06,60,-0.9885105596363637,-738.7616695803183
variant_native,common_endpoint_central,20,100,5,L2,sub-07,60,-2.780463924744692,-551.9641398213346
variant_native,common_endpoint_central,20,100,5,L2,sub-08,60,-1.1519454568901537,48.94074660099408
variant_native,common_endpoint_central,20,100,5,L2,sub-09,60,-1.8970663345042298,-1995.3221024095308
variant_native,common_endpoint_central,20,100,5,L2,sub-10,60,-6.749945004392704,-2621.5904461143296
variant_native,common_endpoint_central,20,100,5,L2,sub-11,60,-2.503193659192502,-7603.890134072274
variant_native,common_endpoint_central,20,100,5,L2,sub-12,60,-5.365036796174692,-2161.2200869815056
variant_native,common_endpoint_central,20,100,5,L2,sub-13,60,-2.7591760467698365,-1053.7190502622225
variant_native,common_endpoint_central,20,100,5,L3,sub-01,60,19.400925945558992,1376.213412053152
variant_native,common_endpoint_central,20,100,5,L3,sub-02,60,0.9782790470475695,-409.4896761897715
variant_native,common_endpoint_central,20,100,5,L3,sub-03,60,2.93258231420939,39.743895531159325
variant_native,common_endpoint_central,20,100,5,L3,sub-04,60,-3.424337234659149,-2565.1800608701346
variant_native,common_endpoint_central,20,100,5,L3,sub-05,60,5.300072317372573,421.5999431410318
variant_native,common_endpoint_central,20,100,5,L3,sub-06,60,0.5847225861511849,-412.37657636815896
variant_native,common_endpoint_central,20,100,5,L3,sub-07,60,-3.313493229326912,-539.5865697853794
variant_native,common_endpoint_central,20,100,5,L3,sub-08,60,0.5268770148997989,-207.99247810925635
variant_native,common_endpoint_central,20,100,5,L3,sub-09,60,0.0684342481647226,-1966.034353389984
variant_native,common_endpoint_central,20,100,5,L3,sub-10,60,-0.09122508945206735,-1291.0097404117978
variant_native,common_endpoint_central,20,100,5,L3,sub-11,60,0.6847082602671509,-2756.6828170911485
variant_native,common_endpoint_central,20,100,5,L3,sub-12,60,-1.832036124467328,-1337.7657855754005
variant_native,common_endpoint_central,20,100,5,L3,sub-13,60,-0.3914564057651861,-493.0962720469819
variant_native,common_endpoint_central,20,100,5,L4,sub-01,60,-15.07742022137368,-19252.9601022442
variant_native,common_endpoint_central,20,100,5,L4,sub-02,60,2.87320173738904,-16.942958831409246
variant_native,common_endpoint_central,20,100,5,L4,sub-03,60,1.2395675836748252,-357.3341232157907
variant_native,common_endpoint_central,20,100,5,L4,sub-04,60,-4.181246492623896,-2510.118987967626
variant_native,common_endpoint_central,20,100,5,L4,sub-05,60,-0.430962982189903,-712.3617564693527
variant_native,common_endpoint_central,20,100,5,L4,sub-06,60,0.5813346937024079,-472.46691378569267
variant_native,common_endpoint_central,20,100,5,L4,sub-07,60,0.8870206769337952,92.53297129917834
variant_native,common_endpoint_central,20,100,5,L4,sub-08,60,1.2438483076021567,16.500556250908616
variant_native,common_endpoint_central,20,100,5,L4,sub-09,60,-0.13719047288495329,-2237.051905894991
variant_native,common_endpoint_central,20,100,5,L4,sub-10,60,1.2029298651554885,-1171.7037279202086
variant_native,common_endpoint_central,20,100,5,L4,sub-11,60,2.1705995221054044,-85.11304449268422
variant_native,common_endpoint_central,20,100,5,L4,sub-12,60,2.7500108632894884,-467.4714436886163
variant_native,common_endpoint_central,20,100,5,L4,sub-13,60,0.6676929792627229,-369.26007573131363
variant_native,common_endpoint_central,20,100,5,L5,sub-01,60,-11.828897116730342,-16459.509681286767
variant_native,common_endpoint_central,20,100,5,L5,sub-02,60,1.3612779410835154,-242.27119585227865
variant_native,common_endpoint_central,20,100,5,L5,sub-03,60,1.6990864265128958,-240.19866300244382
variant_native,common_endpoint_central,20,100,5,L5,sub-04,60,-0.21959237341406246,-1699.9620118279433
variant_native,common_endpoint_central,20,100,5,L5,sub-05,60,6.423299340334389,726.6543426539049
variant_native,common_endpoint_central,20,100,5,L5,sub-06,60,4.356277485142313,315.9034353029779
variant_native,common_endpoint_central,20,100,5,L5,sub-07,60,10.104594205929573,5148.923732651368
variant_native,common_endpoint_central,20,100,5,L5,sub-08,60,2.154714749927059,175.49888106362857
variant_native,common_endpoint_central,20,100,5,L5,sub-09,60,5.117564803007314,-519.9486363295235
variant_native,common_endpoint_central,20,100,5,L5,sub-10,60,3.5406900097759455,-729.5037344897434
variant_native,common_endpoint_central,20,100,5,L5,sub-11,60,1.4835742544601611,124.95552717588839
variant_native,common_endpoint_central,20,100,5,L5,sub-12,60,3.243128104190624,-435.0980175095035
variant_native,common_endpoint_central,20,100,5,L5,sub-13,60,-0.7235756366374011,-601.879454066381
variant_native,common_endpoint_central,20,100,5,S1,sub-01,60,-4.954345991860464,-11736.706710128796
variant_native,common_endpoint_central,20,100,5,S1,sub-02,60,6.8513972608658715,609.3017358168503
variant_native,common_endpoint_central,20,100,5,S1,sub-03,60,3.990256341280344,95.77559569318346
variant_native,common_endpoint_central,20,100,5,S1,sub-04,60,9.705062187385904,313.44586311717865
variant_native,common_endpoint_central,20,100,5,S1,sub-05,60,-2.7495619211578473,-4248.811413069216
variant_native,common_endpoint_central,20,100,5,S1,sub-06,60,2.407917887440655,110.42556577258507
variant_native,common_endpoint_central,20,100,5,S1,sub-07,60,2.9197479651166227,585.0755029031183
variant_native,common_endpoint_central,20,100,5,S1,sub-08,60,-1.9844971484420368,-501.5506215496137
variant_native,common_endpoint_central,20,100,5,S1,sub-09,60,-8.519674490951726,-7080.921890121853
variant_native,common_endpoint_central,20,100,5,S1,sub-10,60,-0.3490575763027064,-1186.4140487752609
variant_native,common_endpoint_central,20,100,5,S1,sub-11,60,1.99191090863489,220.8775349866177
variant_native,common_endpoint_central,20,100,5,S1,sub-12,60,6.095397761758684,-164.30347441004577
variant_native,common_endpoint_central,20,100,5,S1,sub-13,60,3.159319094177273,7.102791481742315
variant_native,common_endpoint_central,20,100,5,S2,sub-01,60,3.7428879027415163,-793.7742749826124
variant_native,common_endpoint_central,20,100,5,S2,sub-02,60,5.2858671532816714,590.6207450485814
variant_native,common_endpoint_central,20,100,5,S2,sub-03,60,6.598500940673604,396.9427124933433
variant_native,common_endpoint_central,20,100,5,S2,sub-04,60,8.457421347800938,-19.070299760985797
variant_native,common_endpoint_central,20,100,5,S2,sub-05,60,5.244406948683041,-890.3775767562075
variant_native,common_endpoint_central,20,100,5,S2,sub-06,60,-1.9181872996163214,-1127.4771779483679
variant_native,common_endpoint_central,20,100,5,S2,sub-07,60,5.055118897407157,1011.863748819687
variant_native,common_endpoint_central,20,100,5,S2,sub-08,60,8.331808221929004,3479.3317565573275
variant_native,common_endpoint_central,20,100,5,S2,sub-09,60,6.762974323950985,-599.4743365372718
variant_native,common_endpoint_central,20,100,5,S2,sub-10,60,7.237827219926427,1665.0720614937852
variant_native,common_endpoint_central,20,100,5,S2,sub-11,60,3.1395306875905797,348.53635718416314
variant_native,common_endpoint_central,20,100,5,S2,sub-12,60,4.265587578669409,-502.0512134123055
variant_native,common_endpoint_central,20,100,5,S2,sub-13,60,6.645291251226613,765.819448600214
variant_native,common_endpoint_central,20,100,10,L1,sub-01,60,-2.6263498163235486,-5653.656223851999
variant_native,common_endpoint_central,20,100,10,L1,sub-02,60,-9.35431004983742,-1795.8509484737108
variant_native,common_endpoint_central,20,100,10,L1,sub-03,60,-11.446096012754479,-1837.895666938718
variant_native,common_endpoint_central,20,100,10,L1,sub-04,60,-5.512178703608857,-1791.9489629141817
variant_native,common_endpoint_central,20,100,10,L1,sub-05,60,-8.694213324365782,-1825.4364188945485
variant_native,common_endpoint_central,20,100,10,L1,sub-06,60,-8.505486214263072,-1980.6135708075283
variant_native,common_endpoint_central,20,100,10,L1,sub-07,60,-13.229547091052657,-2216.777115690156
variant_native,common_endpoint_central,20,100,10,L1,sub-08,60,-10.602437394769835,-1664.7481384328296
variant_native,common_endpoint_central,20,100,10,L1,sub-09,60,-4.075304770545628,-1799.8441230874696
variant_native,common_endpoint_central,20,100,10,L1,sub-10,60,-5.225572851990811,-1745.7334597387078
variant_native,common_endpoint_central,20,100,10,L1,sub-11,60,-4.216117531019477,-2742.965591452213
variant_native,common_endpoint_central,20,100,10,L1,sub-12,60,-10.615825797276985,-2044.9404417488445
variant_native,common_endpoint_central,20,100,10,L1,sub-13,60,-4.7652067753919445,-1248.0462246154723
variant_native,common_endpoint_central,20,100,10,L2,sub-01,60,13.268262442031265,-1157.3248991477433
variant_native,common_endpoint_central,20,100,10,L2,sub-02,60,-5.397428326362684,-1415.102673955782
variant_native,common_endpoint_central,20,100,10,L2,sub-03,60,-1.5564068628387273,-665.9687189623861
variant_native,common_endpoint_central,20,100,10,L2,sub-04,60,-4.56427631810368,-1742.5488084959002
variant_native,common_endpoint_central,20,100,10,L2,sub-05,60,-8.191391905066045,-1941.306425694698
variant_native,common_endpoint_central,20,100,10,L2,sub-06,60,1.2374447685356318,-546.0814913364717
variant_native,common_endpoint_central,20,100,10,L2,sub-07,60,-2.8211804560696723,-771.7579319032446
variant_native,common_endpoint_central,20,100,10,L2,sub-08,60,-0.5846622842400269,-393.2808551474304
variant_native,common_endpoint_central,20,100,10,L2,sub-09,60,-2.8453470725957914,-1652.019318128244
variant_native,common_endpoint_central,20,100,10,L2,sub-10,60,-6.15820802975197,-1836.9170572665637
variant_native,common_endpoint_central,20,100,10,L2,sub-11,60,-3.7937084965200936,-1911.9604152178715
variant_native,common_endpoint_central,20,100,10,L2,sub-12,60,-6.785788413872747,-1664.2807468185058
variant_native,common_endpoint_central,20,100,10,L2,sub-13,60,-0.0840719066980706,-448.0587949991211
variant_native,common_endpoint_central,20,100,10,L3,sub-01,60,14.647904862046024,-1188.6337049794938
variant_native,common_endpoint_central,20,100,10,L3,sub-02,60,-2.861676973612513,-1149.8903432824554
variant_native,common_endpoint_central,20,100,10,L3,sub-03,60,2.647288856035944,-245.98680734088936
variant_native,common_endpoint_central,20,100,10,L3,sub-04,60,-4.750574691908569,-1814.3814370527875
variant_native,common_endpoint_central,20,100,10,L3,sub-05,60,1.4364861783467944,-282.6918989527612
variant_native,common_endpoint_central,20,100,10,L3,sub-06,60,-6.164175181666238,-2503.696897739167
variant_native,common_endpoint_central,20,100,10,L3,sub-07,60,0.7562079070438125,-450.66216858752335
variant_native,common_endpoint_central,20,100,10,L3,sub-08,60,0.805462873664674,-283.35969816412796
variant_native,common_endpoint_central,20,100,10,L3,sub-09,60,-0.5870160291217472,-1443.8629088355697
variant_native,common_endpoint_central,20,100,10,L3,sub-10,60,-1.033149205469818,-1133.0284418604513
variant_native,common_endpoint_central,20,100,10,L3,sub-11,60,-1.1182013185118373,-1188.5133112560857
variant_native,common_endpoint_central,20,100,10,L3,sub-12,60,-4.039744395966548,-1361.383773244541
variant_native,common_endpoint_central,20,100,10,L3,sub-13,60,-0.1677908114768877,-455.92106688471284
variant_native,common_endpoint_central,20,100,10,L4,sub-01,60,-10.379868719376601,-7881.028764738241
variant_native,common_endpoint_central,20,100,10,L4,sub-02,60,3.82791280098808,-296.28489318701827
variant_native,common_endpoint_central,20,100,10,L4,sub-03,60,3.918766655210287,-139.85044849798922
variant_native,common_endpoint_central,20,100,10,L4,sub-04,60,-2.287890856322241,-1426.4387773878188
variant_native,common_endpoint_central,20,100,10,L4,sub-05,60,5.490559875842414,47.34053574850267
variant_native,common_endpoint_central,20,100,10,L4,sub-06,60,2.851809795057585,-443.53913976011626
variant_native,common_endpoint_central,20,100,10,L4,sub-07,60,2.784199433737608,-205.45357136509648
variant_native,common_endpoint_central,20,100,10,L4,sub-08,60,1.815828658737093,-244.73868833047908
variant_native,common_endpoint_central,20,100,10,L4,sub-09,60,-0.07321694021502673,-1678.4274594590695
variant_native,common_endpoint_central,20,100,10,L4,sub-10,60,0.6221836196164485,-926.1435797727455
variant_native,common_endpoint_central,20,100,10,L4,sub-11,60,0.7107067016580565,-833.4712555845305
variant_native,common_endpoint_central,20,100,10,L4,sub-12,60,2.9378388550045216,-479.6196465022742
variant_native,common_endpoint_central,20,100,10,L4,sub-13,60,0.09796988825432426,-473.0124478759554
variant_native,common_endpoint_central,20,100,10,L5,sub-01,60,-11.272319025272235,-8189.530247510045
variant_native,common_endpoint_central,20,100,10,L5,sub-02,60,3.572000008873785,-306.17876804413555
variant_native,common_endpoint_central,20,100,10,L5,sub-03,60,3.781267115344347,-205.70665914308242
variant_native,common_endpoint_central,20,100,10,L5,sub-04,60,0.7966184226854427,-1188.7048449643296
variant_native,common_endpoint_central,20,100,10,L5,sub-05,60,5.207626698344001,133.07948206740883
variant_native,common_endpoint_central,20,100,10,L5,sub-06,60,3.5239273388898327,-378.3188874442129
variant_native,common_endpoint_central,20,100,10,L5,sub-07,60,7.123554710062647,63.394558426133216
variant_native,common_endpoint_central,20,100,10,L5,sub-08,60,3.644727876305947,-85.59592484034486
variant_native,common_endpoint_central,20,100,10,L5,sub-09,60,3.8339369975135873,-812.5491310785789
variant_native,common_endpoint_central,20,100,10,L5,sub-10,60,1.8666082935275212,-970.443841312328
variant_native,common_endpoint_central,20,100,10,L5,sub-11,60,-0.6999147593502933,-741.7367709583767
variant_native,common_endpoint_central,20,100,10,L5,sub-12,60,4.37097975437795,-295.78982849315173
variant_native,common_endpoint_central,20,100,10,L5,sub-13,60,0.7392844831888198,-442.2609640951501
variant_native,common_endpoint_central,20,100,10,S1,sub-01,60,-8.839556436907058,-7864.326511915484
variant_native,common_endpoint_central,20,100,10,S1,sub-02,60,5.396716703164023,-250.0757037236401
variant_native,common_endpoint_central,20,100,10,S1,sub-03,60,-1.5062887515420864,-758.2520562609259
variant_native,common_endpoint_central,20,100,10,S1,sub-04,60,6.847926687202125,-530.0462684452127
variant_native,common_endpoint_central,20,100,10,S1,sub-05,60,-2.4714860083046855,-2395.23871258368
variant_native,common_endpoint_central,20,100,10,S1,sub-06,60,6.866256480539925,25.968845247924182
variant_native,common_endpoint_central,20,100,10,S1,sub-07,60,1.7301450542672514,-394.2236677388739
variant_native,common_endpoint_central,20,100,10,S1,sub-08,60,-2.577435005243502,-959.4640284312879
variant_native,common_endpoint_central,20,100,10,S1,sub-09,60,-3.077399857679504,-3123.60219882111
variant_native,common_endpoint_central,20,100,10,S1,sub-10,60,3.2485231285827068,-1029.1006338732811
variant_native,common_endpoint_central,20,100,10,S1,sub-11,60,7.108300111145382,274.78989111117676
variant_native,common_endpoint_central,20,100,10,S1,sub-12,60,5.79415565251423,-406.26299702814856
variant_native,common_endpoint_central,20,100,10,S1,sub-13,60,1.6390379079043915,-298.282068835472
variant_native,common_endpoint_central,20,100,10,S2,sub-01,60,5.201926693802153,-289.7694702480014
variant_native,common_endpoint_central,20,100,10,S2,sub-02,60,4.816785836786733,-295.35359334899954
variant_native,common_endpoint_central,20,100,10,S2,sub-03,60,4.16146900054471,-189.2425671316327
variant_native,common_endpoint_central,20,100,10,S2,sub-04,60,9.470375460055777,-47.050900999472034
variant_native,common_endpoint_central,20,100,10,S2,sub-05,60,7.222418485203304,0.5905130463681378
variant_native,common_endpoint_central,20,100,10,S2,sub-06,60,0.1902230129063355,-2231.55860215154
variant_native,common_endpoint_central,20,100,10,S2,sub-07,60,3.656620442011012,-293.1644687124626
variant_native,common_endpoint_central,20,100,10,S2,sub-08,60,7.498515275545646,489.34580348989385
variant_native,common_endpoint_central,20,100,10,S2,sub-09,60,6.824347672644111,-584.6048595834401
variant_native,common_endpoint_central,20,100,10,S2,sub-10,60,6.679615045485922,-643.8237546793429
variant_native,common_endpoint_central,20,100,10,S2,sub-11,60,2.008935292598264,-515.028319472792
variant_native,common_endpoint_central,20,100,10,S2,sub-12,60,8.33838434521958,-87.18838043309955
variant_native,common_endpoint_central,20,100,10,S2,sub-13,60,2.5407772142193705,-239.57338815122816
