method,width_mm,first,second,segment,paired,n_geometry,pooled_pp,equal_geometry_pp,equal_complete_stratum_pp,geometry_positive_negative,geometry_range_pp,realization_range_pp,strata_all_14,strata_planned,strata_not_all_14,strata_positive_negative
frozen_legacy,all,0,10,L1,2460,14,0.013425715170441502,0.00889524432867634,-0.11047802616598178,"[7, 7]","[-1.9717131156827599, 0.8554816634747257]","[-8.65042449463133, 7.020947677358899]",120,180,60,"[41, 79]"
frozen_legacy,all,0,10,L2,2460,14,-0.1800939879030699,-0.17326494370863108,-0.1189988399844146,"[7, 7]","[-1.9168245020661872, 0.8333538125276071]","[-5.248569236450123, 6.743218681315624]",120,180,60,"[41, 79]"
frozen_legacy,all,0,10,L3,2460,14,-0.31349319427667155,-0.30885156016239257,-0.3155677927613167,"[4, 10]","[-1.5251206421728525, 0.18654105037250115]","[-4.617278380937967, 4.593272601575532]",120,180,60,"[17, 103]"
frozen_legacy,all,0,10,L4,2460,14,-0.16248274586391592,-0.16513492882416667,-0.20610225767798765,"[6, 8]","[-1.2793553781235827, 0.6274217186641988]","[-6.352429334132023, 4.2239154338243186]",120,180,60,"[27, 93]"
frozen_legacy,all,0,10,L5,2460,14,-0.06194935631696576,-0.0558424031128877,-0.06769545111354343,"[5, 9]","[-0.35717749300232676, 0.3435811805262455]","[-4.209242957456843, 5.669093762514693]",120,180,60,"[53, 67]"
frozen_legacy,all,0,10,S1,2460,14,0.37771478079375975,0.3723177002219901,0.4158460951894811,"[12, 2]","[-0.27365105792263583, 1.4281873834749836]","[-4.327587896605695, 7.597726383910403]",120,180,60,"[117, 3]"
frozen_legacy,all,0,10,S2,2460,14,0.3268787883964217,0.3218808912574116,0.40299627251376285,"[13, 1]","[-0.025828587464380087, 0.8561001297429044]","[-2.9424950051243517, 6.159872695247081]",120,180,60,"[118, 2]"
frozen_legacy,all,0,20,L1,2460,14,0.40224135121410276,0.39827908025592124,0.025276109050953684,"[12, 2]","[-4.1099213246494966, 2.0258119477827154]","[-19.973257955494606, 13.415947338764193]",120,180,60,"[63, 57]"
frozen_legacy,all,0,20,L2,2460,14,-0.13733755883167412,-0.13404933628224452,-0.10296130745182713,"[10, 4]","[-4.14494136103222, 1.692006084004917]","[-9.41858670167425, 14.547823826402531]",120,180,60,"[53, 67]"
frozen_legacy,all,0,20,L3,2460,14,-0.7801027252929045,-0.7691088348344451,-0.7294010763760749,"[4, 10]","[-3.337194394938239, 0.145896314640143]","[-10.122318867002827, 9.608364149411214]",120,180,60,"[17, 103]"
frozen_legacy,all,0,20,L4,2460,14,-0.4376992966208983,-0.4482401153687925,-0.5016712131088534,"[2, 12]","[-1.4654949462786269, 1.1942694003823506]","[-14.563860880308457, 7.439026753446806]",120,180,60,"[28, 92]"
frozen_legacy,all,0,20,L5,2460,14,-0.34674061232587167,-0.32942663453018933,-0.2907150609363672,"[3, 11]","[-0.9204820263460513, 0.7222558573262013]","[-8.969987179416073, 10.271811501940375]",120,180,60,"[41, 79]"
frozen_legacy,all,0,20,S1,2460,14,0.6606454803229863,0.6523265333914542,0.7610674606532377,"[12, 2]","[-0.6514827937492182, 3.138587293258154]","[-9.856085507372935, 15.346719100370537]",120,180,60,"[117, 3]"
frozen_legacy,all,0,20,S2,2460,14,0.6389933615342595,0.6302193073682962,0.8384050881689309,"[12, 2]","[-0.4568309570838364, 2.110301741359533]","[-6.749897455835657, 12.516529338244625]",120,180,60,"[117, 3]"
frozen_legacy,all,0,100,L1,2460,14,-1.0419239045850848,-0.9112016042476285,-0.7000693782107225,"[4, 10]","[-4.571174889132941, 4.448412709588088]","[-23.843770663692844, 40.41885337241542]",120,180,60,"[41, 79]"
frozen_legacy,all,0,100,L2,2460,14,-1.7695879510353836,-1.9564321093865584,-1.3011867175869913,"[3, 11]","[-9.617042601784727, 5.524282820689806]","[-31.92562724269908, 47.47889716682199]",120,180,60,"[23, 97]"
frozen_legacy,all,0,100,L3,2460,14,-1.3338203929460373,-1.2193535760182523,-0.9206574550673237,"[3, 11]","[-11.120826913361606, 11.443508892934913]","[-34.670533310969134, 54.437443100695695]",120,180,60,"[37, 83]"
frozen_legacy,all,0,100,L4,2460,14,-3.011345599201939,-3.170319124140078,-3.1446687460646383,"[0, 14]","[-9.688233646603763, -0.2398754261773005]","[-37.07781410396204, 14.591144167231226]",120,180,60,"[16, 104]"
frozen_legacy,all,0,100,L5,2460,14,-0.43230457610616013,-0.38312308764205355,-0.7057463596725784,"[9, 5]","[-9.3710723500502, 1.8808012508671934]","[-24.103431490856973, 42.77671737375141]",120,180,60,"[35, 85]"
frozen_legacy,all,0,100,S1,2460,14,1.921657423400001,1.9915522983664964,1.184831570692847,"[11, 3]","[-5.165434088984519, 5.527110344233092]","[-27.396454366850843, 39.079021718993836]",120,180,60,"[85, 35]"
frozen_legacy,all,0,100,S2,2460,14,5.667325000474603,5.648877203068072,5.587497085909407,"[14, 0]","[0.9533183602369621, 15.814063261556917]","[-19.485610701565033, 51.813224393006706]",120,180,60,"[118, 2]"
frozen_legacy,all,10,20,L1,2460,14,0.3888156360436612,0.38938383592724485,0.13575413521693544,"[12, 2]","[-2.138208208966738, 1.1913474282775847]","[-11.322833460863274, 6.394999661405293]",120,180,60,"[75, 45]"
frozen_legacy,all,10,20,L2,2460,14,0.04275642907139578,0.039215607426386564,0.016037532532587436,"[11, 3]","[-2.228116858966033, 0.8586522714773097]","[-5.184952781869365, 7.8046051450869065]",120,180,60,"[66, 54]"
frozen_legacy,all,10,20,L3,2460,14,-0.46660953101623276,-0.46025727467205246,-0.4138332836147581,"[3, 11]","[-1.8120737527653867, 0.1484162063074485]","[-5.5050404860648605, 5.270771153757126]",120,180,60,"[15, 105]"
frozen_legacy,all,10,20,L4,2460,14,-0.27521655075698254,-0.28310518654462585,-0.2955689554308658,"[2, 12]","[-0.9037586096768092, 0.5668476817181515]","[-8.211431546176435, 3.4000284514660306]",120,180,60,"[28, 92]"
frozen_legacy,all,10,20,L5,2460,14,-0.2847912560089059,-0.2735842314173016,-0.2230196098228237,"[3, 11]","[-0.6850200746695404, 0.3786746767999559]","[-5.580801597254292, 5.658903655673414]",120,180,60,"[32, 88]"
frozen_legacy,all,10,20,S1,2460,14,0.2829306995292265,0.280008833169464,0.3452213654637565,"[11, 3]","[-0.3778317358265827, 1.7103999097831704]","[-5.528497610767241, 7.748992716460135]",120,180,60,"[112, 8]"
frozen_legacy,all,10,20,S2,2460,14,0.31211457313783775,0.3083384161108847,0.43540881565516815,"[12, 2]","[-0.4818066157038159, 1.2542016116166277]","[-3.807402450711306, 6.356656642997543]",120,180,60,"[114, 6]"
frozen_legacy,all,10,100,L1,2460,14,-1.0553496197555265,-0.9200968485763047,-0.5895913520447408,"[5, 9]","[-3.717852156506622, 4.625266769771788]","[-17.914541132256073, 39.57033884905711]",120,180,60,"[48, 72]"
frozen_legacy,all,10,100,L2,2460,14,-1.589493963132314,-1.783167165677927,-1.182187877602577,"[3, 11]","[-9.723768470048087, 7.441107322755995]","[-32.26981953878864, 43.83872279525758]",120,180,60,"[26, 94]"
frozen_legacy,all,10,100,L3,2460,14,-1.020327198669366,-0.9105020158558602,-0.605089662306007,"[3, 11]","[-10.065372595063932, 12.968629535107759]","[-30.82660418246007, 52.96959164863135]",120,180,60,"[45, 75]"
frozen_legacy,all,10,100,L4,2460,14,-2.8488628533380234,-3.005184195315911,-2.9385664883866505,"[2, 12]","[-9.41435921640931, 1.0274966852794207]","[-35.89924549993217, 14.129070676771416]",120,180,60,"[16, 104]"
frozen_legacy,all,10,100,L5,2460,14,-0.3703552197891944,-0.3272806845291658,-0.6380509085590349,"[9, 5]","[-9.549945489521125, 2.2379787438695193]","[-23.51317385367912, 41.42198790030794]",120,180,60,"[34, 86]"
frozen_legacy,all,10,100,S1,2460,14,1.5439426426062415,1.619234598144507,0.7689854755033659,"[11, 3]","[-5.891558734939331, 5.137300269287208]","[-27.617508681342173, 38.774097046350796]",120,180,60,"[77, 43]"
frozen_legacy,all,10,100,S2,2460,14,5.340446212078183,5.326996311810662,5.184500813395643,"[14, 0]","[0.9283427016169823, 14.957963131814028]","[-17.62512999916019, 49.9227676867973]",120,180,60,"[117, 3]"
frozen_legacy,all,20,100,L1,2460,14,-1.4441652557991875,-1.3094806845035498,-0.7253454872616762,"[2, 12]","[-4.368998108304354, 4.212586738617611]","[-18.126444566776268, 34.28803099963783]",120,180,60,"[42, 78]"
frozen_legacy,all,20,100,L2,2460,14,-1.6322503922037097,-1.822382773104314,-1.1982254101351641,"[3, 11]","[-9.617810390029094, 9.669224181722031]","[-32.69241014568438, 39.14697863627476]",120,180,60,"[28, 92]"
frozen_legacy,all,20,100,L3,2460,14,-0.5537176676531329,-0.4502447411838072,-0.1912563786912489,"[4, 10]","[-8.484686649121933, 14.780703287873154]","[-25.444352638237245, 50.66941895200101]",120,180,60,"[61, 59]"
frozen_legacy,all,20,100,L4,2460,14,-2.573646302581041,-2.7220790087712854,-2.642997532955784,"[2, 12]","[-9.713282345514994, 1.213636253434464]","[-34.20554130597485, 14.754646717333333]",120,180,60,"[13, 107]"
frozen_legacy,all,20,100,L5,2460,14,-0.08556396378028844,-0.05369645311186455,-0.4150312987362113,"[10, 4]","[-9.797086148283658, 2.76307740103914]","[-21.1384414381475, 40.46033719584]",120,180,60,"[47, 73]"
frozen_legacy,all,20,100,S1,2460,14,1.2610119430770146,1.3392257649750439,0.4237641100396093,"[11, 3]","[-5.878327553263772, 4.749750837370449]","[-28.19101279037661, 35.105188146636166]",120,180,60,"[66, 54]"
frozen_legacy,all,20,100,S2,2460,14,5.028331638940345,5.018657895699776,4.749091997740475,"[14, 0]","[1.4101493173207984, 13.703761520197391]","[-14.965637778615335, 46.39817417718729]",120,180,60,"[116, 4]"
frozen_legacy,2.0,0,10,L1,840,14,-0.057601328202121986,-0.05760132820212202,-0.057601328202121986,"[6, 8]","[-0.5545316179304777, 0.5468787079525603]","[-4.044121638327491, 7.020947677358899]",60,60,0,"[25, 35]"
frozen_legacy,2.0,0,10,L2,840,14,-0.1186075756874121,-0.11860757568741213,-0.1186075756874121,"[6, 8]","[-1.1082671657124703, 0.2930841383216944]","[-3.866343758542104, 5.736744260937899]",60,60,0,"[19, 41]"
frozen_legacy,2.0,0,10,L3,840,14,-0.2633981752091032,-0.26339817520910314,-0.2633981752091031,"[3, 11]","[-1.119825635838647, 0.03151367900297043]","[-4.617278380937967, 4.593272601575532]",60,60,0,"[11, 49]"
frozen_legacy,2.0,0,10,L4,840,14,-0.23359984625173327,-0.23359984625173336,-0.23359984625173333,"[2, 12]","[-1.2755554306636057, 0.46958948104143544]","[-6.352429334132023, 4.2239154338243186]",60,60,0,"[13, 47]"
frozen_legacy,2.0,0,10,L5,840,14,-0.13489072193002405,-0.13489072193002405,-0.13489072193002408,"[3, 11]","[-0.6511835067950538, 0.14425251271293657]","[-3.1500255390957523, 5.669093762514693]",60,60,0,"[19, 41]"
frozen_legacy,2.0,0,10,S1,840,14,0.34306559411644466,0.3430655941164446,0.34306559411644466,"[11, 3]","[-0.43819440601868215, 1.5338514718095064]","[-2.898431263931256, 5.997583536710449]",60,60,0,"[58, 2]"
frozen_legacy,2.0,0,10,S2,840,14,0.46503205316395,0.46503205316395,0.46503205316395,"[13, 1]","[-0.0695903662369164, 1.2194196531729462]","[-1.6648471790307235, 6.159872695247081]",60,60,0,"[59, 1]"
frozen_legacy,2.0,0,20,L1,840,14,-0.04148564964322648,-0.04148564964322642,-0.041485649643226485,"[6, 8]","[-1.0240603501091623, 1.2364309172451509]","[-7.155115037621575, 13.415947338764193]",60,60,0,"[28, 32]"
frozen_legacy,2.0,0,20,L2,840,14,-0.15029168584580407,-0.15029168584580407,-0.15029168584580407,"[6, 8]","[-1.5030317325030327, 0.5829556529292462]","[-8.655881068581092, 11.041541550795792]",60,60,0,"[22, 38]"
frozen_legacy,2.0,0,20,L3,840,14,-0.588553574741658,-0.5885535747416581,-0.5885535747416581,"[2, 12]","[-2.691110150797293, 0.05551442517514484]","[-10.122318867002827, 9.608364149411214]",60,60,0,"[11, 49]"
frozen_legacy,2.0,0,20,L4,840,14,-0.5240065976982334,-0.5240065976982332,-0.5240065976982334,"[1, 13]","[-2.0199487564664356, 0.8843620359227888]","[-14.563860880308457, 7.439026753446806]",60,60,0,"[11, 49]"
frozen_legacy,2.0,0,20,L5,840,14,-0.3709894726648257,-0.3709894726648257,-0.3709894726648257,"[2, 12]","[-1.7647034027778088, 0.30330964328617593]","[-6.497205622381949, 10.271811501940375]",60,60,0,"[14, 46]"
frozen_legacy,2.0,0,20,S1,840,14,0.6360264821118351,0.636026482111835,0.636026482111835,"[11, 3]","[-1.1121739758450573, 2.923794164210877]","[-6.408812822375454, 11.493401562023342]",60,60,0,"[57, 3]"
frozen_legacy,2.0,0,20,S2,840,14,1.0393004984819127,1.0393004984819125,1.0393004984819127,"[13, 1]","[-0.07342892709902252, 2.9113084668526823]","[-3.972390972826026, 12.516529338244625]",60,60,0,"[59, 1]"
frozen_legacy,2.0,0,100,L1,840,14,-0.2950392708999098,-0.29503927089990944,-0.2950392708999097,"[6, 8]","[-4.108150416114483, 5.077641451101627]","[-17.833134285977106, 40.41885337241542]",60,60,0,"[26, 34]"
frozen_legacy,2.0,0,100,L2,840,14,-0.7588242677289514,-0.7588242677289512,-0.7588242677289514,"[5, 9]","[-5.622883727778221, 3.862805374555711]","[-27.964553260466086, 47.47889716682199]",60,60,0,"[17, 43]"
frozen_legacy,2.0,0,100,L3,840,14,-0.6254341696833638,-0.6254341696833641,-0.6254341696833638,"[4, 10]","[-9.97226762603808, 12.064559058081398]","[-29.03793270325116, 54.437443100695695]",60,60,0,"[25, 35]"
frozen_legacy,2.0,0,100,L4,840,14,-2.2859575257007574,-2.2859575257007574,-2.285957525700758,"[2, 12]","[-6.876217416240639, 0.4477161029155267]","[-23.98669761143647, 14.591144167231226]",60,60,0,"[11, 49]"
frozen_legacy,2.0,0,100,L5,840,14,-0.8747223133268626,-0.8747223133268629,-0.8747223133268626,"[2, 12]","[-9.572668158734016, 3.5749805636220917]","[-23.00440999850669, 42.77671737375141]",60,60,0,"[15, 45]"
frozen_legacy,2.0,0,100,S1,840,14,0.064126862513231,0.06412686251323099,0.06412686251323099,"[8, 6]","[-5.819259180306914, 3.8647676845027887]","[-27.396454366850843, 39.079021718993836]",60,60,0,"[35, 25]"
frozen_legacy,2.0,0,100,S2,840,14,4.775850684826613,4.775850684826613,4.775850684826613,"[12, 2]","[-0.8211689428788728, 17.377026167173266]","[-14.66489392579023, 51.813224393006706]",60,60,0,"[58, 2]"
frozen_legacy,2.0,10,20,L1,840,14,0.016115678558895515,0.016115678558895584,0.016115678558895515,"[7, 7]","[-0.4695287321786849, 0.6895522092925899]","[-4.072485241554134, 6.394999661405293]",60,60,0,"[30, 30]"
frozen_legacy,2.0,10,20,L2,840,14,-0.03168411015839198,-0.03168411015839197,-0.031684110158391995,"[6, 8]","[-0.39476456679056227, 0.28987151460755173]","[-4.789537310038988, 5.304797289857893]",60,60,0,"[30, 30]"
frozen_legacy,2.0,10,20,L3,840,14,-0.325155399532555,-0.32515539953255507,-0.32515539953255507,"[2, 12]","[-1.5712845149586454, 0.18238550110963828]","[-5.5050404860648605, 5.270771153757126]",60,60,0,"[10, 50]"
frozen_legacy,2.0,10,20,L4,840,14,-0.2904067514465001,-0.29040675144650013,-0.2904067514465001,"[1, 13]","[-0.744393325802832, 0.41477255488135323]","[-8.211431546176435, 3.215111319622488]",60,60,0,"[10, 50]"
frozen_legacy,2.0,10,20,L5,840,14,-0.23609875073480158,-0.23609875073480158,-0.23609875073480158,"[2, 12]","[-1.1135198959827548, 0.15905713057323947]","[-3.9050664229475007, 5.658903655673414]",60,60,0,"[12, 48]"
frozen_legacy,2.0,10,20,S1,840,14,0.2929608879953905,0.29296088799539044,0.29296088799539044,"[11, 3]","[-0.6739795698263749, 1.38994269240137]","[-3.5103815584441977, 5.864042482539567]",60,60,0,"[55, 5]"
frozen_legacy,2.0,10,20,S2,840,14,0.5742684453179626,0.5742684453179628,0.5742684453179626,"[12, 2]","[-0.020180167465182103, 1.6918888136797359]","[-2.3465022920227288, 6.356656642997543]",60,60,0,"[59, 1]"
frozen_legacy,2.0,10,100,L1,840,14,-0.23743794269778778,-0.23743794269778773,-0.23743794269778773,"[6, 8]","[-3.5536187981840044, 5.061181408524342]","[-17.914541132256073, 39.57033884905711]",60,60,0,"[28, 32]"
frozen_legacy,2.0,10,100,L2,840,14,-0.640216692041539,-0.640216692041539,-0.6402166920415392,"[6, 8]","[-5.778309768398941, 4.971072540268181]","[-27.672925741241478, 43.83872279525758]",60,60,0,"[19, 41]"
frozen_legacy,2.0,10,100,L3,840,14,-0.3620359944742606,-0.3620359944742606,-0.36203599447426066,"[5, 9]","[-8.852441990199432, 12.222688286835632]","[-27.563052295353636, 52.96959164863135]",60,60,0,"[30, 30]"
frozen_legacy,2.0,10,100,L4,840,14,-2.052357679449024,-2.0523576794490244,-2.0523576794490235,"[2, 12]","[-6.823356325585999, 1.5566016489702224]","[-23.449502083424644, 14.129070676771416]",60,60,0,"[11, 49]"
frozen_legacy,2.0,10,100,L5,840,14,-0.7398315913968383,-0.7398315913968385,-0.7398315913968384,"[2, 12]","[-8.921484651938963, 3.4640608627853022]","[-22.109381602011403, 41.42198790030794]",60,60,0,"[16, 44]"
frozen_legacy,2.0,10,100,S1,840,14,-0.27893873160321364,-0.27893873160321375,-0.2789387316032137,"[8, 6]","[-5.381064774288232, 3.4760694919300845]","[-26.863458460154177, 38.774097046350796]",60,60,0,"[33, 27]"
frozen_legacy,2.0,10,100,S2,840,14,4.310818631662663,4.310818631662663,4.310818631662663,"[12, 2]","[-0.912434234804289, 16.15760651400032]","[-14.087775085671773, 49.9227676867973]",60,60,0,"[57, 3]"
frozen_legacy,2.0,20,100,L1,840,14,-0.2535536212566832,-0.2535536212566833,-0.2535536212566833,"[6, 8]","[-3.08409006600532, 4.630139551877456]","[-18.126444566776268, 34.28803099963783]",60,60,0,"[27, 33]"
frozen_legacy,2.0,20,100,L2,840,14,-0.6085325818831472,-0.6085325818831472,-0.6085325818831473,"[6, 8]","[-5.869041512728368, 5.365837107058745]","[-27.22602795859385, 39.14697863627476]",60,60,0,"[21, 39]"
frozen_legacy,2.0,20,100,L3,840,14,-0.03688059494170593,-0.03688059494170604,-0.03688059494170568,"[5, 9]","[-7.2811574752407875, 12.040302785725988]","[-24.2979344348547, 50.66941895200101]",60,60,0,"[33, 27]"
frozen_legacy,2.0,20,100,L4,840,14,-1.761950928002524,-1.761950928002524,-1.761950928002524,"[2, 12]","[-6.3341925596994555, 2.3009949747730554]","[-22.646096071603676, 14.754646717333333]",60,60,0,"[11, 49]"
frozen_legacy,2.0,20,100,L5,840,14,-0.5037328406620369,-0.5037328406620369,-0.5037328406620369,"[4, 10]","[-7.807964755956205, 3.3350802613575996]","[-20.7701230528954, 40.46033719584]",60,60,0,"[25, 35]"
frozen_legacy,2.0,20,100,S1,840,14,-0.5718996195986039,-0.5718996195986042,-0.571899619598604,"[8, 6]","[-4.7070852044618565, 2.948439251217687]","[-25.884527407997805, 35.105188146636166]",60,60,0,"[26, 34]"
frozen_legacy,2.0,20,100,S2,840,14,3.7365501863447013,3.7365501863447004,3.7365501863447004,"[12, 2]","[-0.8922540673391066, 14.465717700320582]","[-14.965637778615335, 46.39817417718729]",60,60,0,"[56, 4]"
frozen_legacy,5.0,0,10,L1,840,14,-0.16335472412984153,-0.16335472412984164,-0.16335472412984153,"[7, 7]","[-3.016623058846534, 1.230937944093855]","[-8.590744597800526, 4.66626010678324]",60,60,0,"[16, 44]"
frozen_legacy,5.0,0,10,L2,840,14,-0.11939010428141708,-0.11939010428141703,-0.11939010428141707,"[8, 6]","[-2.3861984164718413, 1.5511627805027157]","[-5.248569236450123, 6.743218681315624]",60,60,0,"[22, 38]"
frozen_legacy,5.0,0,10,L3,840,14,-0.3677374103135302,-0.3677374103135301,-0.3677374103135302,"[5, 9]","[-2.2578672691147164, 0.5930731079871101]","[-4.535688720046976, 3.335949138836308]",60,60,0,"[6, 54]"
frozen_legacy,5.0,0,10,L4,840,14,-0.17860466910424194,-0.17860466910424191,-0.178604669104242,"[4, 10]","[-0.9356008655679704, 0.9487879827430222]","[-5.499815381643866, 3.1458313814023837]",60,60,0,"[14, 46]"
frozen_legacy,5.0,0,10,L5,840,14,-0.00050018029706278,-0.0005001802970627998,-0.00050018029706278,"[5, 9]","[-0.3581003024543094, 0.47126205149466727]","[-4.209242957456843, 3.516197650431768]",60,60,0,"[34, 26]"
frozen_legacy,5.0,0,10,S1,840,14,0.48862659626251764,0.4886265962625175,0.4886265962625176,"[13, 1]","[-0.7174509526289435, 1.6090045887390394]","[-4.327587896605695, 7.597726383910403]",60,60,0,"[59, 1]"
frozen_legacy,5.0,0,10,S2,840,14,0.3409604918635757,0.3409604918635757,0.34096049186357563,"[12, 2]","[-0.46012326595465164, 0.9398402105061179]","[-2.9424950051243517, 5.104589727531445]",60,60,0,"[59, 1]"
frozen_legacy,5.0,0,20,L1,840,14,0.092037867745134,0.09203786774513402,0.09203786774513385,"[11, 3]","[-5.654417847618288, 2.580751456217782]","[-19.171126343334397, 10.20773917457418]",60,60,0,"[35, 25]"
frozen_legacy,5.0,0,20,L2,840,14,-0.055630929057850186,-0.05563092905785012,-0.0556309290578502,"[7, 7]","[-5.484276082210171, 3.0764212474932227]","[-9.41858670167425, 14.547823826402531]",60,60,0,"[31, 29]"
frozen_legacy,5.0,0,20,L3,840,14,-0.8702485780104914,-0.8702485780104914,-0.8702485780104914,"[5, 9]","[-4.750913952420844, 1.1466313211046397]","[-9.297025993284663, 6.328377355329218]",60,60,0,"[6, 54]"
frozen_legacy,5.0,0,20,L4,840,14,-0.47933582851947343,-0.47933582851947354,-0.47933582851947343,"[4, 10]","[-1.512576329010388, 1.9437233387255504]","[-10.605808808119397, 5.691331151301264]",60,60,0,"[17, 43]"
frozen_legacy,5.0,0,20,L5,840,14,-0.21044064920790864,-0.21044064920790867,-0.21044064920790867,"[4, 10]","[-1.0475720422350325, 1.2734617865079494]","[-8.969987179416073, 6.838732002522874]",60,60,0,"[27, 33]"
frozen_legacy,5.0,0,20,S1,840,14,0.8861084391946401,0.8861084391946401,0.8861084391946404,"[13, 1]","[-1.6485109210793172, 3.5681491538297716]","[-9.856085507372935, 15.346719100370537]",60,60,0,"[60, 0]"
frozen_legacy,5.0,0,20,S2,840,14,0.6375096778559491,0.6375096778559494,0.6375096778559493,"[13, 1]","[-1.6876306272490829, 2.07552336456027]","[-6.749897455835657, 10.347909588385413]",60,60,0,"[58, 2]"
frozen_legacy,5.0,0,100,L1,840,14,-1.105099485521535,-1.105099485521535,-1.105099485521535,"[5, 9]","[-6.185558587532333, 3.819183968074554]","[-23.843770663692844, 29.776472218741006]",60,60,0,"[15, 45]"
frozen_legacy,5.0,0,100,L2,840,14,-1.8435491674450313,-1.8435491674450306,-1.843549167445031,"[2, 12]","[-13.919316060439629, 5.649934781404606]","[-31.92562724269908, 32.91483165408778]",60,60,0,"[6, 54]"
frozen_legacy,5.0,0,100,L3,840,14,-1.2158807404512832,-1.2158807404512835,-1.2158807404512835,"[5, 9]","[-14.594393294402114, 12.804900881249676]","[-34.670533310969134, 39.389522288870126]",60,60,0,"[12, 48]"
frozen_legacy,5.0,0,100,L4,840,14,-4.0033799664285175,-4.0033799664285175,-4.0033799664285175,"[2, 12]","[-13.7888038387143, 1.8812613856204432]","[-37.07781410396204, 12.971854596672433]",60,60,0,"[5, 55]"
frozen_legacy,5.0,0,100,L5,840,14,-0.5367704060182944,-0.5367704060182944,-0.5367704060182944,"[7, 7]","[-9.697989625132548, 3.3534312006342866]","[-24.103431490856973, 32.373515212284765]",60,60,0,"[20, 40]"
frozen_legacy,5.0,0,100,S1,840,14,2.305536278872463,2.3055362788724634,2.3055362788724625,"[11, 3]","[-9.683315382049223, 7.663662265414035]","[-26.94907368954199, 26.727034559709566]",60,60,0,"[50, 10]"
frozen_legacy,5.0,0,100,S2,840,14,6.3991434869922,6.3991434869922,6.399143486992198,"[13, 1]","[-1.9228980560778997, 15.493194014895456]","[-19.485610701565033, 47.417590222671244]",60,60,0,"[60, 0]"
frozen_legacy,5.0,10,20,L1,840,14,0.25539259187497537,0.2553925918749754,0.2553925918749754,"[12, 2]","[-2.6377947887717563, 1.3498135121239263]","[-11.04716839397602, 5.541479067790939]",60,60,0,"[45, 15]"
frozen_legacy,5.0,10,20,L2,840,14,0.0637591752235669,0.06375917522356689,0.06375917522356687,"[10, 4]","[-3.0980776657383293, 1.525258466990507]","[-5.184952781869365, 7.8046051450869065]",60,60,0,"[36, 24]"
frozen_legacy,5.0,10,20,L3,840,14,-0.5025111676969612,-0.5025111676969612,-0.5025111676969614,"[4, 10]","[-2.493046683306128, 0.5535582131175294]","[-5.439980847179848, 3.666418266294097]",60,60,0,"[5, 55]"
frozen_legacy,5.0,10,20,L4,840,14,-0.3007311594152315,-0.30073115941523143,-0.3007311594152315,"[3, 11]","[-0.9350835955923915, 0.9949353559825281]","[-5.850142782556139, 3.4000284514660306]",60,60,0,"[18, 42]"
frozen_legacy,5.0,10,20,L5,840,14,-0.20994046891084586,-0.20994046891084586,-0.20994046891084586,"[3, 11]","[-0.8468391072717639, 0.8021997350132825]","[-5.580801597254292, 4.49508910576073]",60,60,0,"[20, 40]"
frozen_legacy,5.0,10,20,S1,840,14,0.3974818429321226,0.3974818429321226,0.3974818429321226,"[13, 1]","[-0.9310599684503732, 1.959144565090732]","[-5.528497610767241, 7.748992716460135]",60,60,0,"[57, 3]"
frozen_legacy,5.0,10,20,S2,840,14,0.2965491859923735,0.29654918599237345,0.2965491859923735,"[11, 3]","[-1.2275073612944314, 1.2001873284913045]","[-3.807402450711306, 5.342165079063388]",60,60,0,"[55, 5]"
frozen_legacy,5.0,10,100,L1,840,14,-0.9417447613916937,-0.9417447613916937,-0.9417447613916935,"[5, 9]","[-4.119730191892678, 4.189352131019231]","[-16.102082532313112, 28.088093801258907]",60,60,0,"[20, 40]"
frozen_legacy,5.0,10,100,L2,840,14,-1.7241590631636143,-1.7241590631636141,-1.7241590631636141,"[3, 11]","[-14.088842803085367, 8.036133197876444]","[-32.26981953878864, 34.05592249626589]",60,60,0,"[7, 53]"
frozen_legacy,5.0,10,100,L3,840,14,-0.8481433301377534,-0.8481433301377527,-0.8481433301377534,"[5, 9]","[-13.275081791822076, 15.062768150364395]","[-30.82660418246007, 41.78045325953392]",60,60,0,"[15, 45]"
frozen_legacy,5.0,10,100,L4,840,14,-3.8247752973242752,-3.8247752973242766,-3.824775297324276,"[1, 13]","[-13.569758218667086, 1.9788390930065247]","[-35.89924549993217, 11.860097784884074]",60,60,0,"[5, 55]"
frozen_legacy,5.0,10,100,L5,840,14,-0.5362702257212317,-0.5362702257212314,-0.5362702257212315,"[8, 6]","[-10.169251676627216, 3.108598356838598]","[-23.51317385367912, 31.8083899537819]",60,60,0,"[18, 42]"
frozen_legacy,5.0,10,100,S1,840,14,1.8169096826099451,1.8169096826099445,1.8169096826099456,"[10, 4]","[-10.437252098340938, 7.50186047557046]","[-27.617508681342173, 27.892008430056357]",60,60,0,"[44, 16]"
frozen_legacy,5.0,10,100,S2,840,14,6.0581829951286235,6.0581829951286235,6.0581829951286235,"[13, 1]","[-1.4627747901232482, 14.617857978826482]","[-17.62512999916019, 44.222181932789404]",60,60,0,"[60, 0]"
frozen_legacy,5.0,20,100,L1,840,14,-1.1971373532666691,-1.1971373532666691,-1.1971373532666691,"[5, 9]","[-4.437699712943651, 3.795033925357763]","[-16.710366535009026, 26.34937564899427]",60,60,0,"[15, 45]"
frozen_legacy,5.0,20,100,L2,840,14,-1.7879182383871806,-1.787918238387181,-1.7879182383871812,"[3, 11]","[-13.913817398673208, 11.134210863614776]","[-32.69241014568438, 30.861994040228712]",60,60,0,"[7, 53]"
frozen_legacy,5.0,20,100,L3,840,14,-0.3456321624407921,-0.34563216244079187,-0.34563216244079215,"[5, 9]","[-11.133274441423127, 17.55581483367052]","[-25.444352638237245, 44.00272194783543]",60,60,0,"[28, 32]"
frozen_legacy,5.0,20,100,L4,840,14,-3.5240441379090446,-3.5240441379090446,-3.5240441379090446,"[1, 13]","[-12.974194892481503, 2.030575520002079]","[-34.20554130597485, 11.519899266691827]",60,60,0,"[2, 58]"
frozen_legacy,5.0,20,100,L5,840,14,-0.3263297568103857,-0.3263297568103854,-0.3263297568103858,"[9, 5]","[-10.971451411640496, 3.2358046310854665]","[-21.1384414381475, 27.31330084802117]",60,60,0,"[22, 38]"
frozen_legacy,5.0,20,100,S1,840,14,1.419427839677823,1.4194278396778222,1.419427839677823,"[10, 4]","[-10.475231440225597, 7.330563405297126]","[-28.19101279037661, 29.153190853063016]",60,60,0,"[40, 20]"
frozen_legacy,5.0,20,100,S2,840,14,5.76163380913625,5.761633809136251,5.76163380913625,"[13, 1]","[-0.23526742882881685, 13.417670650335179]","[-14.257029669513319, 42.80286316472819]",60,60,0,"[60, 0]"
frozen_legacy,10.0,0,10,L1,780,13,0.28029531189504564,0.2802953118950458,,"[8, 5]","[-3.002455835776562, 1.9061477191079184]","[-8.65042449463133, 5.454751381038149]",0,60,60,"[0, 0]"
frozen_legacy,10.0,0,10,L2,780,13,-0.3116835372663275,-0.3116835372663276,,"[6, 7]","[-2.2560079240142494, 1.070008730832382]","[-4.023003891637855, 4.419494997068122]",0,60,60,"[0, 0]"
frozen_legacy,10.0,0,10,L3,780,13,-0.3090248283097436,-0.30902482830974376,,"[4, 9]","[-2.1593654286496142, 0.9893316467145282]","[-4.28627835100428, 3.732179684081252]",0,60,60,"[0, 0]"
frozen_legacy,10.0,0,10,L4,780,13,-0.06853302811053051,-0.06853302811053051,,"[6, 7]","[-1.626909838139173, 1.4190588206264918]","[-3.9747314158668807, 2.9120543691460554]",0,60,60,"[0, 0]"
frozen_legacy,10.0,0,10,L5,780,13,-0.04957315213972158,-0.049573152139721535,,"[5, 8]","[-1.0750195060305627, 0.8711095459238453]","[-2.7533509047183657, 2.5605777645693566]",0,60,60,"[0, 0]"
frozen_legacy,10.0,0,10,S1,780,13,0.29558579594143686,0.2955857959414369,,"[9, 4]","[-0.3454240182483479, 1.5426589242193045]","[-2.6241139993944644, 3.812947633178215]",0,60,60,"[0, 0]"
frozen_legacy,10.0,0,10,S2,780,13,0.16293343798984067,0.16293343798984067,,"[11, 2]","[-0.47268723120180434, 0.5414987255723998]","[-1.8685263319253465, 2.930782700206258]",0,60,60,"[0, 0]"
frozen_legacy,10.0,0,20,L1,780,13,1.2141664881808851,1.2141664881808856,,"[10, 3]","[-6.011689672664524, 4.370066401987842]","[-19.973257955494606, 11.115889906458404]",0,60,60,"[0, 0]"
frozen_legacy,10.0,0,20,L2,780,13,-0.2113787156498061,-0.21137871564980626,,"[9, 4]","[-5.447516268383461, 2.1890109303445033]","[-7.447340485274589, 10.202124403433016]",0,60,60,"[0, 0]"
frozen_legacy,10.0,0,20,L3,780,13,-0.8893062768060758,-0.8893062768060754,,"[4, 9]","[-5.284925504749283, 1.0416451857604057]","[-6.450763062742346, 6.039504024323096]",0,60,60,"[0, 0]"
frozen_legacy,10.0,0,20,L4,780,13,-0.299913630339149,-0.299913630339149,,"[5, 8]","[-2.0580444397079067, 2.1811097189626825]","[-7.291710436169113, 4.752641719491907]",0,60,60,"[0, 0]"
frozen_legacy,10.0,0,20,L5,780,13,-0.467411030703266,-0.46741103070326584,,"[3, 10]","[-2.3497068247985164, 1.7692830109702165]","[-5.967030562705506, 4.1364323180489295]",0,60,60,"[0, 0]"
frozen_legacy,10.0,0,20,S1,780,13,0.44435198422706024,0.44435198422706024,,"[9, 4]","[-0.7496131052615023, 3.6861676890722297]","[-4.706361426982017, 8.075469687464537]",0,60,60,"[0, 0]"
frozen_legacy,10.0,0,20,S2,780,13,0.20949118109035159,0.20949118109035164,,"[7, 6]","[-0.8295695728243137, 1.3729409101897223]","[-3.4171613458893204, 6.975576803779027]",0,60,60,"[0, 0]"
frozen_legacy,10.0,0,100,L1,780,13,-1.778225961391404,-1.7782259613914033,,"[1, 12]","[-5.485426370422044, 6.0802685331274375]","[-18.161256759407312, 24.767236253064922]",0,60,60,"[0, 0]"
frozen_legacy,10.0,0,100,L2,780,13,-2.778452146154998,-2.7784521461549985,,"[2, 11]","[-11.574082946475793, 7.060108306109108]","[-22.705082416853433, 21.375184289558486]",0,60,60,"[0, 0]"
frozen_legacy,10.0,0,100,L3,780,13,-2.223709797607883,-2.223709797607882,,"[3, 10]","[-11.068418383225973, 9.461066739473663]","[-20.22697491054568, 21.056688606747453]",0,60,60,"[0, 0]"
frozen_legacy,10.0,0,100,L4,780,13,-2.7241880521130515,-2.7241880521130515,,"[4, 9]","[-8.012936255383377, 3.841664871619519]","[-20.07899141779091, 10.6653035343329]",0,60,60,"[0, 0]"
frozen_legacy,10.0,0,100,L5,780,13,0.15664695772920273,0.1566469577292024,,"[8, 5]","[-8.842559266284054, 4.632503301544501]","[-22.760192224761038, 22.389224662774737]",0,60,60,"[0, 0]"
frozen_legacy,10.0,0,100,S1,780,13,3.508666952307718,3.5086669523077174,,"[10, 3]","[-3.7067468141473596, 8.07376725107619]","[-18.305400787390795, 24.111642747913645]",0,60,60,"[0, 0]"
frozen_legacy,10.0,0,100,S2,780,13,5.839262047230416,5.839262047230416,,"[13, 0]","[0.8119850463785663, 14.571969602602069]","[-9.735998364969623, 40.420548822030874]",0,60,60,"[0, 0]"
frozen_legacy,10.0,10,20,L1,780,13,0.9338711762858396,0.9338711762858397,,"[12, 1]","[-3.5706564519577655, 2.4639186828799247]","[-11.322833460863274, 5.6894742217946295]",0,60,60,"[0, 0]"
frozen_legacy,10.0,10,20,L2,780,13,0.10030482161652134,0.10030482161652134,,"[10, 3]","[-3.1915083443692107, 1.11900219951212]","[-4.239839411720793, 5.782629406364895]",0,60,60,"[0, 0]"
frozen_legacy,10.0,10,20,L3,780,13,-0.5802814484963319,-0.5802814484963322,,"[5, 8]","[-3.125560076099671, 0.5630572914428618]","[-4.079965236664046, 2.920703446684836]",0,60,60,"[0, 0]"
frozen_legacy,10.0,10,20,L4,780,13,-0.2313806022286185,-0.23138060222861853,,"[4, 9]","[-1.2527421830116987, 1.1947714550584692]","[-4.476957085774111, 2.8113540145474265]",0,60,60,"[0, 0]"
frozen_legacy,10.0,10,20,L5,780,13,-0.41783787856354454,-0.4178378785635445,,"[2, 11]","[-1.2927250402969426, 1.0527421372570651]","[-4.506109183044926, 2.3764528887357415]",0,60,60,"[0, 0]"
frozen_legacy,10.0,10,20,S1,780,13,0.14876618828562332,0.14876618828562327,,"[6, 7]","[-0.462393713376636, 2.143508764852925]","[-2.8737604484141865, 4.262522054286322]",0,60,60,"[0, 0]"
frozen_legacy,10.0,10,20,S2,780,13,0.0465577431005109,0.0465577431005109,,"[6, 7]","[-0.5125945921877257, 0.8705286926788439]","[-2.2300703249031746, 4.044794103572769]",0,60,60,"[0, 0]"
frozen_legacy,10.0,10,100,L1,780,13,-2.058521273286449,-2.0585212732864497,,"[1, 12]","[-4.564517233173989, 4.174120814019518]","[-11.862413440725236, 20.557627653962424]",0,60,60,"[0, 0]"
frozen_legacy,10.0,10,100,L2,780,13,-2.4667686088886707,-2.4667686088886707,,"[4, 9]","[-10.683223401387368, 9.316116230123361]","[-21.35060013422731, 19.111508968661447]",0,60,60,"[0, 0]"
frozen_legacy,10.0,10,100,L3,780,13,-1.9146849692981391,-1.9146849692981391,,"[4, 9]","[-10.733736799874489, 11.620432168123273]","[-20.605823710517456, 22.92247288639768]",0,60,60,"[0, 0]"
frozen_legacy,10.0,10,100,L4,780,13,-2.655655024002521,-2.655655024002521,,"[4, 9]","[-8.999274519287589, 3.814005403758906]","[-19.31942286986533, 10.099569662331302]",0,60,60,"[0, 0]"
frozen_legacy,10.0,10,100,L5,780,13,0.20622010986892417,0.206220109868924,,"[8, 5]","[-9.559100139997204, 4.712966140411312]","[-20.491715936179105, 23.917811073414175]",0,60,60,"[0, 0]"
frozen_legacy,10.0,10,100,S1,780,13,3.213081156366281,3.213081156366281,,"[10, 3]","[-5.249405738366663, 8.034048193128944]","[-19.483576451082293, 22.08958465054535]",0,60,60,"[0, 0]"
frozen_legacy,10.0,10,100,S2,780,13,5.676328609240575,5.676328609240574,,"[13, 0]","[0.6546485897071513, 14.098424902615267]","[-10.7356606450431, 39.47298170507212]",0,60,60,"[0, 0]"
frozen_legacy,10.0,20,100,L1,780,13,-2.992392449572289,-2.992392449572288,,"[2, 11]","[-6.372058637528502, 1.78658404971127]","[-14.083507370902758, 15.861521327758979]",0,60,60,"[0, 0]"
frozen_legacy,10.0,20,100,L2,780,13,-2.5670734305051917,-2.5670734305051917,,"[4, 9]","[-10.563966265868176, 12.507624574492574]","[-19.55650001408258, 23.19526101474632]",0,60,60,"[0, 0]"
frozen_legacy,10.0,20,100,L3,780,13,-1.3344035208018068,-1.3344035208018068,,"[6, 7]","[-9.550269017461762, 14.745992244222947]","[-19.34556188286832, 24.741944177169383]",0,60,60,"[0, 0]"
frozen_legacy,10.0,20,100,L4,780,13,-2.4242744217739025,-2.424274421773903,,"[5, 8]","[-10.194045974346059, 3.9462212983271705]","[-18.559616842469197, 10.389586805108616]",0,60,60,"[0, 0]"
frozen_legacy,10.0,20,100,L5,780,13,0.6240579884324687,0.6240579884324688,,"[9, 4]","[-10.611842277254269, 4.946912275145428]","[-17.83570728817677, 25.93302822631279]",0,60,60,"[0, 0]"
frozen_legacy,10.0,20,100,S1,780,13,3.0643149680806574,3.0643149680806583,,"[10, 3]","[-7.392914503219589, 7.86989401540203]","[-18.65260122520276, 20.862849565404794]",0,60,60,"[0, 0]"
frozen_legacy,10.0,20,100,S2,780,13,5.629770866140063,5.629770866140063,,"[13, 0]","[0.558636241170129, 13.227896209936423]","[-11.043350030587384, 37.736882296689]",0,60,60,"[0, 0]"
p1_complete_0.5mm,all,0,10,L1,2460,14,0.6514151700381969,0.653360526023651,0.19632461417915764,"[13, 1]","[-3.1082349813060564, 1.7747481289157412]","[-10.558195332230541, 7.218667884137442]",120,180,60,"[85, 35]"
p1_complete_0.5mm,all,0,10,L2,2460,14,0.20868870244918541,0.18942973550993528,0.0705875969433099,"[10, 4]","[-2.2788318520563777, 1.1815239024063884]","[-3.89848619450191, 6.560770975942648]",120,180,60,"[73, 47]"
p1_complete_0.5mm,all,0,10,L3,2460,14,-0.12053611896816867,-0.11651819450179794,-0.117072682579787,"[8, 6]","[-1.7800908716901955, 0.9159500517032015]","[-5.763298416619872, 4.431948125677065]",120,180,60,"[33, 87]"
p1_complete_0.5mm,all,0,10,L4,2460,14,-0.03920688772363947,-0.0488585582176176,0.08751348562938382,"[5, 9]","[-0.48439912761969156, 0.9447067534123057]","[-4.934862881425802, 3.0945845002620875]",120,180,60,"[82, 38]"
p1_complete_0.5mm,all,0,10,L5,2460,14,-0.29682600803179665,-0.2850593329996359,-0.16758417383162702,"[5, 9]","[-1.1720116241435667, 0.5183221370029801]","[-5.695327712282239, 2.1839803112544742]",120,180,60,"[24, 96]"
p1_complete_0.5mm,all,0,10,S1,2460,14,-0.2561900353308674,-0.24855279724544194,-0.11055883974231055,"[4, 10]","[-1.0947889526714338, 1.4273208062168605]","[-5.107200428470826, 4.717756624112601]",120,180,60,"[35, 85]"
p1_complete_0.5mm,all,0,10,S2,2460,14,-0.14734482243291044,-0.14380137856909314,0.040789999401873105,"[4, 10]","[-0.8083413215065175, 0.7366639603359203]","[-4.117159277978249, 5.690088086059636]",120,180,60,"[64, 56]"
p1_complete_0.5mm,all,0,20,L1,2460,14,1.157951549274822,1.17176214936477,0.36297354127944587,"[13, 1]","[-7.463852783990697, 3.662170422329842]","[-22.775477777335755, 13.945071191489525]",120,180,60,"[86, 34]"
p1_complete_0.5mm,all,0,20,L2,2460,14,0.2885569261553757,0.2506986718574272,0.038373121604557144,"[11, 3]","[-5.141104839446847, 2.1670511036591935]","[-7.934868024209124, 11.185222711179991]",120,180,60,"[61, 59]"
p1_complete_0.5mm,all,0,20,L3,2460,14,-0.28262466940470216,-0.2681245020189435,-0.3018443654725808,"[8, 6]","[-3.844933297121115, 1.8202464494466992]","[-12.240893050483153, 9.262806719034373]",120,180,60,"[22, 98]"
p1_complete_0.5mm,all,0,20,L4,2460,14,-0.05386367046082085,-0.08464611992690238,0.16773070524050604,"[5, 9]","[-1.346726548036253, 1.7879957466548149]","[-8.073995420763447, 5.5254959598508515]",120,180,60,"[79, 41]"
p1_complete_0.5mm,all,0,20,L5,2460,14,-0.5141486659361688,-0.4915093346935723,-0.25792526961497464,"[5, 9]","[-2.4571309702956388, 1.2052769227208746]","[-11.221033927104518, 5.53998891741247]",120,180,60,"[31, 89]"
p1_complete_0.5mm,all,0,20,S1,2460,14,-0.4462180253530181,-0.43244885303591113,-0.23233548916942243,"[5, 9]","[-2.5767352559499703, 3.2644148527677532]","[-11.179482416500408, 10.268322462132751]",120,180,60,"[34, 86]"
p1_complete_0.5mm,all,0,20,S2,2460,14,-0.14965344427548835,-0.14573201154686896,0.22302775613246853,"[6, 8]","[-1.3749641246066666, 1.805997505389851]","[-7.728111265572365, 11.835669706557844]",120,180,60,"[70, 50]"
p1_complete_0.5mm,all,0,100,L1,2460,14,-2.445247219343684,-2.2935461911051167,-1.3830990328103259,"[4, 10]","[-9.912072917797216, 3.9261959666761137]","[-31.339758643013433, 30.82930026535104]",120,180,60,"[38, 82]"
p1_complete_0.5mm,all,0,100,L2,2460,14,-2.8297655773716475,-3.2623395059202682,-3.51655024003955,"[3, 11]","[-20.99787057641378, 6.809951703486612]","[-52.17435019936409, 35.60903538184432]",120,180,60,"[6, 114]"
p1_complete_0.5mm,all,0,100,L3,2460,14,0.2272788143515394,0.39414001476006744,0.45936702760867815,"[5, 9]","[-12.361384973002783, 11.039840496411623]","[-37.46567891593898, 45.93590480908142]",120,180,60,"[82, 38]"
p1_complete_0.5mm,all,0,100,L4,2460,14,-0.8572024391482179,-1.1737902447686692,-1.448674692365118,"[7, 7]","[-14.15389027520719, 3.002611834813908]","[-45.52655270003099, 14.456657706261499]",120,180,60,"[44, 76]"
p1_complete_0.5mm,all,0,100,L5,2460,14,1.2454802223789108,1.3528715481237539,1.3730265645980277,"[11, 3]","[-9.589213750339168, 5.7559159036623315]","[-37.44617535114326, 37.210703102031246]",120,180,60,"[105, 15]"
p1_complete_0.5mm,all,0,100,S1,2460,14,-0.7223797150858152,-0.5043750512559417,-1.3571829015574217,"[7, 7]","[-11.199286265401213, 8.433816165768862]","[-39.91759162557445, 27.896783345315164]",120,180,60,"[40, 80]"
p1_complete_0.5mm,all,0,100,S2,2460,14,5.381835914218915,5.487039430166178,5.873113274565709,"[14, 0]","[0.032655284748339966, 13.33218812356499]","[-24.293281562233208, 45.73469556887396]",120,180,60,"[120, 0]"
p1_complete_0.5mm,all,10,20,L1,2460,14,0.5065363792366248,0.5184016233411192,0.16664892710028814,"[13, 1]","[-4.355617802684646, 1.8874222934141056]","[-13.14933136413633, 6.84877386773704]",120,180,60,"[78, 42]"
p1_complete_0.5mm,all,10,20,L2,2460,14,0.07986822370619041,0.06126893634749197,-0.03221447533875274,"[10, 4]","[-2.8622729873904666, 0.9855272012528045]","[-4.586839448913962, 6.474114682135437]",120,180,60,"[52, 68]"
p1_complete_0.5mm,all,10,20,L3,2460,14,-0.1620885504365335,-0.15160630751714543,-0.1847716828927938,"[8, 6]","[-2.064842425430921, 0.9042963977434979]","[-6.477594633863282, 4.8308585933573065]",120,180,60,"[21, 99]"
p1_complete_0.5mm,all,10,20,L4,2460,14,-0.014656782737181356,-0.035787561709284876,0.08021721961112219,"[6, 8]","[-0.9021494995655299, 0.8432889932425077]","[-4.932315743052734, 2.6197942365575573]",120,180,60,"[73, 47]"
p1_complete_0.5mm,all,10,20,L5,2460,14,-0.21732265790437216,-0.20645000169393635,-0.0903410957833476,"[5, 9]","[-1.2851193461520727, 0.6869547857178955]","[-6.565401234396218, 3.5863654391335986]",120,180,60,"[39, 81]"
p1_complete_0.5mm,all,10,20,S1,2460,14,-0.1900279900221506,-0.18389605579046917,-0.12177664942711185,"[5, 9]","[-1.4819463032785374, 1.8370940465508943]","[-6.215997077960478, 5.55056583802015]",120,180,60,"[31, 89]"
p1_complete_0.5mm,all,10,20,S2,2460,14,-0.0023086218425779166,-0.0019306329777757515,0.18223775673059547,"[7, 7]","[-0.6909001447193936, 1.0693335450539314]","[-3.6524026681799744, 6.189763548309174]",120,180,60,"[77, 43]"
p1_complete_0.5mm,all,10,100,L1,2460,14,-3.0966623893818808,-2.946906717128769,-1.5794236469894836,"[1, 13]","[-7.290135931953692, 3.1930758452488472]","[-21.997957131716987, 27.827717475905178]",120,180,60,"[37, 83]"
p1_complete_0.5mm,all,10,100,L2,2460,14,-3.0384542798208325,-3.451769241430205,-3.5871378369828593,"[3, 11]","[-20.39768266741447, 9.088783555542985]","[-52.76191137209179, 35.46297986041848]",120,180,60,"[6, 114]"
p1_complete_0.5mm,all,10,100,L3,2460,14,0.3478149333197078,0.5106582092618649,0.576439710188465,"[5, 9]","[-10.921701397242265, 12.819931368101814]","[-35.173308776872844, 44.249356472416636]",120,180,60,"[85, 35]"
p1_complete_0.5mm,all,10,100,L4,2460,14,-0.8179955514245787,-1.1249316865510521,-1.5361881779945017,"[7, 7]","[-13.70931322673647, 3.017066244470936]","[-45.56658010195746, 14.694307592413077]",120,180,60,"[43, 77]"
p1_complete_0.5mm,all,10,100,L5,2460,14,1.5423062304107076,1.63793088112339,1.5406107384296546,"[13, 1]","[-10.107535887342147, 5.558541560343376]","[-33.86643609261878, 35.05401591583098]",120,180,60,"[109, 11]"
p1_complete_0.5mm,all,10,100,S1,2460,14,-0.4661896797549479,-0.2558222540105,-1.2466240618151112,"[7, 7]","[-10.2832485409403, 8.369242201511867]","[-36.750993352332024, 26.0851289118813]",120,180,60,"[41, 79]"
p1_complete_0.5mm,all,10,100,S2,2460,14,5.529180736651824,5.630840808735271,5.832323275163835,"[14, 0]","[0.07301182091218697, 12.595524163229083]","[-22.961131470936678, 42.0806077288562]",120,180,60,"[120, 0]"
p1_complete_0.5mm,all,20,100,L1,2460,14,-3.603198768618506,-3.465308340469887,-1.7460725740897711,"[1, 13]","[-8.514765508872282, 2.188199213623458]","[-18.668918332065218, 25.45254707189415]",120,180,60,"[33, 87]"
p1_complete_0.5mm,all,20,100,L2,2460,14,-3.1183225035270232,-3.5130381777776982,-3.5549233616441063,"[2, 12]","[-19.696380822055335, 11.95105654293345]","[-51.25805610967213, 32.71969246733769]",120,180,60,"[7, 113]"
p1_complete_0.5mm,all,20,100,L3,2460,14,0.5099034837562413,0.6622645167790104,0.7612113930812587,"[5, 9]","[-8.900699337761768, 14.88477379353274]","[-30.62731351694582, 42.90129414092353]",120,180,60,"[91, 29]"
p1_complete_0.5mm,all,20,100,L4,2460,14,-0.8033387686873972,-1.0891441248417673,-1.6164053976056236,"[7, 7]","[-12.807163727170934, 3.4691121107304803]","[-46.09678800070918, 14.792024885218616]",120,180,60,"[40, 80]"
p1_complete_0.5mm,all,20,100,L5,2460,14,1.7596288883150797,1.8443808828173258,1.6309518342130025,"[13, 1]","[-10.794490673060043, 5.319212657409443]","[-29.50453920840713, 31.746118671048677]",120,180,60,"[114, 6]"
p1_complete_0.5mm,all,20,100,S1,2460,14,-0.27616168973279737,-0.0719261982200308,-1.1248474123879997,"[7, 7]","[-9.200496951952596, 8.301728953803389]","[-36.96773526473603, 24.342199883315963]",120,180,60,"[41, 79]"
p1_complete_0.5mm,all,20,100,S2,2460,14,5.531489358494402,5.632771441713047,5.650085518433241,"[14, 0]","[0.007670209188574124, 11.526190618175145]","[-21.76608882932625, 37.110119242098996]",120,180,60,"[120, 0]"
p1_complete_0.5mm,2.0,0,10,L1,840,14,0.20403728582670455,0.20403728582670463,0.20403728582670458,"[12, 2]","[-2.8553402179467757, 1.046113089641475]","[-7.378045239575959, 6.1534997223520405]",60,60,0,"[44, 16]"
p1_complete_0.5mm,2.0,0,10,L2,840,14,-0.047504587553196455,-0.04750458755319643,-0.047504587553196476,"[8, 6]","[-1.8736618806676004, 0.5142297397146309]","[-3.89848619450191, 4.886023769311682]",60,60,0,"[25, 35]"
p1_complete_0.5mm,2.0,0,10,L3,840,14,-0.17487771061988053,-0.17487771061988056,-0.17487771061988056,"[6, 8]","[-1.63951060420659, 0.5937490691461574]","[-5.763298416619872, 4.431948125677065]",60,60,0,"[10, 50]"
p1_complete_0.5mm,2.0,0,10,L4,840,14,-0.01475698805205119,-0.014756988052051214,-0.014756988052051185,"[7, 7]","[-0.7988551550867707, 0.7825450560111311]","[-4.934862881425802, 3.0945845002620875]",60,60,0,"[36, 24]"
p1_complete_0.5mm,2.0,0,10,L5,840,14,-0.10170138569118585,-0.10170138569118584,-0.10170138569118585,"[7, 7]","[-1.1043466196545277, 0.4271830848871402]","[-3.4606619669204974, 2.1839803112544742]",60,60,0,"[19, 41]"
p1_complete_0.5mm,2.0,0,10,S1,840,14,-0.08690678692569538,-0.08690678692569537,-0.0869067869256954,"[7, 7]","[-1.6219107222695186, 1.4090899790052165]","[-4.721792334781993, 4.217918502464396]",60,60,0,"[23, 37]"
p1_complete_0.5mm,2.0,0,10,S2,840,14,0.22171017301530488,0.2217101730153049,0.22171017301530488,"[9, 5]","[-0.39277083770676935, 1.2982392905993072]","[-4.117159277978249, 5.690088086059636]",60,60,0,"[43, 17]"
p1_complete_0.5mm,2.0,0,20,L1,840,14,0.3733952754379599,0.3733952754379598,0.37339527543796003,"[12, 2]","[-6.104586696851706, 1.8992395362317147]","[-16.86922538718444, 11.134723844142446]",60,60,0,"[45, 15]"
p1_complete_0.5mm,2.0,0,20,L2,840,14,-0.2187757295145796,-0.2187757295145796,-0.2187757295145796,"[7, 7]","[-3.8986622567655624, 0.8361483307644944]","[-7.850481743447968, 10.10460910896456]",60,60,0,"[16, 44]"
p1_complete_0.5mm,2.0,0,20,L3,840,14,-0.2860146028536206,-0.2860146028536205,-0.2860146028536205,"[6, 8]","[-3.8592685186668105, 1.3989374172519917]","[-12.240893050483153, 9.262806719034373]",60,60,0,"[12, 48]"
p1_complete_0.5mm,2.0,0,20,L4,840,14,-0.035028792829551514,-0.035028792829551535,-0.03502879282955149,"[7, 7]","[-2.033486637048457, 1.2372255875599931]","[-8.073995420763447, 5.5254959598508515]",60,60,0,"[34, 26]"
p1_complete_0.5mm,2.0,0,20,L5,840,14,-0.14015275698118235,-0.14015275698118235,-0.1401527569811823,"[8, 6]","[-2.315810309846279, 0.9143212785644521]","[-8.047859124159839, 4.056892028462144]",60,60,0,"[23, 37]"
p1_complete_0.5mm,2.0,0,20,S1,840,14,-0.26574139470314834,-0.26574139470314845,-0.26574139470314834,"[8, 6]","[-3.6198115927104313, 2.8823265217774128]","[-10.562789442808828, 8.212412246158435]",60,60,0,"[19, 41]"
p1_complete_0.5mm,2.0,0,20,S2,840,14,0.5723180014441224,0.5723180014441225,0.5723180014441225,"[10, 4]","[-0.8956041535711473, 3.084590302955446]","[-7.728111265572365, 11.835669706557844]",60,60,0,"[46, 14]"
p1_complete_0.5mm,2.0,0,100,L1,840,14,0.6448879836229404,0.6448879836229402,0.6448879836229405,"[8, 6]","[-6.5867619231037065, 7.166119016817474]","[-18.20934461661537, 30.82930026535104]",60,60,0,"[38, 22]"
p1_complete_0.5mm,2.0,0,100,L2,840,14,-2.876199784511142,-2.8761997845111424,-2.876199784511142,"[6, 8]","[-21.397700265574233, 5.991819271780174]","[-52.17435019936409, 35.60903538184432]",60,60,0,"[6, 54]"
p1_complete_0.5mm,2.0,0,100,L3,840,14,1.0810668625175734,1.0810668625175732,1.0810668625175737,"[7, 7]","[-12.024306199921787, 13.20901373072636]","[-33.79211805654146, 45.93590480908142]",60,60,0,"[50, 10]"
p1_complete_0.5mm,2.0,0,100,L4,840,14,-1.515438698041152,-1.515438698041152,-1.5154386980411523,"[8, 6]","[-12.0602536431986, 4.537489277149016]","[-40.769331652674694, 14.456657706261499]",60,60,0,"[21, 39]"
p1_complete_0.5mm,2.0,0,100,L5,840,14,1.2197184674416797,1.2197184674416799,1.2197184674416799,"[11, 3]","[-9.602497168708425, 5.073318799156994]","[-36.10071609158208, 21.473141346317437]",60,60,0,"[47, 13]"
p1_complete_0.5mm,2.0,0,100,S1,840,14,-3.2494984849305526,-3.2494984849305513,-3.2494984849305535,"[5, 9]","[-14.472921118527923, 6.41232767598294]","[-39.91759162557445, 27.896783345315164]",60,60,0,"[9, 51]"
p1_complete_0.5mm,2.0,0,100,S2,840,14,4.695463653900654,4.695463653900654,4.695463653900654,"[12, 2]","[-5.6639100121825185, 18.321691891724036]","[-24.293281562233208, 39.706637816542134]",60,60,0,"[60, 0]"
p1_complete_0.5mm,2.0,10,20,L1,840,14,0.16935798961125534,0.16935798961125528,0.1693579896112554,"[12, 2]","[-3.2492464789049302, 1.1083167056210979]","[-9.49118014760848, 5.653262722628972]",60,60,0,"[38, 22]"
p1_complete_0.5mm,2.0,10,20,L2,840,14,-0.1712711419613831,-0.17127114196138313,-0.17127114196138313,"[7, 7]","[-2.0250003760979607, 0.4434817960778989]","[-4.19847775329069, 5.53456035988282]",60,60,0,"[11, 49]"
p1_complete_0.5mm,2.0,10,20,L3,840,14,-0.11113689223374007,-0.11113689223374008,-0.11113689223374001,"[7, 7]","[-2.219757914460221, 0.8051883481058347]","[-6.477594633863282, 4.8308585933573065]",60,60,0,"[18, 42]"
p1_complete_0.5mm,2.0,10,20,L4,840,14,-0.02027180477750033,-0.020271804777500325,-0.02027180477750032,"[7, 7]","[-1.2346314819616862, 0.4546805315488619]","[-4.932315743052734, 2.491392343852822]",60,60,0,"[30, 30]"
p1_complete_0.5mm,2.0,10,20,L5,840,14,-0.038451371289996414,-0.038451371289996365,-0.038451371289996414,"[8, 6]","[-1.2114636901917497, 0.5777357360565839]","[-4.844961700895089, 3.5863654391335986]",60,60,0,"[23, 37]"
p1_complete_0.5mm,2.0,10,20,S1,840,14,-0.17883460777745297,-0.17883460777745294,-0.178834607777453,"[7, 7]","[-1.9979008704409131, 1.4732365427721965]","[-5.845555688912518, 3.9944937436940386]",60,60,0,"[14, 46]"
p1_complete_0.5mm,2.0,10,20,S2,840,14,0.3506078284288176,0.3506078284288176,0.3506078284288176,"[11, 3]","[-0.502833315864378, 1.78635101235614]","[-3.6524026681799744, 6.189763548309174]",60,60,0,"[49, 11]"
p1_complete_0.5mm,2.0,10,100,L1,840,14,0.4408506977962359,0.440850697796236,0.440850697796236,"[7, 7]","[-4.084408882330017, 6.375196186206858]","[-16.91133041912115, 27.827717475905178]",60,60,0,"[37, 23]"
p1_complete_0.5mm,2.0,10,100,L2,840,14,-2.828695196957946,-2.8286951969579452,-2.828695196957946,"[6, 8]","[-20.8682949109937, 7.865481152447776]","[-52.76191137209179, 35.46297986041848]",60,60,0,"[6, 54]"
p1_complete_0.5mm,2.0,10,100,L3,840,14,1.2559445731374541,1.2559445731374548,1.2559445731374541,"[7, 7]","[-10.38479559571519, 13.954985247720083]","[-29.6789051245485, 44.249356472416636]",60,60,0,"[50, 10]"
p1_complete_0.5mm,2.0,10,100,L4,840,14,-1.500681709989101,-1.500681709989101,-1.500681709989101,"[8, 6]","[-11.261398488111832, 5.055380182890863]","[-40.12246280995244, 14.694307592413077]",60,60,0,"[21, 39]"
p1_complete_0.5mm,2.0,10,100,L5,840,14,1.321419853132866,1.3214198531328658,1.3214198531328658,"[10, 4]","[-9.13304166935523, 4.736733256649125]","[-33.14211978161439, 21.00261475698889]",60,60,0,"[50, 10]"
p1_complete_0.5mm,2.0,10,100,S1,840,14,-3.1625916980048574,-3.1625916980048574,-3.1625916980048565,"[5, 9]","[-13.933911473328337, 6.38136181641494]","[-36.750993352332024, 26.0851289118813]",60,60,0,"[10, 50]"
p1_complete_0.5mm,2.0,10,100,S2,840,14,4.473753480885349,4.473753480885349,4.473753480885347,"[12, 2]","[-5.499038774489232, 17.023452601124717]","[-22.961131470936678, 37.50013003026552]",60,60,0,"[60, 0]"
p1_complete_0.5mm,2.0,20,100,L1,840,14,0.27149270818498056,0.27149270818498067,0.27149270818498056,"[6, 8]","[-4.2848956695808935, 5.266879480585758]","[-17.45937621655517, 25.290225146737157]",60,60,0,"[33, 27]"
p1_complete_0.5mm,2.0,20,100,L2,840,14,-2.6574240549965626,-2.657424054996562,-2.657424054996563,"[6, 8]","[-20.001123675564116, 9.890481528545735]","[-51.25805610967213, 32.71969246733769]",60,60,0,"[7, 53]"
p1_complete_0.5mm,2.0,20,100,L3,840,14,1.3670814653711938,1.367081465371194,1.3670814653711938,"[8, 6]","[-8.165037681254974, 14.01598937287287]","[-28.77419054314331, 42.90129414092353]",60,60,0,"[52, 8]"
p1_complete_0.5mm,2.0,20,100,L4,840,14,-1.4804099052116007,-1.4804099052116004,-1.4804099052116009,"[8, 6]","[-10.026767006150145, 5.312435185711198]","[-37.715185344599426, 14.792024885218616]",60,60,0,"[19, 41]"
p1_complete_0.5mm,2.0,20,100,L5,840,14,1.3598712244228621,1.3598712244228621,1.359871224422862,"[11, 3]","[-8.495216900977711, 4.15899752059254]","[-29.40855553242961, 18.812157935018543]",60,60,0,"[54, 6]"
p1_complete_0.5mm,2.0,20,100,S1,840,14,-2.9837570902274044,-2.9837570902274035,-2.9837570902274035,"[5, 9]","[-13.07749393524182, 6.354487453063074]","[-36.96773526473603, 24.342199883315963]",60,60,0,"[10, 50]"
p1_complete_0.5mm,2.0,20,100,S2,840,14,4.123145652456531,4.12314565245653,4.12314565245653,"[12, 2]","[-5.571788702051481, 15.237101588768583]","[-21.76608882932625, 34.087225303147214]",60,60,0,"[60, 0]"
p1_complete_0.5mm,5.0,0,10,L1,840,14,0.18861194253161082,0.18861194253161093,0.18861194253161082,"[11, 3]","[-4.299272832253178, 1.544547350445272]","[-10.558195332230541, 4.818163300862052]",60,60,0,"[41, 19]"
p1_complete_0.5mm,5.0,0,10,L2,840,14,0.1886797814398163,0.18867978143981626,0.18867978143981629,"[9, 5]","[-2.595018248413943, 1.8733011758982578]","[-3.3480285752951615, 6.560770975942648]",60,60,0,"[48, 12]"
p1_complete_0.5mm,5.0,0,10,L3,840,14,-0.05926765453969344,-0.059267654539693466,-0.05926765453969342,"[7, 7]","[-2.3161689425520433, 0.8631259070831714]","[-4.401347939202421, 4.217531017799169]",60,60,0,"[23, 37]"
p1_complete_0.5mm,5.0,0,10,L4,840,14,0.18978395931081884,0.18978395931081893,0.1897839593108189,"[6, 8]","[-0.4314255360934309, 1.3852022641086754]","[-2.2806312579443238, 2.4842336411740065]",60,60,0,"[46, 14]"
p1_complete_0.5mm,5.0,0,10,L5,840,14,-0.2334669619720682,-0.23346696197206826,-0.2334669619720682,"[6, 8]","[-1.6569699394649873, 1.0147780053838322]","[-5.695327712282239, 2.1072364552340406]",60,60,0,"[5, 55]"
p1_complete_0.5mm,5.0,0,10,S1,840,14,-0.13421089255892565,-0.13421089255892574,-0.1342108925589257,"[6, 8]","[-1.4022285052472543, 1.368536731480395]","[-5.107200428470826, 4.717756624112601]",60,60,0,"[12, 48]"
p1_complete_0.5mm,5.0,0,10,S2,840,14,-0.14013017421155863,-0.14013017421155866,-0.14013017421155868,"[4, 10]","[-0.9724005147761502, 0.8557631030917809]","[-3.308429069515201, 4.152245921510045]",60,60,0,"[21, 39]"
p1_complete_0.5mm,5.0,0,20,L1,840,14,0.35255180712093165,0.3525518071209315,0.35255180712093165,"[11, 3]","[-10.337635472510694, 3.4879114666326356]","[-22.775477777335755, 9.597832166423009]",60,60,0,"[41, 19]"
p1_complete_0.5mm,5.0,0,20,L2,840,14,0.29552197272369396,0.295521972723694,0.2955219727236939,"[9, 5]","[-5.889643297029309, 4.088531432552918]","[-7.934868024209124, 11.185222711179991]",60,60,0,"[45, 15]"
p1_complete_0.5mm,5.0,0,20,L3,840,14,-0.31767412809154094,-0.31767412809154094,-0.317674128091541,"[7, 7]","[-5.227266563520251, 1.4855647149971256]","[-9.563948405865347, 9.035277628324359]",60,60,0,"[10, 50]"
p1_complete_0.5mm,5.0,0,20,L4,840,14,0.37049020331056365,0.3704902033105636,0.3704902033105635,"[6, 8]","[-0.938027442053899, 2.366423113745555]","[-4.706478714496446, 4.316682069839828]",60,60,0,"[45, 15]"
p1_complete_0.5mm,5.0,0,20,L5,840,14,-0.3756977822487671,-0.3756977822487671,-0.3756977822487671,"[6, 8]","[-3.5865111434910295, 2.3623548964764107]","[-11.221033927104518, 4.20844019762221]",60,60,0,"[8, 52]"
p1_complete_0.5mm,5.0,0,20,S1,840,14,-0.19892958363569635,-0.1989295836356965,-0.1989295836356964,"[6, 8]","[-3.590915739548968, 3.252591681098786]","[-11.179482416500408, 10.268322462132751]",60,60,0,"[15, 45]"
p1_complete_0.5mm,5.0,0,20,S2,840,14,-0.1262624891791854,-0.1262624891791855,-0.12626248917918534,"[4, 10]","[-1.6643225104268127, 1.9971448068917632]","[-6.401360880826121, 9.492681007734143]",60,60,0,"[24, 36]"
p1_complete_0.5mm,5.0,0,100,L1,840,14,-3.411086049243592,-3.4110860492435924,-3.4110860492435924,"[2, 12]","[-12.437305122617284, 0.6992777452098294]","[-31.339758643013433, 29.1556421440212]",60,60,0,"[0, 60]"
p1_complete_0.5mm,5.0,0,100,L2,840,14,-4.156900695567957,-4.156900695567957,-4.156900695567957,"[2, 12]","[-20.598040887253344, 6.8140529524420765]","[-49.48259074449866, 23.66351679373373]",60,60,0,"[0, 60]"
p1_complete_0.5mm,5.0,0,100,L3,840,14,-0.16233280730021776,-0.162332807300217,-0.16233280730021749,"[5, 9]","[-16.289720113547176, 10.756718728684486]","[-37.46567891593898, 29.188078369241914]",60,60,0,"[32, 28]"
p1_complete_0.5mm,5.0,0,100,L4,840,14,-1.3819106866890833,-1.3819106866890833,-1.3819106866890836,"[8, 6]","[-16.24752690721578, 3.762988304087622]","[-45.52655270003099, 13.644012387400833]",60,60,0,"[23, 37]"
p1_complete_0.5mm,5.0,0,100,L5,840,14,1.5263346617543756,1.5263346617543754,1.5263346617543754,"[11, 3]","[-10.253779094117954, 7.6035266388544045]","[-37.44617535114326, 12.922955412612275]",60,60,0,"[58, 2]"
p1_complete_0.5mm,5.0,0,100,S1,840,14,0.5351326818157089,0.5351326818157078,0.5351326818157085,"[8, 6]","[-14.628018340322042, 10.455304655554785]","[-39.378425423021945, 25.929004025917337]",60,60,0,"[31, 29]"
p1_complete_0.5mm,5.0,0,100,S2,840,14,7.050762895230767,7.050762895230767,7.050762895230765,"[14, 0]","[3.005789827631716, 13.83472550347236]","[-9.497668020676919, 45.73469556887396]",60,60,0,"[60, 0]"
p1_complete_0.5mm,5.0,10,20,L1,840,14,0.16393986458932092,0.16393986458932097,0.16393986458932092,"[11, 3]","[-6.038362640257514, 1.9433641161873658]","[-13.14933136413633, 4.779668865560957]",60,60,0,"[40, 20]"
p1_complete_0.5mm,5.0,10,20,L2,840,14,0.1068421912838776,0.10684219128387765,0.1068421912838776,"[9, 5]","[-3.294625048615369, 2.2152302566546602]","[-4.586839448913962, 6.474114682135437]",60,60,0,"[41, 19]"
p1_complete_0.5mm,5.0,10,20,L3,840,14,-0.25840647355184754,-0.25840647355184754,-0.25840647355184754,"[7, 7]","[-2.9110976209682082, 0.622438807913954]","[-5.894278721068513, 4.817746610525189]",60,60,0,"[3, 57]"
p1_complete_0.5mm,5.0,10,20,L4,840,14,0.1807062439997447,0.1807062439997447,0.18070624399974472,"[9, 5]","[-0.5696675171693732, 0.9889575487085263]","[-2.884073543024568, 2.6197942365575573]",60,60,0,"[43, 17]"
p1_complete_0.5mm,5.0,10,20,L5,840,14,-0.1422308202766988,-0.14223082027669884,-0.14223082027669878,"[7, 7]","[-1.9295412040260422, 1.347576891092579]","[-6.565401234396218, 2.3476603664025983]",60,60,0,"[16, 44]"
p1_complete_0.5mm,5.0,10,20,S1,840,14,-0.0647186910767707,-0.0647186910767707,-0.06471869107677072,"[6, 8]","[-2.1886872343017125, 1.8840549496183907]","[-6.215997077960478, 5.55056583802015]",60,60,0,"[17, 43]"
p1_complete_0.5mm,5.0,10,20,S2,840,14,0.0138676850323733,0.013867685032373286,0.013867685032373293,"[6, 8]","[-0.7275899633829727, 1.1413817037999827]","[-3.1036846568439582, 5.340435086224099]",60,60,0,"[28, 32]"
p1_complete_0.5mm,5.0,10,100,L1,840,14,-3.5996979917752023,-3.599697991775202,-3.599697991775203,"[1, 13]","[-8.138032290364098, 0.010955504290839982]","[-21.997957131716987, 27.581567110481693]",60,60,0,"[0, 60]"
p1_complete_0.5mm,5.0,10,100,L2,840,14,-4.345580477007773,-4.345580477007773,-4.345580477007773,"[2, 12]","[-19.927070423835232, 9.409071200856017]","[-49.05176629178136, 25.69468141439587]",60,60,0,"[0, 60]"
p1_complete_0.5mm,5.0,10,100,L3,840,14,-0.10306515276052404,-0.10306515276052408,-0.10306515276052397,"[5, 9]","[-14.775566032572074, 13.07288767123653]","[-35.173308776872844, 31.546002782208156]",60,60,0,"[35, 25]"
p1_complete_0.5mm,5.0,10,100,L4,840,14,-1.5716946459999024,-1.5716946459999028,-1.5716946459999024,"[7, 7]","[-16.157227965361106, 3.3931318797526497]","[-45.56658010195746, 13.528545699664384]",60,60,0,"[22, 38]"
p1_complete_0.5mm,5.0,10,100,L5,840,14,1.7598016237264438,1.7598016237264442,1.7598016237264438,"[12, 2]","[-11.268557099501784, 7.47906023855391]","[-33.86643609261878, 15.136057358791478]",60,60,0,"[59, 1]"
p1_complete_0.5mm,5.0,10,100,S1,840,14,0.6693435743746343,0.6693435743746344,0.6693435743746341,"[8, 6]","[-13.22578983507478, 10.357122586608783]","[-36.03615108945447, 24.81958204012868]",60,60,0,"[31, 29]"
p1_complete_0.5mm,5.0,10,100,S2,840,14,7.190893069442324,7.190893069442325,7.190893069442324,"[14, 0]","[3.159348713753085, 12.978962400380576]","[-10.207543685214503, 42.0806077288562]",60,60,0,"[60, 0]"
p1_complete_0.5mm,5.0,20,100,L1,840,14,-3.763637856364524,-3.7636378563645234,-3.763637856364524,"[0, 14]","[-8.027159266314564, -0.6728747565872114]","[-16.381828212749415, 25.45254707189415]",60,60,0,"[0, 60]"
p1_complete_0.5mm,5.0,20,100,L2,840,14,-4.452422668291651,-4.452422668291652,-4.452422668291652,"[2, 12]","[-19.39163796854653, 12.703696249471383]","[-48.24116101028866, 25.10774889192145]",60,60,0,"[0, 60]"
p1_complete_0.5mm,5.0,20,100,L3,840,14,0.15534132079132357,0.15534132079132376,0.15534132079132348,"[5, 9]","[-12.38412111343825, 15.98398529220473]","[-30.62731351694582, 33.65216268798953]",60,60,0,"[39, 21]"
p1_complete_0.5mm,5.0,20,100,L4,840,14,-1.752400889999647,-1.7524008899996466,-1.7524008899996466,"[7, 7]","[-15.587560448191725, 3.1627352285480548]","[-46.09678800070918, 13.12491348015945]",60,60,0,"[21, 39]"
p1_complete_0.5mm,5.0,20,100,L5,840,14,1.9020324440031422,1.9020324440031422,1.9020324440031426,"[12, 2]","[-12.616133990594367, 7.341969014739787]","[-29.50453920840713, 16.682720793155493]",60,60,0,"[60, 0]"
p1_complete_0.5mm,5.0,20,100,S1,840,14,0.7340622654514054,0.7340622654514047,0.7340622654514051,"[8, 6]","[-11.462621193794796, 10.248970454543702]","[-31.095420675385334, 22.765279818069985]",60,60,0,"[31, 29]"
p1_complete_0.5mm,5.0,20,100,S2,840,14,7.177025384409951,7.177025384409951,7.177025384409949,"[14, 0]","[3.173881158289841, 12.40963060738604]","[-11.545689450385243, 37.110119242098996]",60,60,0,"[60, 0]"
p1_complete_0.5mm,10.0,0,10,L1,780,13,1.6316102134268973,1.6316102134268973,,"[12, 1]","[-2.170091893718209, 3.052296885366336]","[-8.442932085480109, 7.218667884137442]",0,60,60,"[0, 0]"
p1_complete_0.5mm,10.0,0,10,L2,780,13,0.5061372373849172,0.5061372373849172,,"[7, 6]","[-2.367815427087589, 2.064753374339013]","[-3.302382516668978, 3.686632614961907]",0,60,60,"[0, 0]"
p1_complete_0.5mm,10.0,0,10,L3,780,13,-0.12799582811237536,-0.12799582811237534,,"[6, 7]","[-2.278132155524825, 1.692593582467928]","[-2.791981767698479, 3.039816007539643]",0,60,60,"[0, 0]"
p1_complete_0.5mm,10.0,0,10,L4,780,13,-0.31214307648399736,-0.31214307648399736,,"[4, 9]","[-1.4835691049137538, 1.5447817375822464]","[-2.0283892235693184, 2.591177195064666]",0,60,60,"[0, 0]"
p1_complete_0.5mm,10.0,0,10,L5,780,13,-0.5751930355398542,-0.5751930355398542,,"[2, 11]","[-1.4713822694177596, 1.0096439049782997]","[-2.381871536071528, 2.156687186200268]",0,60,60,"[0, 0]"
p1_complete_0.5mm,10.0,0,10,S1,780,13,-0.5698572258292977,-0.5698572258292974,,"[2, 11]","[-1.7508888381947405, 1.5043357081649695]","[-3.3575748836727315, 3.4735300034858083]",0,60,60,"[0, 0]"
p1_complete_0.5mm,10.0,0,10,S2,780,13,-0.5525582848462904,-0.5525582848462903,,"[3, 10]","[-1.7117676649181068, 0.6318353547595525]","[-2.7931610678393315, 2.6728492029097497]",0,60,60,"[0, 0]"
p1_complete_0.5mm,10.0,0,20,L1,780,13,2.870211874187939,2.8702118741879397,,"[12, 1]","[-5.949336182609699, 5.618954034369639]","[-19.84353448090642, 13.945071191489525]",0,60,60,"[0, 0]"
p1_complete_0.5mm,10.0,0,20,L2,780,13,0.8274143513417546,0.8274143513417545,,"[9, 4]","[-5.635008964545663, 3.8159343082766326]","[-7.854146089232773, 8.665846369640764]",0,60,60,"[0, 0]"
p1_complete_0.5mm,10.0,0,20,L3,780,13,-0.2412284009508097,-0.24122840095080963,,"[6, 7]","[-5.500557685696586, 3.517007854934707]","[-6.724477826781195, 5.456404240478889]",0,60,60,"[0, 0]"
p1_complete_0.5mm,10.0,0,20,L4,780,13,-0.5311438642790633,-0.5311438642790632,,"[4, 9]","[-2.801999852459553, 2.7314537329750257]","[-3.725568070739771, 4.664696225504819]",0,60,60,"[0, 0]"
p1_complete_0.5mm,10.0,0,20,L5,780,13,-1.0660144426279718,-1.0660144426279714,,"[2, 11]","[-2.794263482094168, 2.3607561394169294]","[-5.1956934964165535, 5.53998891741247]",0,60,60,"[0, 0]"
p1_complete_0.5mm,10.0,0,20,S1,780,13,-0.9068881032869163,-0.9068881032869163,,"[3, 10]","[-3.3693813519662843, 3.658326355427066]","[-6.206321343635723, 7.271860409027692]",0,60,60,"[0, 0]"
p1_complete_0.5mm,10.0,0,20,S2,780,13,-0.9523514143849341,-0.9523514143849342,,"[3, 10]","[-3.1097575397215733, 1.658012597419659]","[-3.776016494314631, 6.2285445744305274]",0,60,60,"[0, 0]"
p1_complete_0.5mm,10.0,0,100,L1,780,13,-4.7329510057232245,-4.732951005723225,,"[1, 12]","[-10.712151707670655, 1.2560182495409584]","[-19.628164686292777, 18.237153500292123]",0,60,60,"[0, 0]"
p1_complete_0.5mm,10.0,0,100,L2,780,13,-1.3505370731638562,-1.3505370731638564,,"[3, 10]","[-4.542891061371234, 7.623982886237575]","[-15.182604941929295, 12.474318928821882]",0,60,60,"[0, 0]"
p1_complete_0.5mm,10.0,0,100,L3,780,13,-0.27260349112537524,-0.272603491125376,,"[6, 7]","[-8.770128605539412, 9.15378902982402]","[-24.124274864131127, 21.261346927888518]",0,60,60,"[0, 0]"
p1_complete_0.5mm,10.0,0,100,L4,780,13,0.4167377985497199,0.4167377985497196,,"[9, 4]","[-8.235726509209181, 3.9737632465469916]","[-11.908010051396264, 9.363415270544087]",0,60,60,"[0, 0]"
p1_complete_0.5mm,10.0,0,100,L5,780,13,0.970765023753121,0.9707650237531211,,"[11, 2]","[-8.91136498819112, 5.66730378771048]","[-23.87314328141356, 37.210703102031246]",0,60,60,"[0, 0]"
p1_complete_0.5mm,10.0,0,100,S1,780,13,0.6448886865453374,0.6448886865453376,,"[8, 5]","[-6.430757078787449, 6.990770177946905]","[-23.093493371238104, 20.008071923710364]",0,60,60,"[0, 0]"
p1_complete_0.5mm,10.0,0,100,S2,780,13,4.323700061164279,4.323700061164279,,"[12, 1]","[-0.4518079628336647, 7.840146975498606]","[-14.343440323624895, 32.725456405130906]",0,60,60,"[0, 0]"
p1_complete_0.5mm,10.0,10,20,L1,780,13,1.2386016607610417,1.2386016607610417,,"[12, 1]","[-3.779244288891491, 2.8853700877091604]","[-11.400602395426313, 6.84877386773704]",0,60,60,"[0, 0]"
p1_complete_0.5mm,10.0,10,20,L2,780,13,0.3212771139568372,0.3212771139568373,,"[10, 3]","[-3.267193537458072, 1.7511809339376188]","[-4.551763572563796, 4.979213754678858]",0,60,60,"[0, 0]"
p1_complete_0.5mm,10.0,10,20,L3,780,13,-0.11323257283843435,-0.1132325728384342,,"[7, 6]","[-3.2224255301717646, 1.8244142724667802]","[-4.021208835168946, 2.7880451059947546]",0,60,60,"[0, 0]"
p1_complete_0.5mm,10.0,10,20,L4,780,13,-0.21900078779506596,-0.21900078779506604,,"[4, 9]","[-1.3184307475458006, 1.2046090732417831]","[-1.9011057218427705, 2.484206427922439]",0,60,60,"[0, 0]"
p1_complete_0.5mm,10.0,10,20,L5,780,13,-0.49082140708811733,-0.49082140708811733,,"[2, 11]","[-1.3228812126764093, 1.351112234438629]","[-2.8175741728437895, 3.3833017312122013]",0,60,60,"[0, 0]"
p1_complete_0.5mm,10.0,10,20,S1,780,13,-0.3370308774576187,-0.3370308774576187,,"[3, 10]","[-1.618492513771543, 2.153990647262096]","[-2.960731873847239, 3.798330405541883]",0,60,60,"[0, 0]"
p1_complete_0.5mm,10.0,10,20,S2,780,13,-0.39979312953864354,-0.39979312953864354,,"[4, 9]","[-1.397989874803465, 1.0261772426601068]","[-1.8997365469121619, 3.6067741625181755]",0,60,60,"[0, 0]"
p1_complete_0.5mm,10.0,10,100,L1,780,13,-6.364561219150122,-6.364561219150122,,"[0, 13]","[-10.779991494561424, -1.16100862401674]","[-16.50122227424486, 12.599052956929993]",0,60,60,"[0, 0]"
p1_complete_0.5mm,10.0,10,100,L2,780,13,-1.8566743105487733,-1.8566743105487733,,"[3, 10]","[-6.55540368037994, 9.991798313325164]","[-16.018704088712067, 13.176681416357303]",0,60,60,"[0, 0]"
p1_complete_0.5mm,10.0,10,100,L3,780,13,-0.14460766301300024,-0.144607663013,,"[6, 7]","[-7.6047425634395385, 11.43192118534885]","[-22.161115819369858, 23.372168759420138]",0,60,60,"[0, 0]"
p1_complete_0.5mm,10.0,10,100,L4,780,13,0.7288808750337172,0.7288808750337171,,"[9, 4]","[-9.177427587015272, 4.775157243065716]","[-12.431035358902317, 9.773184940123963]",0,60,60,"[0, 0]"
p1_complete_0.5mm,10.0,10,100,L5,780,13,1.5459580592929754,1.5459580592929754,,"[11, 2]","[-9.921008893169423, 6.422022101021667]","[-21.994432049679236, 35.05401591583098]",0,60,60,"[0, 0]"
p1_complete_0.5mm,10.0,10,100,S1,780,13,1.2147459123746351,1.2147459123746354,,"[8, 5]","[-6.685639660518154, 7.1521082826023]","[-21.811927634125787, 16.534541920224555]",0,60,60,"[0, 0]"
p1_complete_0.5mm,10.0,10,100,S2,780,13,4.876258346010568,4.876258346010568,,"[13, 0]","[0.17863830710776943, 8.075732731246395]","[-14.633576229349782, 32.4906248466903]",0,60,60,"[0, 0]"
p1_complete_0.5mm,10.0,20,100,L1,780,13,-7.603162879911165,-7.603162879911165,,"[0, 13]","[-13.232241590721397, -2.62372341759932]","[-18.668918332065218, 8.525596527107574]",0,60,60,"[0, 0]"
p1_complete_0.5mm,10.0,20,100,L2,780,13,-2.177951424505611,-2.177951424505611,,"[2, 11]","[-8.194333784426348, 13.25899185078324]","[-16.433229011408407, 16.924117103225413]",0,60,60,"[0, 0]"
p1_complete_0.5mm,10.0,20,100,L3,780,13,-0.03137509017456569,-0.031375090174565884,,"[5, 8]","[-6.152939218592069, 14.654346715520614]","[-19.4887666112742, 26.23996063686047]",0,60,60,"[0, 0]"
p1_complete_0.5mm,10.0,20,100,L4,780,13,0.947881662828783,0.947881662828783,,"[10, 3]","[-10.382036660257054, 5.491205977808149]","[-14.22083697847495, 10.245419604129765]",0,60,60,"[0, 0]"
p1_complete_0.5mm,10.0,20,100,L5,780,13,2.0367794663810925,2.0367794663810925,,"[11, 2]","[-11.272121127608047, 7.136375245260091]","[-19.85138838012116, 31.746118671048677]",0,60,60,"[0, 0]"
p1_complete_0.5mm,10.0,20,100,S1,780,13,1.5517767898322536,1.5517767898322536,,"[8, 5]","[-8.839630307780249, 7.108949047215489]","[-21.257173971640853, 13.372929290882462]",0,60,60,"[0, 0]"
p1_complete_0.5mm,10.0,20,100,S2,780,13,5.2760514755492105,5.276051475549212,,"[13, 0]","[0.17416757201100713, 9.47372260604986]","[-15.372339000098666, 28.8959065082534]",0,60,60,"[0, 0]"
legacy_replay_0.5mm,all,0,10,L1,2460,14,0.013425715170441502,0.00889524432867634,-0.11047802616598178,"[7, 7]","[-1.9717131156827599, 0.8554816634747257]","[-8.65042449463133, 7.020947677358899]",120,180,60,"[41, 79]"
legacy_replay_0.5mm,all,0,10,L2,2460,14,-0.1800939879030699,-0.17326494370863108,-0.1189988399844146,"[7, 7]","[-1.9168245020661872, 0.8333538125276071]","[-5.248569236450123, 6.743218681315624]",120,180,60,"[41, 79]"
legacy_replay_0.5mm,all,0,10,L3,2460,14,-0.31349319427667155,-0.30885156016239257,-0.3155677927613167,"[4, 10]","[-1.5251206421728525, 0.18654105037250115]","[-4.617278380937967, 4.593272601575532]",120,180,60,"[17, 103]"
legacy_replay_0.5mm,all,0,10,L4,2460,14,-0.16248274586391592,-0.16513492882416667,-0.20610225767798765,"[6, 8]","[-1.2793553781235827, 0.6274217186641988]","[-6.352429334132023, 4.2239154338243186]",120,180,60,"[27, 93]"
legacy_replay_0.5mm,all,0,10,L5,2460,14,-0.06194935631696576,-0.0558424031128877,-0.06769545111354343,"[5, 9]","[-0.35717749300232676, 0.3435811805262455]","[-4.209242957456843, 5.669093762514693]",120,180,60,"[53, 67]"
legacy_replay_0.5mm,all,0,10,S1,2460,14,0.37771478079375975,0.3723177002219901,0.4158460951894811,"[12, 2]","[-0.27365105792263583, 1.4281873834749836]","[-4.327587896605695, 7.597726383910403]",120,180,60,"[117, 3]"
legacy_replay_0.5mm,all,0,10,S2,2460,14,0.3268787883964217,0.3218808912574116,0.40299627251376285,"[13, 1]","[-0.025828587464380087, 0.8561001297429044]","[-2.9424950051243517, 6.159872695247081]",120,180,60,"[118, 2]"
legacy_replay_0.5mm,all,0,20,L1,2460,14,0.40224135121410276,0.39827908025592124,0.025276109050953684,"[12, 2]","[-4.1099213246494966, 2.0258119477827154]","[-19.973257955494606, 13.415947338764193]",120,180,60,"[63, 57]"
legacy_replay_0.5mm,all,0,20,L2,2460,14,-0.13733755883167412,-0.13404933628224452,-0.10296130745182713,"[10, 4]","[-4.14494136103222, 1.692006084004917]","[-9.41858670167425, 14.547823826402531]",120,180,60,"[53, 67]"
legacy_replay_0.5mm,all,0,20,L3,2460,14,-0.7801027252929045,-0.7691088348344451,-0.7294010763760749,"[4, 10]","[-3.337194394938239, 0.145896314640143]","[-10.122318867002827, 9.608364149411214]",120,180,60,"[17, 103]"
legacy_replay_0.5mm,all,0,20,L4,2460,14,-0.4376992966208983,-0.4482401153687925,-0.5016712131088534,"[2, 12]","[-1.4654949462786269, 1.1942694003823506]","[-14.563860880308457, 7.439026753446806]",120,180,60,"[28, 92]"
legacy_replay_0.5mm,all,0,20,L5,2460,14,-0.34674061232587167,-0.32942663453018933,-0.2907150609363672,"[3, 11]","[-0.9204820263460513, 0.7222558573262013]","[-8.969987179416073, 10.271811501940375]",120,180,60,"[41, 79]"
legacy_replay_0.5mm,all,0,20,S1,2460,14,0.6606454803229863,0.6523265333914542,0.7610674606532377,"[12, 2]","[-0.6514827937492182, 3.138587293258154]","[-9.856085507372935, 15.346719100370537]",120,180,60,"[117, 3]"
legacy_replay_0.5mm,all,0,20,S2,2460,14,0.6389933615342595,0.6302193073682962,0.8384050881689309,"[12, 2]","[-0.4568309570838364, 2.110301741359533]","[-6.749897455835657, 12.516529338244625]",120,180,60,"[117, 3]"
legacy_replay_0.5mm,all,0,100,L1,2460,14,-1.0419239045850848,-0.9112016042476285,-0.7000693782107225,"[4, 10]","[-4.571174889132941, 4.448412709588088]","[-23.843770663692844, 40.41885337241542]",120,180,60,"[41, 79]"
legacy_replay_0.5mm,all,0,100,L2,2460,14,-1.7695879510353836,-1.9564321093865584,-1.3011867175869913,"[3, 11]","[-9.617042601784727, 5.524282820689806]","[-31.92562724269908, 47.47889716682199]",120,180,60,"[23, 97]"
legacy_replay_0.5mm,all,0,100,L3,2460,14,-1.3338203929460373,-1.2193535760182523,-0.9206574550673237,"[3, 11]","[-11.120826913361606, 11.443508892934913]","[-34.670533310969134, 54.437443100695695]",120,180,60,"[37, 83]"
legacy_replay_0.5mm,all,0,100,L4,2460,14,-3.011345599201939,-3.170319124140078,-3.1446687460646383,"[0, 14]","[-9.688233646603763, -0.2398754261773005]","[-37.07781410396204, 14.591144167231226]",120,180,60,"[16, 104]"
legacy_replay_0.5mm,all,0,100,L5,2460,14,-0.43230457610616013,-0.38312308764205355,-0.7057463596725784,"[9, 5]","[-9.3710723500502, 1.8808012508671934]","[-24.103431490856973, 42.77671737375141]",120,180,60,"[35, 85]"
legacy_replay_0.5mm,all,0,100,S1,2460,14,1.921657423400001,1.9915522983664964,1.184831570692847,"[11, 3]","[-5.165434088984519, 5.527110344233092]","[-27.396454366850843, 39.079021718993836]",120,180,60,"[85, 35]"
legacy_replay_0.5mm,all,0,100,S2,2460,14,5.667325000474603,5.648877203068072,5.587497085909407,"[14, 0]","[0.9533183602369621, 15.814063261556917]","[-19.485610701565033, 51.813224393006706]",120,180,60,"[118, 2]"
legacy_replay_0.5mm,all,10,20,L1,2460,14,0.3888156360436612,0.38938383592724485,0.13575413521693544,"[12, 2]","[-2.138208208966738, 1.1913474282775847]","[-11.322833460863274, 6.394999661405293]",120,180,60,"[75, 45]"
legacy_replay_0.5mm,all,10,20,L2,2460,14,0.04275642907139578,0.039215607426386564,0.016037532532587436,"[11, 3]","[-2.228116858966033, 0.8586522714773097]","[-5.184952781869365, 7.8046051450869065]",120,180,60,"[66, 54]"
legacy_replay_0.5mm,all,10,20,L3,2460,14,-0.46660953101623276,-0.46025727467205246,-0.4138332836147581,"[3, 11]","[-1.8120737527653867, 0.1484162063074485]","[-5.5050404860648605, 5.270771153757126]",120,180,60,"[15, 105]"
legacy_replay_0.5mm,all,10,20,L4,2460,14,-0.27521655075698254,-0.28310518654462585,-0.2955689554308658,"[2, 12]","[-0.9037586096768092, 0.5668476817181515]","[-8.211431546176435, 3.4000284514660306]",120,180,60,"[28, 92]"
legacy_replay_0.5mm,all,10,20,L5,2460,14,-0.2847912560089059,-0.2735842314173016,-0.2230196098228237,"[3, 11]","[-0.6850200746695404, 0.3786746767999559]","[-5.580801597254292, 5.658903655673414]",120,180,60,"[32, 88]"
legacy_replay_0.5mm,all,10,20,S1,2460,14,0.2829306995292265,0.280008833169464,0.3452213654637565,"[11, 3]","[-0.3778317358265827, 1.7103999097831704]","[-5.528497610767241, 7.748992716460135]",120,180,60,"[112, 8]"
legacy_replay_0.5mm,all,10,20,S2,2460,14,0.31211457313783775,0.3083384161108847,0.43540881565516815,"[12, 2]","[-0.4818066157038159, 1.2542016116166277]","[-3.807402450711306, 6.356656642997543]",120,180,60,"[114, 6]"
legacy_replay_0.5mm,all,10,100,L1,2460,14,-1.0553496197555265,-0.9200968485763047,-0.5895913520447408,"[5, 9]","[-3.717852156506622, 4.625266769771788]","[-17.914541132256073, 39.57033884905711]",120,180,60,"[48, 72]"
legacy_replay_0.5mm,all,10,100,L2,2460,14,-1.589493963132314,-1.783167165677927,-1.182187877602577,"[3, 11]","[-9.723768470048087, 7.441107322755995]","[-32.26981953878864, 43.83872279525758]",120,180,60,"[26, 94]"
legacy_replay_0.5mm,all,10,100,L3,2460,14,-1.020327198669366,-0.9105020158558602,-0.605089662306007,"[3, 11]","[-10.065372595063932, 12.968629535107759]","[-30.82660418246007, 52.96959164863135]",120,180,60,"[45, 75]"
legacy_replay_0.5mm,all,10,100,L4,2460,14,-2.8488628533380234,-3.005184195315911,-2.9385664883866505,"[2, 12]","[-9.41435921640931, 1.0274966852794207]","[-35.89924549993217, 14.129070676771416]",120,180,60,"[16, 104]"
legacy_replay_0.5mm,all,10,100,L5,2460,14,-0.3703552197891944,-0.3272806845291658,-0.6380509085590349,"[9, 5]","[-9.549945489521125, 2.2379787438695193]","[-23.51317385367912, 41.42198790030794]",120,180,60,"[34, 86]"
legacy_replay_0.5mm,all,10,100,S1,2460,14,1.5439426426062415,1.619234598144507,0.7689854755033659,"[11, 3]","[-5.891558734939331, 5.137300269287208]","[-27.617508681342173, 38.774097046350796]",120,180,60,"[77, 43]"
legacy_replay_0.5mm,all,10,100,S2,2460,14,5.340446212078183,5.326996311810662,5.184500813395643,"[14, 0]","[0.9283427016169823, 14.957963131814028]","[-17.62512999916019, 49.9227676867973]",120,180,60,"[117, 3]"
legacy_replay_0.5mm,all,20,100,L1,2460,14,-1.4441652557991875,-1.3094806845035498,-0.7253454872616762,"[2, 12]","[-4.368998108304354, 4.212586738617611]","[-18.126444566776268, 34.28803099963783]",120,180,60,"[42, 78]"
legacy_replay_0.5mm,all,20,100,L2,2460,14,-1.6322503922037097,-1.822382773104314,-1.1982254101351641,"[3, 11]","[-9.617810390029094, 9.669224181722031]","[-32.69241014568438, 39.14697863627476]",120,180,60,"[28, 92]"
legacy_replay_0.5mm,all,20,100,L3,2460,14,-0.5537176676531329,-0.4502447411838072,-0.1912563786912489,"[4, 10]","[-8.484686649121933, 14.780703287873154]","[-25.444352638237245, 50.66941895200101]",120,180,60,"[61, 59]"
legacy_replay_0.5mm,all,20,100,L4,2460,14,-2.573646302581041,-2.7220790087712854,-2.642997532955784,"[2, 12]","[-9.713282345514994, 1.213636253434464]","[-34.20554130597485, 14.754646717333333]",120,180,60,"[13, 107]"
legacy_replay_0.5mm,all,20,100,L5,2460,14,-0.08556396378028844,-0.05369645311186455,-0.4150312987362113,"[10, 4]","[-9.797086148283658, 2.76307740103914]","[-21.1384414381475, 40.46033719584]",120,180,60,"[47, 73]"
legacy_replay_0.5mm,all,20,100,S1,2460,14,1.2610119430770146,1.3392257649750439,0.4237641100396093,"[11, 3]","[-5.878327553263772, 4.749750837370449]","[-28.19101279037661, 35.105188146636166]",120,180,60,"[66, 54]"
legacy_replay_0.5mm,all,20,100,S2,2460,14,5.028331638940345,5.018657895699776,4.749091997740475,"[14, 0]","[1.4101493173207984, 13.703761520197391]","[-14.965637778615335, 46.39817417718729]",120,180,60,"[116, 4]"
legacy_replay_0.5mm,2.0,0,10,L1,840,14,-0.057601328202121986,-0.05760132820212202,-0.057601328202121986,"[6, 8]","[-0.5545316179304777, 0.5468787079525603]","[-4.044121638327491, 7.020947677358899]",60,60,0,"[25, 35]"
legacy_replay_0.5mm,2.0,0,10,L2,840,14,-0.1186075756874121,-0.11860757568741213,-0.1186075756874121,"[6, 8]","[-1.1082671657124703, 0.2930841383216944]","[-3.866343758542104, 5.736744260937899]",60,60,0,"[19, 41]"
legacy_replay_0.5mm,2.0,0,10,L3,840,14,-0.2633981752091032,-0.26339817520910314,-0.2633981752091031,"[3, 11]","[-1.119825635838647, 0.03151367900297043]","[-4.617278380937967, 4.593272601575532]",60,60,0,"[11, 49]"
legacy_replay_0.5mm,2.0,0,10,L4,840,14,-0.23359984625173327,-0.23359984625173336,-0.23359984625173333,"[2, 12]","[-1.2755554306636057, 0.46958948104143544]","[-6.352429334132023, 4.2239154338243186]",60,60,0,"[13, 47]"
legacy_replay_0.5mm,2.0,0,10,L5,840,14,-0.13489072193002405,-0.13489072193002405,-0.13489072193002408,"[3, 11]","[-0.6511835067950538, 0.14425251271293657]","[-3.1500255390957523, 5.669093762514693]",60,60,0,"[19, 41]"
legacy_replay_0.5mm,2.0,0,10,S1,840,14,0.34306559411644466,0.3430655941164446,0.34306559411644466,"[11, 3]","[-0.43819440601868215, 1.5338514718095064]","[-2.898431263931256, 5.997583536710449]",60,60,0,"[58, 2]"
legacy_replay_0.5mm,2.0,0,10,S2,840,14,0.46503205316395,0.46503205316395,0.46503205316395,"[13, 1]","[-0.0695903662369164, 1.2194196531729462]","[-1.6648471790307235, 6.159872695247081]",60,60,0,"[59, 1]"
legacy_replay_0.5mm,2.0,0,20,L1,840,14,-0.04148564964322648,-0.04148564964322642,-0.041485649643226485,"[6, 8]","[-1.0240603501091623, 1.2364309172451509]","[-7.155115037621575, 13.415947338764193]",60,60,0,"[28, 32]"
legacy_replay_0.5mm,2.0,0,20,L2,840,14,-0.15029168584580407,-0.15029168584580407,-0.15029168584580407,"[6, 8]","[-1.5030317325030327, 0.5829556529292462]","[-8.655881068581092, 11.041541550795792]",60,60,0,"[22, 38]"
legacy_replay_0.5mm,2.0,0,20,L3,840,14,-0.588553574741658,-0.5885535747416581,-0.5885535747416581,"[2, 12]","[-2.691110150797293, 0.05551442517514484]","[-10.122318867002827, 9.608364149411214]",60,60,0,"[11, 49]"
legacy_replay_0.5mm,2.0,0,20,L4,840,14,-0.5240065976982334,-0.5240065976982332,-0.5240065976982334,"[1, 13]","[-2.0199487564664356, 0.8843620359227888]","[-14.563860880308457, 7.439026753446806]",60,60,0,"[11, 49]"
legacy_replay_0.5mm,2.0,0,20,L5,840,14,-0.3709894726648257,-0.3709894726648257,-0.3709894726648257,"[2, 12]","[-1.7647034027778088, 0.30330964328617593]","[-6.497205622381949, 10.271811501940375]",60,60,0,"[14, 46]"
legacy_replay_0.5mm,2.0,0,20,S1,840,14,0.6360264821118351,0.636026482111835,0.636026482111835,"[11, 3]","[-1.1121739758450573, 2.923794164210877]","[-6.408812822375454, 11.493401562023342]",60,60,0,"[57, 3]"
legacy_replay_0.5mm,2.0,0,20,S2,840,14,1.0393004984819127,1.0393004984819125,1.0393004984819127,"[13, 1]","[-0.07342892709902252, 2.9113084668526823]","[-3.972390972826026, 12.516529338244625]",60,60,0,"[59, 1]"
legacy_replay_0.5mm,2.0,0,100,L1,840,14,-0.2950392708999098,-0.29503927089990944,-0.2950392708999097,"[6, 8]","[-4.108150416114483, 5.077641451101627]","[-17.833134285977106, 40.41885337241542]",60,60,0,"[26, 34]"
legacy_replay_0.5mm,2.0,0,100,L2,840,14,-0.7588242677289514,-0.7588242677289512,-0.7588242677289514,"[5, 9]","[-5.622883727778221, 3.862805374555711]","[-27.964553260466086, 47.47889716682199]",60,60,0,"[17, 43]"
legacy_replay_0.5mm,2.0,0,100,L3,840,14,-0.6254341696833638,-0.6254341696833641,-0.6254341696833638,"[4, 10]","[-9.97226762603808, 12.064559058081398]","[-29.03793270325116, 54.437443100695695]",60,60,0,"[25, 35]"
legacy_replay_0.5mm,2.0,0,100,L4,840,14,-2.2859575257007574,-2.2859575257007574,-2.285957525700758,"[2, 12]","[-6.876217416240639, 0.4477161029155267]","[-23.98669761143647, 14.591144167231226]",60,60,0,"[11, 49]"
legacy_replay_0.5mm,2.0,0,100,L5,840,14,-0.8747223133268626,-0.8747223133268629,-0.8747223133268626,"[2, 12]","[-9.572668158734016, 3.5749805636220917]","[-23.00440999850669, 42.77671737375141]",60,60,0,"[15, 45]"
legacy_replay_0.5mm,2.0,0,100,S1,840,14,0.064126862513231,0.06412686251323099,0.06412686251323099,"[8, 6]","[-5.819259180306914, 3.8647676845027887]","[-27.396454366850843, 39.079021718993836]",60,60,0,"[35, 25]"
legacy_replay_0.5mm,2.0,0,100,S2,840,14,4.775850684826613,4.775850684826613,4.775850684826613,"[12, 2]","[-0.8211689428788728, 17.377026167173266]","[-14.66489392579023, 51.813224393006706]",60,60,0,"[58, 2]"
legacy_replay_0.5mm,2.0,10,20,L1,840,14,0.016115678558895515,0.016115678558895584,0.016115678558895515,"[7, 7]","[-0.4695287321786849, 0.6895522092925899]","[-4.072485241554134, 6.394999661405293]",60,60,0,"[30, 30]"
legacy_replay_0.5mm,2.0,10,20,L2,840,14,-0.03168411015839198,-0.03168411015839197,-0.031684110158391995,"[6, 8]","[-0.39476456679056227, 0.28987151460755173]","[-4.789537310038988, 5.304797289857893]",60,60,0,"[30, 30]"
legacy_replay_0.5mm,2.0,10,20,L3,840,14,-0.325155399532555,-0.32515539953255507,-0.32515539953255507,"[2, 12]","[-1.5712845149586454, 0.18238550110963828]","[-5.5050404860648605, 5.270771153757126]",60,60,0,"[10, 50]"
legacy_replay_0.5mm,2.0,10,20,L4,840,14,-0.2904067514465001,-0.29040675144650013,-0.2904067514465001,"[1, 13]","[-0.744393325802832, 0.41477255488135323]","[-8.211431546176435, 3.215111319622488]",60,60,0,"[10, 50]"
legacy_replay_0.5mm,2.0,10,20,L5,840,14,-0.23609875073480158,-0.23609875073480158,-0.23609875073480158,"[2, 12]","[-1.1135198959827548, 0.15905713057323947]","[-3.9050664229475007, 5.658903655673414]",60,60,0,"[12, 48]"
legacy_replay_0.5mm,2.0,10,20,S1,840,14,0.2929608879953905,0.29296088799539044,0.29296088799539044,"[11, 3]","[-0.6739795698263749, 1.38994269240137]","[-3.5103815584441977, 5.864042482539567]",60,60,0,"[55, 5]"
legacy_replay_0.5mm,2.0,10,20,S2,840,14,0.5742684453179626,0.5742684453179628,0.5742684453179626,"[12, 2]","[-0.020180167465182103, 1.6918888136797359]","[-2.3465022920227288, 6.356656642997543]",60,60,0,"[59, 1]"
legacy_replay_0.5mm,2.0,10,100,L1,840,14,-0.23743794269778778,-0.23743794269778773,-0.23743794269778773,"[6, 8]","[-3.5536187981840044, 5.061181408524342]","[-17.914541132256073, 39.57033884905711]",60,60,0,"[28, 32]"
legacy_replay_0.5mm,2.0,10,100,L2,840,14,-0.640216692041539,-0.640216692041539,-0.6402166920415392,"[6, 8]","[-5.778309768398941, 4.971072540268181]","[-27.672925741241478, 43.83872279525758]",60,60,0,"[19, 41]"
legacy_replay_0.5mm,2.0,10,100,L3,840,14,-0.3620359944742606,-0.3620359944742606,-0.36203599447426066,"[5, 9]","[-8.852441990199432, 12.222688286835632]","[-27.563052295353636, 52.96959164863135]",60,60,0,"[30, 30]"
legacy_replay_0.5mm,2.0,10,100,L4,840,14,-2.052357679449024,-2.0523576794490244,-2.0523576794490235,"[2, 12]","[-6.823356325585999, 1.5566016489702224]","[-23.449502083424644, 14.129070676771416]",60,60,0,"[11, 49]"
legacy_replay_0.5mm,2.0,10,100,L5,840,14,-0.7398315913968383,-0.7398315913968385,-0.7398315913968384,"[2, 12]","[-8.921484651938963, 3.4640608627853022]","[-22.109381602011403, 41.42198790030794]",60,60,0,"[16, 44]"
legacy_replay_0.5mm,2.0,10,100,S1,840,14,-0.27893873160321364,-0.27893873160321375,-0.2789387316032137,"[8, 6]","[-5.381064774288232, 3.4760694919300845]","[-26.863458460154177, 38.774097046350796]",60,60,0,"[33, 27]"
legacy_replay_0.5mm,2.0,10,100,S2,840,14,4.310818631662663,4.310818631662663,4.310818631662663,"[12, 2]","[-0.912434234804289, 16.15760651400032]","[-14.087775085671773, 49.9227676867973]",60,60,0,"[57, 3]"
legacy_replay_0.5mm,2.0,20,100,L1,840,14,-0.2535536212566832,-0.2535536212566833,-0.2535536212566833,"[6, 8]","[-3.08409006600532, 4.630139551877456]","[-18.126444566776268, 34.28803099963783]",60,60,0,"[27, 33]"
legacy_replay_0.5mm,2.0,20,100,L2,840,14,-0.6085325818831472,-0.6085325818831472,-0.6085325818831473,"[6, 8]","[-5.869041512728368, 5.365837107058745]","[-27.22602795859385, 39.14697863627476]",60,60,0,"[21, 39]"
legacy_replay_0.5mm,2.0,20,100,L3,840,14,-0.03688059494170593,-0.03688059494170604,-0.03688059494170568,"[5, 9]","[-7.2811574752407875, 12.040302785725988]","[-24.2979344348547, 50.66941895200101]",60,60,0,"[33, 27]"
legacy_replay_0.5mm,2.0,20,100,L4,840,14,-1.761950928002524,-1.761950928002524,-1.761950928002524,"[2, 12]","[-6.3341925596994555, 2.3009949747730554]","[-22.646096071603676, 14.754646717333333]",60,60,0,"[11, 49]"
legacy_replay_0.5mm,2.0,20,100,L5,840,14,-0.5037328406620369,-0.5037328406620369,-0.5037328406620369,"[4, 10]","[-7.807964755956205, 3.3350802613575996]","[-20.7701230528954, 40.46033719584]",60,60,0,"[25, 35]"
legacy_replay_0.5mm,2.0,20,100,S1,840,14,-0.5718996195986039,-0.5718996195986042,-0.571899619598604,"[8, 6]","[-4.7070852044618565, 2.948439251217687]","[-25.884527407997805, 35.105188146636166]",60,60,0,"[26, 34]"
legacy_replay_0.5mm,2.0,20,100,S2,840,14,3.7365501863447013,3.7365501863447004,3.7365501863447004,"[12, 2]","[-0.8922540673391066, 14.465717700320582]","[-14.965637778615335, 46.39817417718729]",60,60,0,"[56, 4]"
legacy_replay_0.5mm,5.0,0,10,L1,840,14,-0.16335472412984153,-0.16335472412984164,-0.16335472412984153,"[7, 7]","[-3.016623058846534, 1.230937944093855]","[-8.590744597800526, 4.66626010678324]",60,60,0,"[16, 44]"
legacy_replay_0.5mm,5.0,0,10,L2,840,14,-0.11939010428141708,-0.11939010428141703,-0.11939010428141707,"[8, 6]","[-2.3861984164718413, 1.5511627805027157]","[-5.248569236450123, 6.743218681315624]",60,60,0,"[22, 38]"
legacy_replay_0.5mm,5.0,0,10,L3,840,14,-0.3677374103135302,-0.3677374103135301,-0.3677374103135302,"[5, 9]","[-2.2578672691147164, 0.5930731079871101]","[-4.535688720046976, 3.335949138836308]",60,60,0,"[6, 54]"
legacy_replay_0.5mm,5.0,0,10,L4,840,14,-0.17860466910424194,-0.17860466910424191,-0.178604669104242,"[4, 10]","[-0.9356008655679704, 0.9487879827430222]","[-5.499815381643866, 3.1458313814023837]",60,60,0,"[14, 46]"
legacy_replay_0.5mm,5.0,0,10,L5,840,14,-0.00050018029706278,-0.0005001802970627998,-0.00050018029706278,"[5, 9]","[-0.3581003024543094, 0.47126205149466727]","[-4.209242957456843, 3.516197650431768]",60,60,0,"[34, 26]"
legacy_replay_0.5mm,5.0,0,10,S1,840,14,0.48862659626251764,0.4886265962625175,0.4886265962625176,"[13, 1]","[-0.7174509526289435, 1.6090045887390394]","[-4.327587896605695, 7.597726383910403]",60,60,0,"[59, 1]"
legacy_replay_0.5mm,5.0,0,10,S2,840,14,0.3409604918635757,0.3409604918635757,0.34096049186357563,"[12, 2]","[-0.46012326595465164, 0.9398402105061179]","[-2.9424950051243517, 5.104589727531445]",60,60,0,"[59, 1]"
legacy_replay_0.5mm,5.0,0,20,L1,840,14,0.092037867745134,0.09203786774513402,0.09203786774513385,"[11, 3]","[-5.654417847618288, 2.580751456217782]","[-19.171126343334397, 10.20773917457418]",60,60,0,"[35, 25]"
legacy_replay_0.5mm,5.0,0,20,L2,840,14,-0.055630929057850186,-0.05563092905785012,-0.0556309290578502,"[7, 7]","[-5.484276082210171, 3.0764212474932227]","[-9.41858670167425, 14.547823826402531]",60,60,0,"[31, 29]"
legacy_replay_0.5mm,5.0,0,20,L3,840,14,-0.8702485780104914,-0.8702485780104914,-0.8702485780104914,"[5, 9]","[-4.750913952420844, 1.1466313211046397]","[-9.297025993284663, 6.328377355329218]",60,60,0,"[6, 54]"
legacy_replay_0.5mm,5.0,0,20,L4,840,14,-0.47933582851947343,-0.47933582851947354,-0.47933582851947343,"[4, 10]","[-1.512576329010388, 1.9437233387255504]","[-10.605808808119397, 5.691331151301264]",60,60,0,"[17, 43]"
legacy_replay_0.5mm,5.0,0,20,L5,840,14,-0.21044064920790864,-0.21044064920790867,-0.21044064920790867,"[4, 10]","[-1.0475720422350325, 1.2734617865079494]","[-8.969987179416073, 6.838732002522874]",60,60,0,"[27, 33]"
legacy_replay_0.5mm,5.0,0,20,S1,840,14,0.8861084391946401,0.8861084391946401,0.8861084391946404,"[13, 1]","[-1.6485109210793172, 3.5681491538297716]","[-9.856085507372935, 15.346719100370537]",60,60,0,"[60, 0]"
legacy_replay_0.5mm,5.0,0,20,S2,840,14,0.6375096778559491,0.6375096778559494,0.6375096778559493,"[13, 1]","[-1.6876306272490829, 2.07552336456027]","[-6.749897455835657, 10.347909588385413]",60,60,0,"[58, 2]"
legacy_replay_0.5mm,5.0,0,100,L1,840,14,-1.105099485521535,-1.105099485521535,-1.105099485521535,"[5, 9]","[-6.185558587532333, 3.819183968074554]","[-23.843770663692844, 29.776472218741006]",60,60,0,"[15, 45]"
legacy_replay_0.5mm,5.0,0,100,L2,840,14,-1.8435491674450313,-1.8435491674450306,-1.843549167445031,"[2, 12]","[-13.919316060439629, 5.649934781404606]","[-31.92562724269908, 32.91483165408778]",60,60,0,"[6, 54]"
legacy_replay_0.5mm,5.0,0,100,L3,840,14,-1.2158807404512832,-1.2158807404512835,-1.2158807404512835,"[5, 9]","[-14.594393294402114, 12.804900881249676]","[-34.670533310969134, 39.389522288870126]",60,60,0,"[12, 48]"
legacy_replay_0.5mm,5.0,0,100,L4,840,14,-4.0033799664285175,-4.0033799664285175,-4.0033799664285175,"[2, 12]","[-13.7888038387143, 1.8812613856204432]","[-37.07781410396204, 12.971854596672433]",60,60,0,"[5, 55]"
legacy_replay_0.5mm,5.0,0,100,L5,840,14,-0.5367704060182944,-0.5367704060182944,-0.5367704060182944,"[7, 7]","[-9.697989625132548, 3.3534312006342866]","[-24.103431490856973, 32.373515212284765]",60,60,0,"[20, 40]"
legacy_replay_0.5mm,5.0,0,100,S1,840,14,2.305536278872463,2.3055362788724634,2.3055362788724625,"[11, 3]","[-9.683315382049223, 7.663662265414035]","[-26.94907368954199, 26.727034559709566]",60,60,0,"[50, 10]"
legacy_replay_0.5mm,5.0,0,100,S2,840,14,6.3991434869922,6.3991434869922,6.399143486992198,"[13, 1]","[-1.9228980560778997, 15.493194014895456]","[-19.485610701565033, 47.417590222671244]",60,60,0,"[60, 0]"
legacy_replay_0.5mm,5.0,10,20,L1,840,14,0.25539259187497537,0.2553925918749754,0.2553925918749754,"[12, 2]","[-2.6377947887717563, 1.3498135121239263]","[-11.04716839397602, 5.541479067790939]",60,60,0,"[45, 15]"
legacy_replay_0.5mm,5.0,10,20,L2,840,14,0.0637591752235669,0.06375917522356689,0.06375917522356687,"[10, 4]","[-3.0980776657383293, 1.525258466990507]","[-5.184952781869365, 7.8046051450869065]",60,60,0,"[36, 24]"
legacy_replay_0.5mm,5.0,10,20,L3,840,14,-0.5025111676969612,-0.5025111676969612,-0.5025111676969614,"[4, 10]","[-2.493046683306128, 0.5535582131175294]","[-5.439980847179848, 3.666418266294097]",60,60,0,"[5, 55]"
legacy_replay_0.5mm,5.0,10,20,L4,840,14,-0.3007311594152315,-0.30073115941523143,-0.3007311594152315,"[3, 11]","[-0.9350835955923915, 0.9949353559825281]","[-5.850142782556139, 3.4000284514660306]",60,60,0,"[18, 42]"
legacy_replay_0.5mm,5.0,10,20,L5,840,14,-0.20994046891084586,-0.20994046891084586,-0.20994046891084586,"[3, 11]","[-0.8468391072717639, 0.8021997350132825]","[-5.580801597254292, 4.49508910576073]",60,60,0,"[20, 40]"
legacy_replay_0.5mm,5.0,10,20,S1,840,14,0.3974818429321226,0.3974818429321226,0.3974818429321226,"[13, 1]","[-0.9310599684503732, 1.959144565090732]","[-5.528497610767241, 7.748992716460135]",60,60,0,"[57, 3]"
legacy_replay_0.5mm,5.0,10,20,S2,840,14,0.2965491859923735,0.29654918599237345,0.2965491859923735,"[11, 3]","[-1.2275073612944314, 1.2001873284913045]","[-3.807402450711306, 5.342165079063388]",60,60,0,"[55, 5]"
legacy_replay_0.5mm,5.0,10,100,L1,840,14,-0.9417447613916937,-0.9417447613916937,-0.9417447613916935,"[5, 9]","[-4.119730191892678, 4.189352131019231]","[-16.102082532313112, 28.088093801258907]",60,60,0,"[20, 40]"
legacy_replay_0.5mm,5.0,10,100,L2,840,14,-1.7241590631636143,-1.7241590631636141,-1.7241590631636141,"[3, 11]","[-14.088842803085367, 8.036133197876444]","[-32.26981953878864, 34.05592249626589]",60,60,0,"[7, 53]"
legacy_replay_0.5mm,5.0,10,100,L3,840,14,-0.8481433301377534,-0.8481433301377527,-0.8481433301377534,"[5, 9]","[-13.275081791822076, 15.062768150364395]","[-30.82660418246007, 41.78045325953392]",60,60,0,"[15, 45]"
legacy_replay_0.5mm,5.0,10,100,L4,840,14,-3.8247752973242752,-3.8247752973242766,-3.824775297324276,"[1, 13]","[-13.569758218667086, 1.9788390930065247]","[-35.89924549993217, 11.860097784884074]",60,60,0,"[5, 55]"
legacy_replay_0.5mm,5.0,10,100,L5,840,14,-0.5362702257212317,-0.5362702257212314,-0.5362702257212315,"[8, 6]","[-10.169251676627216, 3.108598356838598]","[-23.51317385367912, 31.8083899537819]",60,60,0,"[18, 42]"
legacy_replay_0.5mm,5.0,10,100,S1,840,14,1.8169096826099451,1.8169096826099445,1.8169096826099456,"[10, 4]","[-10.437252098340938, 7.50186047557046]","[-27.617508681342173, 27.892008430056357]",60,60,0,"[44, 16]"
legacy_replay_0.5mm,5.0,10,100,S2,840,14,6.0581829951286235,6.0581829951286235,6.0581829951286235,"[13, 1]","[-1.4627747901232482, 14.617857978826482]","[-17.62512999916019, 44.222181932789404]",60,60,0,"[60, 0]"
legacy_replay_0.5mm,5.0,20,100,L1,840,14,-1.1971373532666691,-1.1971373532666691,-1.1971373532666691,"[5, 9]","[-4.437699712943651, 3.795033925357763]","[-16.710366535009026, 26.34937564899427]",60,60,0,"[15, 45]"
legacy_replay_0.5mm,5.0,20,100,L2,840,14,-1.7879182383871806,-1.787918238387181,-1.7879182383871812,"[3, 11]","[-13.913817398673208, 11.134210863614776]","[-32.69241014568438, 30.861994040228712]",60,60,0,"[7, 53]"
legacy_replay_0.5mm,5.0,20,100,L3,840,14,-0.3456321624407921,-0.34563216244079187,-0.34563216244079215,"[5, 9]","[-11.133274441423127, 17.55581483367052]","[-25.444352638237245, 44.00272194783543]",60,60,0,"[28, 32]"
legacy_replay_0.5mm,5.0,20,100,L4,840,14,-3.5240441379090446,-3.5240441379090446,-3.5240441379090446,"[1, 13]","[-12.974194892481503, 2.030575520002079]","[-34.20554130597485, 11.519899266691827]",60,60,0,"[2, 58]"
legacy_replay_0.5mm,5.0,20,100,L5,840,14,-0.3263297568103857,-0.3263297568103854,-0.3263297568103858,"[9, 5]","[-10.971451411640496, 3.2358046310854665]","[-21.1384414381475, 27.31330084802117]",60,60,0,"[22, 38]"
legacy_replay_0.5mm,5.0,20,100,S1,840,14,1.419427839677823,1.4194278396778222,1.419427839677823,"[10, 4]","[-10.475231440225597, 7.330563405297126]","[-28.19101279037661, 29.153190853063016]",60,60,0,"[40, 20]"
legacy_replay_0.5mm,5.0,20,100,S2,840,14,5.76163380913625,5.761633809136251,5.76163380913625,"[13, 1]","[-0.23526742882881685, 13.417670650335179]","[-14.257029669513319, 42.80286316472819]",60,60,0,"[60, 0]"
legacy_replay_0.5mm,10.0,0,10,L1,780,13,0.28029531189504564,0.2802953118950458,,"[8, 5]","[-3.002455835776562, 1.9061477191079184]","[-8.65042449463133, 5.454751381038149]",0,60,60,"[0, 0]"
legacy_replay_0.5mm,10.0,0,10,L2,780,13,-0.3116835372663275,-0.3116835372663276,,"[6, 7]","[-2.2560079240142494, 1.070008730832382]","[-4.023003891637855, 4.419494997068122]",0,60,60,"[0, 0]"
legacy_replay_0.5mm,10.0,0,10,L3,780,13,-0.3090248283097436,-0.30902482830974376,,"[4, 9]","[-2.1593654286496142, 0.9893316467145282]","[-4.28627835100428, 3.732179684081252]",0,60,60,"[0, 0]"
legacy_replay_0.5mm,10.0,0,10,L4,780,13,-0.06853302811053051,-0.06853302811053051,,"[6, 7]","[-1.626909838139173, 1.4190588206264918]","[-3.9747314158668807, 2.9120543691460554]",0,60,60,"[0, 0]"
legacy_replay_0.5mm,10.0,0,10,L5,780,13,-0.04957315213972158,-0.049573152139721535,,"[5, 8]","[-1.0750195060305627, 0.8711095459238453]","[-2.7533509047183657, 2.5605777645693566]",0,60,60,"[0, 0]"
legacy_replay_0.5mm,10.0,0,10,S1,780,13,0.29558579594143686,0.2955857959414369,,"[9, 4]","[-0.3454240182483479, 1.5426589242193045]","[-2.6241139993944644, 3.812947633178215]",0,60,60,"[0, 0]"
legacy_replay_0.5mm,10.0,0,10,S2,780,13,0.16293343798984067,0.16293343798984067,,"[11, 2]","[-0.47268723120180434, 0.5414987255723998]","[-1.8685263319253465, 2.930782700206258]",0,60,60,"[0, 0]"
legacy_replay_0.5mm,10.0,0,20,L1,780,13,1.2141664881808851,1.2141664881808856,,"[10, 3]","[-6.011689672664524, 4.370066401987842]","[-19.973257955494606, 11.115889906458404]",0,60,60,"[0, 0]"
legacy_replay_0.5mm,10.0,0,20,L2,780,13,-0.2113787156498061,-0.21137871564980626,,"[9, 4]","[-5.447516268383461, 2.1890109303445033]","[-7.447340485274589, 10.202124403433016]",0,60,60,"[0, 0]"
legacy_replay_0.5mm,10.0,0,20,L3,780,13,-0.8893062768060758,-0.8893062768060754,,"[4, 9]","[-5.284925504749283, 1.0416451857604057]","[-6.450763062742346, 6.039504024323096]",0,60,60,"[0, 0]"
legacy_replay_0.5mm,10.0,0,20,L4,780,13,-0.299913630339149,-0.299913630339149,,"[5, 8]","[-2.0580444397079067, 2.1811097189626825]","[-7.291710436169113, 4.752641719491907]",0,60,60,"[0, 0]"
legacy_replay_0.5mm,10.0,0,20,L5,780,13,-0.467411030703266,-0.46741103070326584,,"[3, 10]","[-2.3497068247985164, 1.7692830109702165]","[-5.967030562705506, 4.1364323180489295]",0,60,60,"[0, 0]"
legacy_replay_0.5mm,10.0,0,20,S1,780,13,0.44435198422706024,0.44435198422706024,,"[9, 4]","[-0.7496131052615023, 3.6861676890722297]","[-4.706361426982017, 8.075469687464537]",0,60,60,"[0, 0]"
legacy_replay_0.5mm,10.0,0,20,S2,780,13,0.20949118109035159,0.20949118109035164,,"[7, 6]","[-0.8295695728243137, 1.3729409101897223]","[-3.4171613458893204, 6.975576803779027]",0,60,60,"[0, 0]"
legacy_replay_0.5mm,10.0,0,100,L1,780,13,-1.778225961391404,-1.7782259613914033,,"[1, 12]","[-5.485426370422044, 6.0802685331274375]","[-18.161256759407312, 24.767236253064922]",0,60,60,"[0, 0]"
legacy_replay_0.5mm,10.0,0,100,L2,780,13,-2.778452146154998,-2.7784521461549985,,"[2, 11]","[-11.574082946475793, 7.060108306109108]","[-22.705082416853433, 21.375184289558486]",0,60,60,"[0, 0]"
legacy_replay_0.5mm,10.0,0,100,L3,780,13,-2.223709797607883,-2.223709797607882,,"[3, 10]","[-11.068418383225973, 9.461066739473663]","[-20.22697491054568, 21.056688606747453]",0,60,60,"[0, 0]"
legacy_replay_0.5mm,10.0,0,100,L4,780,13,-2.7241880521130515,-2.7241880521130515,,"[4, 9]","[-8.012936255383377, 3.841664871619519]","[-20.07899141779091, 10.6653035343329]",0,60,60,"[0, 0]"
legacy_replay_0.5mm,10.0,0,100,L5,780,13,0.15664695772920273,0.1566469577292024,,"[8, 5]","[-8.842559266284054, 4.632503301544501]","[-22.760192224761038, 22.389224662774737]",0,60,60,"[0, 0]"
legacy_replay_0.5mm,10.0,0,100,S1,780,13,3.508666952307718,3.5086669523077174,,"[10, 3]","[-3.7067468141473596, 8.07376725107619]","[-18.305400787390795, 24.111642747913645]",0,60,60,"[0, 0]"
legacy_replay_0.5mm,10.0,0,100,S2,780,13,5.839262047230416,5.839262047230416,,"[13, 0]","[0.8119850463785663, 14.571969602602069]","[-9.735998364969623, 40.420548822030874]",0,60,60,"[0, 0]"
legacy_replay_0.5mm,10.0,10,20,L1,780,13,0.9338711762858396,0.9338711762858397,,"[12, 1]","[-3.5706564519577655, 2.4639186828799247]","[-11.322833460863274, 5.6894742217946295]",0,60,60,"[0, 0]"
legacy_replay_0.5mm,10.0,10,20,L2,780,13,0.10030482161652134,0.10030482161652134,,"[10, 3]","[-3.1915083443692107, 1.11900219951212]","[-4.239839411720793, 5.782629406364895]",0,60,60,"[0, 0]"
legacy_replay_0.5mm,10.0,10,20,L3,780,13,-0.5802814484963319,-0.5802814484963322,,"[5, 8]","[-3.125560076099671, 0.5630572914428618]","[-4.079965236664046, 2.920703446684836]",0,60,60,"[0, 0]"
legacy_replay_0.5mm,10.0,10,20,L4,780,13,-0.2313806022286185,-0.23138060222861853,,"[4, 9]","[-1.2527421830116987, 1.1947714550584692]","[-4.476957085774111, 2.8113540145474265]",0,60,60,"[0, 0]"
legacy_replay_0.5mm,10.0,10,20,L5,780,13,-0.41783787856354454,-0.4178378785635445,,"[2, 11]","[-1.2927250402969426, 1.0527421372570651]","[-4.506109183044926, 2.3764528887357415]",0,60,60,"[0, 0]"
legacy_replay_0.5mm,10.0,10,20,S1,780,13,0.14876618828562332,0.14876618828562327,,"[6, 7]","[-0.462393713376636, 2.143508764852925]","[-2.8737604484141865, 4.262522054286322]",0,60,60,"[0, 0]"
legacy_replay_0.5mm,10.0,10,20,S2,780,13,0.0465577431005109,0.0465577431005109,,"[6, 7]","[-0.5125945921877257, 0.8705286926788439]","[-2.2300703249031746, 4.044794103572769]",0,60,60,"[0, 0]"
legacy_replay_0.5mm,10.0,10,100,L1,780,13,-2.058521273286449,-2.0585212732864497,,"[1, 12]","[-4.564517233173989, 4.174120814019518]","[-11.862413440725236, 20.557627653962424]",0,60,60,"[0, 0]"
legacy_replay_0.5mm,10.0,10,100,L2,780,13,-2.4667686088886707,-2.4667686088886707,,"[4, 9]","[-10.683223401387368, 9.316116230123361]","[-21.35060013422731, 19.111508968661447]",0,60,60,"[0, 0]"
legacy_replay_0.5mm,10.0,10,100,L3,780,13,-1.9146849692981391,-1.9146849692981391,,"[4, 9]","[-10.733736799874489, 11.620432168123273]","[-20.605823710517456, 22.92247288639768]",0,60,60,"[0, 0]"
legacy_replay_0.5mm,10.0,10,100,L4,780,13,-2.655655024002521,-2.655655024002521,,"[4, 9]","[-8.999274519287589, 3.814005403758906]","[-19.31942286986533, 10.099569662331302]",0,60,60,"[0, 0]"
legacy_replay_0.5mm,10.0,10,100,L5,780,13,0.20622010986892417,0.206220109868924,,"[8, 5]","[-9.559100139997204, 4.712966140411312]","[-20.491715936179105, 23.917811073414175]",0,60,60,"[0, 0]"
legacy_replay_0.5mm,10.0,10,100,S1,780,13,3.213081156366281,3.213081156366281,,"[10, 3]","[-5.249405738366663, 8.034048193128944]","[-19.483576451082293, 22.08958465054535]",0,60,60,"[0, 0]"
legacy_replay_0.5mm,10.0,10,100,S2,780,13,5.676328609240575,5.676328609240574,,"[13, 0]","[0.6546485897071513, 14.098424902615267]","[-10.7356606450431, 39.47298170507212]",0,60,60,"[0, 0]"
legacy_replay_0.5mm,10.0,20,100,L1,780,13,-2.992392449572289,-2.992392449572288,,"[2, 11]","[-6.372058637528502, 1.78658404971127]","[-14.083507370902758, 15.861521327758979]",0,60,60,"[0, 0]"
legacy_replay_0.5mm,10.0,20,100,L2,780,13,-2.5670734305051917,-2.5670734305051917,,"[4, 9]","[-10.563966265868176, 12.507624574492574]","[-19.55650001408258, 23.19526101474632]",0,60,60,"[0, 0]"
legacy_replay_0.5mm,10.0,20,100,L3,780,13,-1.3344035208018068,-1.3344035208018068,,"[6, 7]","[-9.550269017461762, 14.745992244222947]","[-19.34556188286832, 24.741944177169383]",0,60,60,"[0, 0]"
legacy_replay_0.5mm,10.0,20,100,L4,780,13,-2.4242744217739025,-2.424274421773903,,"[5, 8]","[-10.194045974346059, 3.9462212983271705]","[-18.559616842469197, 10.389586805108616]",0,60,60,"[0, 0]"
legacy_replay_0.5mm,10.0,20,100,L5,780,13,0.6240579884324687,0.6240579884324688,,"[9, 4]","[-10.611842277254269, 4.946912275145428]","[-17.83570728817677, 25.93302822631279]",0,60,60,"[0, 0]"
legacy_replay_0.5mm,10.0,20,100,S1,780,13,3.0643149680806574,3.0643149680806583,,"[10, 3]","[-7.392914503219589, 7.86989401540203]","[-18.65260122520276, 20.862849565404794]",0,60,60,"[0, 0]"
legacy_replay_0.5mm,10.0,20,100,S2,780,13,5.629770866140063,5.629770866140063,,"[13, 0]","[0.558636241170129, 13.227896209936423]","[-11.043350030587384, 37.736882296689]",0,60,60,"[0, 0]"
nearest_complete_0.5mm,all,0,10,L1,2460,14,0.4685079838707342,0.4665888797207551,-0.037735605169450424,"[13, 1]","[-2.692353134821023, 1.331304702654562]","[-9.311513601684856, 7.935949710302531]",120,180,60,"[50, 70]"
nearest_complete_0.5mm,all,0,10,L2,2460,14,0.17374821111093824,0.16488540682783778,0.024756071964585,"[10, 4]","[-2.0445415611705804, 0.8941394459441232]","[-3.896156420406158, 7.003009874178284]",120,180,60,"[62, 58]"
nearest_complete_0.5mm,all,0,10,L3,2460,14,-0.19796472619974811,-0.19611213224656074,-0.23619025461840423,"[7, 7]","[-1.6198683848541586, 0.6855665364739875]","[-4.460694935535386, 4.391148306658687]",120,180,60,"[19, 101]"
nearest_complete_0.5mm,all,0,10,L4,2460,14,-0.09016204180841947,-0.0960077555761194,0.00933332993751228,"[3, 11]","[-0.4189438488756607, 0.6738638725105637]","[-2.9173110378003395, 3.4232867132955755]",120,180,60,"[61, 59]"
nearest_complete_0.5mm,all,0,10,L5,2460,14,-0.26588021439817916,-0.25764034795209184,-0.13168530466821377,"[4, 10]","[-0.7238585016977588, 0.4091530853136116]","[-4.503550044761773, 4.199817168890396]",120,180,60,"[34, 86]"
nearest_complete_0.5mm,all,0,10,S1,2460,14,-0.07580506672847433,-0.07147775578121189,0.1408739179984956,"[5, 9]","[-0.7418032626878116, 1.3869495832298515]","[-4.8492701330656915, 6.306184290236427]",120,180,60,"[79, 41]"
nearest_complete_0.5mm,all,0,10,S2,2460,14,-0.012444145846851534,-0.010236294992609207,0.2306478445554755,"[7, 7]","[-0.6925261130630855, 0.6890105312513167]","[-2.852739067773258, 6.172487317542092]",120,180,60,"[88, 32]"
nearest_complete_0.5mm,all,0,20,L1,2460,14,0.8062630553385232,0.811427934553661,-0.08917973541183835,"[13, 1]","[-6.32305086836288, 2.627412909359127]","[-21.428271982390086, 15.401601665826725]",120,180,60,"[51, 69]"
nearest_complete_0.5mm,all,0,20,L2,2460,14,0.2943634962112447,0.2785289903430886,0.04160501689503446,"[10, 4]","[-4.392038218024892, 1.8825747470110652]","[-8.726162909999601, 14.827411894240067]",120,180,60,"[61, 59]"
nearest_complete_0.5mm,all,0,20,L3,2460,14,-0.4209840188208902,-0.4160159312997234,-0.5305668533001704,"[6, 8]","[-3.4299443000675103, 1.3881998158714963]","[-10.786856073483014, 9.919082503241643]",120,180,60,"[18, 102]"
nearest_complete_0.5mm,all,0,20,L4,2460,14,-0.18297772256710615,-0.20254105940210126,-0.014400221831703657,"[4, 10]","[-1.004637869636903, 1.218981040906459]","[-5.434257370827409, 5.970546253157849]",120,180,60,"[56, 64]"
nearest_complete_0.5mm,all,0,20,L5,2460,14,-0.5147692369507848,-0.49913382589834776,-0.26727761365727526,"[4, 10]","[-1.4461265161745847, 0.858306561302861]","[-10.463441710932658, 9.741814946695449]",120,180,60,"[34, 86]"
nearest_complete_0.5mm,all,0,20,S1,2460,14,-0.0911450002439352,-0.08360918404865973,0.27674773987579865,"[6, 8]","[-1.680412799932341, 3.0427975799720848]","[-10.733139018747822, 11.882365171484565]",120,180,60,"[78, 42]"
nearest_complete_0.5mm,all,0,20,S2,2460,14,0.10924942703294813,0.111343075752083,0.5830716674301545,"[8, 6]","[-1.3403269419666828, 1.7825715827523445]","[-4.933607252500469, 12.811839990328727]",120,180,60,"[94, 26]"
nearest_complete_0.5mm,all,0,100,L1,2460,14,-2.833939070874033,-2.6937746568953944,-1.9178102909508947,"[2, 12]","[-8.186702608225199, 3.052966316228791]","[-24.377963658261155, 39.174089735997505]",120,180,60,"[27, 93]"
nearest_complete_0.5mm,all,0,100,L2,2460,14,-1.8869279838397515,-2.1288345455564333,-2.1618153982100026,"[2, 12]","[-12.047003575940382, 5.451232810763887]","[-45.8989210626539, 47.95294820189072]",120,180,60,"[16, 104]"
nearest_complete_0.5mm,all,0,100,L3,2460,14,-0.2268443190118779,-0.10767875621750518,-0.18903059494352406,"[5, 9]","[-11.37560208700896, 11.781577243528101]","[-36.37686560610819, 54.54933534056029]",120,180,60,"[55, 65]"
nearest_complete_0.5mm,all,0,100,L4,2460,14,-1.1913605775865355,-1.4195145383108736,-1.8668968308641853,"[5, 9]","[-10.773826928008729, 1.4485397325487344]","[-45.45269142263615, 14.00893081161812]",120,180,60,"[32, 88]"
nearest_complete_0.5mm,all,0,100,L5,2460,14,0.45400560379591814,0.5263625324896435,0.26163771428050225,"[12, 2]","[-9.553099920895834, 3.4929966089323514]","[-37.2507063713838, 40.92841807723519]",120,180,60,"[71, 49]"
nearest_complete_0.5mm,all,0,100,S1,2460,14,0.40865487846392734,0.5367255262694417,0.21990771179217133,"[10, 4]","[-7.1174785527120905, 5.787622086295519]","[-34.69528006723591, 42.40731645421314]",120,180,60,"[66, 54]"
nearest_complete_0.5mm,all,0,100,S2,2460,14,5.276411469052352,5.286714438221123,5.654007688895932,"[14, 0]","[2.5643568748841576, 13.04568204099973]","[-14.346772755489265, 50.471004845975564]",120,180,60,"[119, 1]"
nearest_complete_0.5mm,all,10,20,L1,2460,14,0.3377550714677891,0.3448390548329051,-0.051444130242387906,"[13, 1]","[-3.6306977335418593, 1.3683113802458573]","[-12.931843662513803, 7.465651955524194]",120,180,60,"[52, 68]"
nearest_complete_0.5mm,all,10,20,L2,2460,14,0.12061528510030656,0.11364358351525089,0.01684894493044943,"[11, 3]","[-2.3474966568543083, 0.9936834219418803]","[-4.861058661838068, 7.829838366631065]",120,180,60,"[61, 59]"
nearest_complete_0.5mm,all,10,20,L3,2460,14,-0.22301929262114206,-0.2199037990531625,-0.2943765986817662,"[7, 7]","[-1.8100759152133508, 0.7026332793975084]","[-6.3261611379476275, 5.527934196582956]",120,180,60,"[21, 99]"
nearest_complete_0.5mm,all,10,20,L4,2460,14,-0.09281568075868665,-0.10653330382598182,-0.023733551769215943,"[4, 10]","[-0.6689558495850849, 0.5960403785355693]","[-3.5717321024184527, 3.330731590012509]",120,180,60,"[53, 67]"
nearest_complete_0.5mm,all,10,20,L5,2460,14,-0.24888902255260567,-0.24149347794625597,-0.13559230898906147,"[4, 10]","[-0.7222680144768269, 0.4824030184126611]","[-5.959891666170885, 5.541997777805053]",120,180,60,"[36, 84]"
nearest_complete_0.5mm,all,10,20,S1,2460,14,-0.015339933515460882,-0.01213142826744794,0.135873821877303,"[6, 8]","[-0.9386095372445298, 1.655847996742232]","[-5.883868885682131, 6.839082732848642]",120,180,60,"[74, 46]"
nearest_complete_0.5mm,all,10,20,S2,2460,14,0.12169357287979969,0.12157937074469237,0.35242382287467894,"[8, 6]","[-0.6478008289035979, 1.0935610515010297]","[-2.6592807576735185, 6.639352672786636]",120,180,60,"[98, 22]"
nearest_complete_0.5mm,all,10,100,L1,2460,14,-3.302447054744767,-3.1603635366161487,-1.880074685781444,"[1, 13]","[-6.934427982966527, 2.665060706657166]","[-18.165769486763605, 39.00360119229339]",120,180,60,"[32, 88]"
nearest_complete_0.5mm,all,10,100,L2,2460,14,-2.0606761949506898,-2.2937199523842713,-2.186571470174588,"[2, 12]","[-11.848514007161102, 7.495774371934466]","[-46.07556074503335, 43.87396889875216]",120,180,60,"[16, 104]"
nearest_complete_0.5mm,all,10,100,L3,2460,14,-0.02887959281212993,0.08843337602905418,0.04715965967488018,"[5, 9]","[-10.076957398039369, 13.401445628382255]","[-32.78797616109556, 52.61734839837972]",120,180,60,"[65, 55]"
nearest_complete_0.5mm,all,10,100,L4,2460,14,-1.1011985357781162,-1.323506782734754,-1.8762301608016976,"[7, 7]","[-10.43814490795691, 1.4110164586067064]","[-45.3049066680047, 14.23965900539081]",120,180,60,"[30, 90]"
nearest_complete_0.5mm,all,10,100,L5,2460,14,0.7198858181940975,0.7840028804417349,0.3933230189487159,"[12, 2]","[-9.962253006209451, 3.4128024325948663]","[-34.18085759025599, 40.5322513337268]",120,180,60,"[73, 47]"
nearest_complete_0.5mm,all,10,100,S1,2460,14,0.48445994519240143,0.6082032820506523,0.07903379379367567,"[10, 4]","[-6.600832124210203, 5.681680093238973]","[-32.41327150851029, 37.89489720690338]",120,180,60,"[62, 58]"
nearest_complete_0.5mm,all,10,100,S2,2460,14,5.288855614899203,5.296950733213732,5.423359844340457,"[14, 0]","[2.716352005753682, 12.356671509748413]","[-15.204108139178931, 48.72509434501088]",120,180,60,"[117, 3]"
nearest_complete_0.5mm,all,20,100,L1,2460,14,-3.6402021262125563,-3.5052025914490534,-1.8286305555390563,"[1, 13]","[-7.786022932953178, 2.0297783338545043]","[-19.38181901738674, 35.14513286938098]",120,180,60,"[32, 88]"
nearest_complete_0.5mm,all,20,100,L2,2460,14,-2.181291480050996,-2.407363535899521,-2.2034204151050374,"[2, 12]","[-11.676317825689052, 9.843271028788775]","[-45.91398726415588, 39.07894916645056]",120,180,60,"[16, 104]"
nearest_complete_0.5mm,all,20,100,L3,2460,14,0.19413969980901216,0.3083371750822176,0.3415362583566463,"[4, 10]","[-8.294709509376602, 15.21152154359561]","[-27.05554720732451, 49.99619903818655]",120,180,60,"[73, 47]"
nearest_complete_0.5mm,all,20,100,L4,2460,14,-1.0083828550194294,-1.2169734789087718,-1.8524966090324817,"[9, 5]","[-10.09297929998662, 1.7874926134227882]","[-45.11118949744086, 13.678720358819858]",120,180,60,"[26, 94]"
nearest_complete_0.5mm,all,20,100,L5,2460,14,0.9687748407467028,1.0254963583879904,0.5289153279377775,"[13, 1]","[-10.411406482198705, 3.6717650058965323]","[-30.205807544817787, 36.486344155630746]",120,180,60,"[81, 39]"
nearest_complete_0.5mm,all,20,100,S1,2460,14,0.49979987870786263,0.6203347103181015,-0.056840028083627356,"[10, 4]","[-6.027927595886118, 5.562262806337893]","[-28.615740858655037, 36.13825198070394]",120,180,60,"[57, 63]"
nearest_complete_0.5mm,all,20,100,S2,2460,14,5.167162042019404,5.175371362469039,5.070936021465779,"[14, 0]","[2.36725333026282, 11.26311045824738]","[-15.88241408116486, 45.24915301248889]",120,180,60,"[116, 4]"
nearest_complete_0.5mm,2.0,0,10,L1,840,14,-0.16873107972634022,-0.16873107972634013,-0.16873107972634022,"[5, 9]","[-1.8326153725233318, 0.6075127328269105]","[-5.93146722089504, 7.935949710302531]",60,60,0,"[17, 43]"
nearest_complete_0.5mm,2.0,0,10,L2,840,14,-0.1074360593255903,-0.10743605932559033,-0.10743605932559033,"[5, 9]","[-1.246447316716856, 0.6296296740257556]","[-3.896156420406158, 7.003009874178284]",60,60,0,"[20, 40]"
nearest_complete_0.5mm,2.0,0,10,L3,840,14,-0.2683641986512287,-0.2683641986512287,-0.26836419865122874,"[2, 12]","[-1.2314276214126234, 0.2654656614695993]","[-4.184189772713354, 4.391148306658687]",60,60,0,"[9, 51]"
nearest_complete_0.5mm,2.0,0,10,L4,840,14,-0.08594422092724795,-0.08594422092724797,-0.08594422092724795,"[4, 10]","[-0.3977485595216935, 0.44314768629326057]","[-2.9173110378003395, 3.4232867132955755]",60,60,0,"[25, 35]"
nearest_complete_0.5mm,2.0,0,10,L5,840,14,-0.12890853175941738,-0.1289085317594174,-0.1289085317594174,"[5, 9]","[-0.6354571025179412, 0.21527710363174138]","[-2.86473554841791, 4.199817168890396]",60,60,0,"[21, 39]"
nearest_complete_0.5mm,2.0,0,10,S1,840,14,0.3124427664612761,0.31244276646127606,0.31244276646127617,"[12, 2]","[-0.5999710868578021, 1.4274058779079817]","[-3.190544469409376, 6.306184290236427]",60,60,0,"[57, 3]"
nearest_complete_0.5mm,2.0,0,10,S2,840,14,0.44694132392854796,0.44694132392854796,0.44694132392854796,"[13, 1]","[-0.11466675783032157, 1.3513831655344228]","[-1.476907370353546, 6.172487317542092]",60,60,0,"[59, 1]"
nearest_complete_0.5mm,2.0,0,20,L1,840,14,-0.22935398753764205,-0.2293539875376419,-0.22935398753764205,"[6, 8]","[-3.1926802197679787, 1.1799199982950264]","[-11.305320385285766, 15.401601665826725]",60,60,0,"[19, 41]"
nearest_complete_0.5mm,2.0,0,20,L2,840,14,-0.18662373740229435,-0.18662373740229432,-0.18662373740229432,"[4, 10]","[-1.825754913437304, 1.041677344838704]","[-8.726162909999601, 12.584281598012726]",60,60,0,"[22, 38]"
nearest_complete_0.5mm,2.0,0,20,L3,840,14,-0.5768773395246076,-0.5768773395246075,-0.5768773395246076,"[2, 12]","[-2.96670303623721, 0.5615348405395819]","[-9.209701053749464, 9.919082503241643]",60,60,0,"[11, 49]"
nearest_complete_0.5mm,2.0,0,20,L4,840,14,-0.2609342994228912,-0.2609342994228912,-0.2609342994228912,"[3, 11]","[-1.0774643402509074, 0.7910548543610119]","[-5.256676582296627, 5.948992304673623]",60,60,0,"[20, 40]"
nearest_complete_0.5mm,2.0,0,20,L5,840,14,-0.319234975821172,-0.319234975821172,-0.319234975821172,"[4, 10]","[-1.7224832260506053, 0.4289262685853292]","[-6.474845470944748, 9.741814946695449]",60,60,0,"[19, 41]"
nearest_complete_0.5mm,2.0,0,20,S1,840,14,0.573596390585833,0.573596390585833,0.573596390585833,"[11, 3]","[-1.3751094972693767, 2.564440640464051]","[-7.35256983549567, 11.882365171484565]",60,60,0,"[55, 5]"
nearest_complete_0.5mm,2.0,0,20,S2,840,14,0.9994279491227741,0.9994279491227742,0.9994279491227739,"[12, 2]","[-0.20639781431929355, 3.2115513529875384]","[-3.08912117190375, 12.811839990328727]",60,60,0,"[59, 1]"
nearest_complete_0.5mm,2.0,0,100,L1,840,14,-0.3715166746811989,-0.3715166746811989,-0.3715166746811988,"[6, 8]","[-4.465957112267534, 5.478085715525505]","[-18.65571877017616, 39.174089735997505]",60,60,0,"[27, 33]"
nearest_complete_0.5mm,2.0,0,100,L2,840,14,-1.0534580734430876,-1.0534580734430876,-1.0534580734430876,"[5, 9]","[-6.675362561791666, 4.0142547286194405]","[-33.76058992128342, 47.95294820189072]",60,60,0,"[15, 45]"
nearest_complete_0.5mm,2.0,0,100,L3,840,14,-0.26111332209435456,-0.26111332209435467,-0.26111332209435445,"[4, 10]","[-9.832685327528159, 12.597977317363151]","[-30.50518432746986, 54.54933534056029]",60,60,0,"[28, 32]"
nearest_complete_0.5mm,2.0,0,100,L4,840,14,-1.9810792445988379,-1.9810792445988379,-1.9810792445988374,"[3, 11]","[-7.30671323616313, 0.72407761892699]","[-28.311890376840775, 13.664434534652003]",60,60,0,"[12, 48]"
nearest_complete_0.5mm,2.0,0,100,L5,840,14,-0.6019532914584804,-0.6019532914584804,-0.6019532914584804,"[7, 7]","[-9.396059094222963, 2.798554347473473]","[-21.965327255632207, 40.92841807723519]",60,60,0,"[24, 36]"
nearest_complete_0.5mm,2.0,0,100,S1,840,14,-0.3731727919377232,-0.37317279193772335,-0.37317279193772324,"[7, 7]","[-6.366344757650351, 3.3221774577187815]","[-29.40557132217172, 42.40731645421314]",60,60,0,"[31, 29]"
nearest_complete_0.5mm,2.0,0,100,S2,840,14,4.642293398213681,4.642293398213681,4.642293398213682,"[12, 2]","[-1.1034009348235119, 17.292516249174533]","[-14.346772755489265, 50.471004845975564]",60,60,0,"[59, 1]"
nearest_complete_0.5mm,2.0,10,20,L1,840,14,-0.06062290781130187,-0.060622907811301856,-0.06062290781130182,"[6, 8]","[-1.3600648472446468, 0.6084009937151772]","[-6.173628976727075, 7.465651955524194]",60,60,0,"[23, 37]"
nearest_complete_0.5mm,2.0,10,20,L2,840,14,-0.07918767807670404,-0.07918767807670402,-0.07918767807670404,"[3, 11]","[-0.5793075967204474, 0.41204767081294774]","[-4.861058661838068, 5.581271723834441]",60,60,0,"[23, 37]"
nearest_complete_0.5mm,2.0,10,20,L3,840,14,-0.3085131408733789,-0.30851314087337883,-0.3085131408733789,"[3, 11]","[-1.7352754148245872, 0.2960691790699827]","[-5.02551128103611, 5.527934196582956]",60,60,0,"[13, 47]"
nearest_complete_0.5mm,2.0,10,20,L4,840,14,-0.17499007849564321,-0.17499007849564324,-0.17499007849564324,"[2, 12]","[-0.6797157807292136, 0.34790716806775146]","[-3.5717321024184527, 2.6813676799999047]",60,60,0,"[19, 41]"
nearest_complete_0.5mm,2.0,10,20,L5,840,14,-0.1903264440617546,-0.19032644406175458,-0.19032644406175456,"[4, 10]","[-1.0870261235326644, 0.213649164953588]","[-3.8968239086765557, 5.541997777805053]",60,60,0,"[17, 43]"
nearest_complete_0.5mm,2.0,10,20,S1,840,14,0.2611536241245568,0.2611536241245568,0.2611536241245567,"[11, 3]","[-0.7751384104115746, 1.1370347625560688]","[-4.1620253660862945, 6.839082732848642]",60,60,0,"[51, 9]"
nearest_complete_0.5mm,2.0,10,20,S2,840,14,0.552486625194226,0.5524866251942261,0.552486625194226,"[12, 2]","[-0.09173105648897194, 1.8601681874531162]","[-1.8515386618778065, 6.639352672786636]",60,60,0,"[59, 1]"
nearest_complete_0.5mm,2.0,10,100,L1,840,14,-0.20278559495485862,-0.20278559495485876,-0.20278559495485882,"[6, 8]","[-3.9955802115151298, 5.263243201228618]","[-18.165769486763605, 39.00360119229339]",60,60,0,"[32, 28]"
nearest_complete_0.5mm,2.0,10,100,L2,840,14,-0.9460220141174974,-0.9460220141174976,-0.9460220141174974,"[6, 8]","[-6.629933786066408, 5.260702045336298]","[-32.29114891763884, 43.87396889875216]",60,60,0,"[15, 45]"
nearest_complete_0.5mm,2.0,10,100,L3,840,14,0.007250876556873826,0.007250876556873826,0.007250876556873983,"[5, 9]","[-8.601257706115533, 12.832154054807878]","[-28.064224494170116, 52.61734839837972]",60,60,0,"[34, 26]"
nearest_complete_0.5mm,2.0,10,100,L4,840,14,-1.8951350236715896,-1.8951350236715903,-1.8951350236715898,"[3, 11]","[-7.281728058906908, 0.8857509366933667]","[-26.683406779766322, 13.52455330332058]",60,60,0,"[11, 49]"
nearest_complete_0.5mm,2.0,10,100,L5,840,14,-0.4730447596990629,-0.4730447596990631,-0.473044759699063,"[8, 6]","[-8.760601991705022, 2.736975631086976]","[-20.56484059418263, 40.5322513337268]",60,60,0,"[23, 37]"
nearest_complete_0.5mm,2.0,10,100,S1,840,14,-0.6856155583989992,-0.6856155583989993,-0.6856155583989995,"[8, 6]","[-6.349376630719074, 3.1194068655432488]","[-29.52751284519354, 37.89489720690338]",60,60,0,"[26, 34]"
nearest_complete_0.5mm,2.0,10,100,S2,840,14,4.195352074285134,4.195352074285134,4.195352074285133,"[12, 2]","[-1.174014750726401, 15.941133083640116]","[-15.204108139178931, 48.72509434501088]",60,60,0,"[57, 3]"
nearest_complete_0.5mm,2.0,20,100,L1,840,14,-0.1421626871435567,-0.14216268714355687,-0.14216268714355687,"[6, 8]","[-3.5277353659476005, 4.654842207513443]","[-17.006204604969227, 35.14513286938098]",60,60,0,"[31, 29]"
nearest_complete_0.5mm,2.0,20,100,L2,840,14,-0.8668343360407935,-0.8668343360407935,-0.8668343360407933,"[6, 8]","[-6.483422090463013, 5.840009642056744]","[-30.4112637588502, 39.07894916645056]",60,60,0,"[15, 45]"
nearest_complete_0.5mm,2.0,20,100,L3,840,14,0.3157640174302529,0.31576401743025306,0.31576401743025273,"[5, 9]","[-6.865982291290945, 12.599049191042516]","[-24.47693950599249, 49.99619903818655]",60,60,0,"[36, 24]"
nearest_complete_0.5mm,2.0,20,100,L4,840,14,-1.7201449451759467,-1.7201449451759463,-1.7201449451759463,"[3, 11]","[-6.896530576362993, 1.0607844467987608]","[-24.422825988255383, 13.537023992247367]",60,60,0,"[11, 49]"
nearest_complete_0.5mm,2.0,20,100,L5,840,14,-0.2827183156373083,-0.2827183156373083,-0.28271831563730837,"[8, 6]","[-7.673575868172354, 2.7043544514888733]","[-18.26016607016904, 36.486344155630746]",60,60,0,"[26, 34]"
nearest_complete_0.5mm,2.0,20,100,S1,840,14,-0.9467691825235562,-0.946769182523556,-0.9467691825235559,"[7, 7]","[-6.169838270893136, 2.7634293710947904]","[-28.299644157405535, 36.13825198070394]",60,60,0,"[21, 39]"
nearest_complete_0.5mm,2.0,20,100,S2,840,14,3.642865449090908,3.642865449090908,3.6428654490909076,"[12, 2]","[-1.0822860436204311, 14.080964896186995]","[-15.88241408116486, 45.24915301248889]",60,60,0,"[56, 4]"
nearest_complete_0.5mm,5.0,0,10,L1,840,14,0.09325986938743933,0.09325986938743933,0.09325986938743933,"[9, 5]","[-4.0701909825628615, 1.1948371826898678]","[-9.311513601684856, 5.142510190446659]",60,60,0,"[33, 27]"
nearest_complete_0.5mm,5.0,0,10,L2,840,14,0.15694820325476036,0.15694820325476022,0.1569482032547604,"[10, 4]","[-2.512540102713745, 1.7482126281333523]","[-3.244854929097718, 6.997573527609003]",60,60,0,"[42, 18]"
nearest_complete_0.5mm,5.0,0,10,L3,840,14,-0.20401631058557987,-0.20401631058557992,-0.20401631058557987,"[6, 8]","[-2.3393761164740354, 0.6081353267457335]","[-4.460694935535386, 4.1827814669045065]",60,60,0,"[10, 50]"
nearest_complete_0.5mm,5.0,0,10,L4,840,14,0.10461088080227249,0.10461088080227249,0.10461088080227252,"[6, 8]","[-0.4203708466752363, 0.9599688827052552]","[-2.7234231809273037, 2.9800228059479212]",60,60,0,"[36, 24]"
nearest_complete_0.5mm,5.0,0,10,L5,840,14,-0.13446207757701012,-0.13446207757701015,-0.13446207757701012,"[5, 9]","[-1.2654672342089768, 0.8691727522011576]","[-4.503550044761773, 2.441028747767826]",60,60,0,"[13, 47]"
nearest_complete_0.5mm,5.0,0,10,S1,840,14,-0.03069493046428489,-0.030694930464284877,-0.030694930464284897,"[6, 8]","[-1.418637338234622, 1.438070108283718]","[-4.8492701330656915, 5.2986338386151575]",60,60,0,"[22, 38]"
nearest_complete_0.5mm,5.0,0,10,S2,840,14,0.014354365182403002,0.014354365182402967,0.014354365182403002,"[8, 6]","[-0.4949244248288801, 0.6926795220977551]","[-2.7674740624193923, 4.265399166820238]",60,60,0,"[29, 31]"
nearest_complete_0.5mm,5.0,0,20,L1,840,14,0.05099451671396535,0.05099451671396573,0.05099451671396537,"[9, 5]","[-9.849469441027743, 2.5117770485047193]","[-21.428271982390086, 9.066541848369203]",60,60,0,"[32, 28]"
nearest_complete_0.5mm,5.0,0,20,L2,840,14,0.2698337711923633,0.26983377119236335,0.2698337711923633,"[10, 4]","[-5.700186444257178, 3.7670041553258704]","[-7.603134059846847, 14.827411894240067]",60,60,0,"[39, 21]"
nearest_complete_0.5mm,5.0,0,20,L3,840,14,-0.48425636707573344,-0.4842563670757334,-0.48425636707573344,"[7, 7]","[-4.7788404445616015, 1.0821072500068354]","[-10.786856073483014, 7.430449203279449]",60,60,0,"[7, 53]"
nearest_complete_0.5mm,5.0,0,20,L4,840,14,0.2321338557594839,0.2321338557594839,0.23213385575948384,"[7, 7]","[-0.9318113990228973, 1.9317191304533454]","[-5.434257370827409, 5.970546253157849]",60,60,0,"[36, 24]"
nearest_complete_0.5mm,5.0,0,20,L5,840,14,-0.21532025149337847,-0.21532025149337844,-0.21532025149337844,"[6, 8]","[-2.791953818897732, 1.9721839989701795]","[-10.463441710932658, 5.259522216379486]",60,60,0,"[15, 45]"
nearest_complete_0.5mm,5.0,0,20,S1,840,14,-0.020100910834235586,-0.020100910834235552,-0.0201009108342356,"[6, 8]","[-3.2506353275675917, 3.1760094957678326]","[-10.733139018747822, 10.872857545415226]",60,60,0,"[23, 37]"
nearest_complete_0.5mm,5.0,0,20,S2,840,14,0.1667153857375348,0.16671538573753478,0.16671538573753478,"[9, 5]","[-0.9333932758001163, 1.7726135864007335]","[-4.933607252500469, 9.12916812289738]",60,60,0,"[35, 25]"
nearest_complete_0.5mm,5.0,0,100,L1,840,14,-3.46410390722059,-3.46410390722059,-3.464103907220591,"[2, 12]","[-11.098437636799154, 0.6278469169320796]","[-24.377963658261155, 30.149691764597396]",60,60,0,"[0, 60]"
nearest_complete_0.5mm,5.0,0,100,L2,840,14,-3.2701727229769175,-3.2701727229769175,-3.2701727229769175,"[2, 12]","[-17.909140464353708, 5.509319931827393]","[-45.8989210626539, 29.677912093899337]",60,60,0,"[1, 59]"
nearest_complete_0.5mm,5.0,0,100,L3,840,14,-0.11694786779269362,-0.11694786779269364,-0.11694786779269349,"[6, 8]","[-15.458304847135333, 13.23858246925163]","[-36.37686560610819, 41.04743253159832]",60,60,0,"[27, 33]"
nearest_complete_0.5mm,5.0,0,100,L4,840,14,-1.7527144171295332,-1.7527144171295326,-1.752714417129533,"[7, 7]","[-15.348349336464045, 2.6840551021641774]","[-45.45269142263615, 14.00893081161812]",60,60,0,"[20, 40]"
nearest_complete_0.5mm,5.0,0,100,L5,840,14,1.1252287200194848,1.1252287200194844,1.1252287200194848,"[11, 3]","[-10.216233266527157, 7.213670043601986]","[-37.2507063713838, 18.271146750071114]",60,60,0,"[47, 13]"
nearest_complete_0.5mm,5.0,0,100,S1,840,14,0.812988215522066,0.8129882155220656,0.8129882155220659,"[9, 5]","[-11.20737062169004, 9.998498377147408]","[-34.69528006723591, 24.989296488991084]",60,60,0,"[35, 25]"
nearest_complete_0.5mm,5.0,0,100,S2,840,14,6.6657219795781835,6.6657219795781835,6.6657219795781835,"[14, 0]","[2.7234947508075447, 13.066722107042523]","[-9.699565031843296, 45.60319271706919]",60,60,0,"[60, 0]"
nearest_complete_0.5mm,5.0,10,20,L1,840,14,-0.04226535267347393,-0.042265352673473935,-0.04226535267347393,"[10, 4]","[-5.779278458464885, 1.3187466161147738]","[-12.931843662513803, 4.579852467805639]",60,60,0,"[29, 31]"
nearest_complete_0.5mm,5.0,10,20,L2,840,14,0.11288556793760285,0.1128855679376028,0.11288556793760289,"[9, 5]","[-3.1876463415434366, 2.018791527192516]","[-4.436707704609185, 7.829838366631065]",60,60,0,"[38, 22]"
nearest_complete_0.5mm,5.0,10,20,L3,840,14,-0.28024005649015354,-0.2802400564901535,-0.28024005649015343,"[7, 7]","[-2.439464328087567, 0.5644425319040002]","[-6.3261611379476275, 3.67914719539941]",60,60,0,"[8, 52]"
nearest_complete_0.5mm,5.0,10,20,L4,840,14,0.12752297495721132,0.1275229749572113,0.12752297495721132,"[7, 7]","[-0.6581959184409564, 0.9717502477480905]","[-2.9563476781491476, 3.330731590012509]",60,60,0,"[34, 26]"
nearest_complete_0.5mm,5.0,10,20,L5,840,14,-0.08085817391636836,-0.08085817391636832,-0.08085817391636836,"[6, 8]","[-1.526486584688755, 1.1030112467690223]","[-5.959891666170885, 2.8184934686116603]",60,60,0,"[19, 41]"
nearest_complete_0.5mm,5.0,10,20,S1,840,14,0.01059401963004936,0.010594019630049323,0.010594019630049318,"[6, 8]","[-1.8319979893329699, 1.737939387484116]","[-5.883868885682131, 5.574223706800069]",60,60,0,"[23, 37]"
nearest_complete_0.5mm,5.0,10,20,S2,840,14,0.1523610205551318,0.15236102055513187,0.1523610205551318,"[9, 5]","[-0.43846885097123645, 1.0799340643029787]","[-2.6592807576735185, 5.10432654032699]",60,60,0,"[39, 21]"
nearest_complete_0.5mm,5.0,10,100,L1,840,14,-3.5573637766080295,-3.5573637766080286,-3.5573637766080295,"[2, 12]","[-7.028246654236292, 0.07207968756846396]","[-17.367892989113514, 28.48165397078988]",60,60,0,"[0, 60]"
nearest_complete_0.5mm,5.0,10,100,L2,840,14,-3.4271209262316775,-3.4271209262316784,-3.4271209262316784,"[2, 12]","[-17.510290939638253, 8.021860034541138]","[-46.07556074503335, 32.27828101844725]",60,60,0,"[1, 59]"
nearest_complete_0.5mm,5.0,10,100,L3,840,14,0.08706844279288657,0.0870684427928867,0.0870684427928864,"[6, 8]","[-14.019903053815783, 15.577958585725662]","[-32.78797616109556, 43.402848382830925]",60,60,0,"[31, 29]"
nearest_complete_0.5mm,5.0,10,100,L4,840,14,-1.8573252979318056,-1.8573252979318056,-1.8573252979318056,"[8, 6]","[-15.0747338558821, 2.3207586195297747]","[-45.3049066680047, 14.23965900539081]",60,60,0,"[19, 41]"
nearest_complete_0.5mm,5.0,10,100,L5,840,14,1.2596907975964948,1.259690797596495,1.2596907975964948,"[11, 3]","[-11.08540601872831, 7.14036331953471]","[-34.18085759025599, 19.242112884581218]",60,60,0,"[50, 10]"
nearest_complete_0.5mm,5.0,10,100,S1,840,14,0.8436831459863507,0.8436831459863509,0.8436831459863509,"[8, 6]","[-10.691105109754899, 9.887854614989173]","[-32.41327150851029, 26.140452924365903]",60,60,0,"[36, 24]"
nearest_complete_0.5mm,5.0,10,100,S2,840,14,6.651367614395781,6.651367614395781,6.651367614395781,"[14, 0]","[3.110330494787241, 12.374042584944767]","[-10.179129395039736, 41.9726445169734]",60,60,0,"[60, 0]"
nearest_complete_0.5mm,5.0,20,100,L1,840,14,-3.515098423934556,-3.5150984239345555,-3.5150984239345555,"[0, 14]","[-6.681943554933835, -0.15477764990551704]","[-16.180493901575566, 26.620379908235897]",60,60,0,"[1, 59]"
nearest_complete_0.5mm,5.0,20,100,L2,840,14,-3.540006494169281,-3.540006494169281,-3.540006494169281,"[2, 12]","[-17.195997776107788, 11.20950637608457]","[-45.91398726415588, 29.748393454219112]",60,60,0,"[1, 59]"
nearest_complete_0.5mm,5.0,20,100,L3,840,14,0.36730849928303994,0.3673084992830402,0.3673084992830397,"[6, 8]","[-11.77074798535029, 18.017422913813235]","[-27.05554720732451, 44.36206164358195]",60,60,0,"[37, 23]"
nearest_complete_0.5mm,5.0,20,100,L4,840,14,-1.9848482728890167,-1.9848482728890164,-1.9848482728890176,"[7, 7]","[-14.416537937441145, 1.8819814808758273]","[-45.11118949744086, 13.678720358819858]",60,60,0,"[15, 45]"
nearest_complete_0.5mm,5.0,20,100,L5,840,14,1.3405489715128636,1.3405489715128636,1.3405489715128636,"[12, 2]","[-12.188417265497334, 7.077297021494913]","[-30.205807544817787, 17.83452699131944]",60,60,0,"[55, 5]"
nearest_complete_0.5mm,5.0,20,100,S1,840,14,0.8330891263563012,0.8330891263563014,0.8330891263563015,"[9, 5]","[-10.217422939773003, 9.751074418105635]","[-28.615740858655037, 25.719775303524482]",60,60,0,"[36, 24]"
nearest_complete_0.5mm,5.0,20,100,S2,840,14,6.499006593840649,6.499006593840649,6.499006593840649,"[14, 0]","[2.7818557328385, 11.29410852064179]","[-11.244796316742464, 38.47892118409414]",60,60,0,"[60, 0]"
nearest_complete_0.5mm,10.0,0,10,L1,780,13,1.5588787910342088,1.5588787910342088,,"[12, 1]","[-2.174253049376873, 2.8650411488538823]","[-8.628231498088718, 7.274261342278143]",0,60,60,"[0, 0]"
nearest_complete_0.5mm,10.0,0,10,L2,780,13,0.494654356964622,0.494654356964622,,"[7, 6]","[-2.3746372640811435, 1.9600723389764645]","[-3.298858429061069, 4.45171818076473]",0,60,60,"[0, 0]"
nearest_complete_0.5mm,10.0,0,10,L3,780,13,-0.11563281883648886,-0.11563281883648889,,"[6, 7]","[-2.2860523006437155, 1.6504237908325872]","[-2.7527840500706944, 3.3066156286142263]",0,60,60,"[0, 0]"
nearest_complete_0.5mm,10.0,0,10,L4,780,13,-0.30445976556888793,-0.30445976556888793,,"[4, 9]","[-1.41849319124617, 1.500823619266228]","[-2.218403062598959, 2.9542597180961443]",0,60,60,"[0, 0]"
nearest_complete_0.5mm,10.0,0,10,L5,780,13,-0.5549154045857968,-0.5549154045857967,,"[2, 11]","[-1.3745452657288508, 0.9937436062576185]","[-2.4878399066451617, 2.3559003125843025]",0,60,60,"[0, 0]"
nearest_complete_0.5mm,10.0,0,10,S1,780,13,-0.542498264601948,-0.542498264601948,,"[2, 11]","[-1.6189512070593441, 1.4999455608293528]","[-3.1194530178475732, 3.4851157860210757]",0,60,60,"[0, 0]"
nearest_complete_0.5mm,10.0,0,10,S2,780,13,-0.5360268944057098,-0.5360268944057097,,"[4, 9]","[-1.7613564111124462, 0.5964561598285554]","[-2.852739067773258, 3.1287080310166635]",0,60,60,"[0, 0]"
nearest_complete_0.5mm,10.0,0,20,L1,780,13,2.734909066185456,2.734909066185457,,"[12, 1]","[-5.927002944292922, 5.389181398474614]","[-20.028680311724226, 14.39160098040236]",0,60,60,"[0, 0]"
nearest_complete_0.5mm,10.0,0,20,L2,780,13,0.8387663747384669,0.8387663747384674,,"[9, 4]","[-5.650173296380187, 3.5945681424490368]","[-7.747184771223618, 10.319824413804552]",0,60,60,"[0, 0]"
nearest_complete_0.5mm,10.0,0,20,L3,780,13,-0.18495945225013274,-0.18495945225013288,,"[7, 6]","[-5.50992058196157, 3.449121594664048]","[-6.710282563641479, 5.902740442209756]",0,60,60,"[0, 0]"
nearest_complete_0.5mm,10.0,0,20,L4,780,13,-0.5460677241510499,-0.5460677241510501,,"[4, 9]","[-2.71600657957638, 2.627161588250283]","[-4.075319241417207, 5.235761044676626]",0,60,60,"[0, 0]"
nearest_complete_0.5mm,10.0,0,20,L5,780,13,-1.0478281178906514,-1.0478281178906517,,"[2, 11]","[-2.6709844231749065, 2.3252189109890082]","[-5.207333251625143, 6.0058531607010135]",0,60,60,"[0, 0]"
nearest_complete_0.5mm,10.0,0,20,S1,780,13,-0.8835293635787467,-0.8835293635787469,,"[3, 10]","[-3.1737429152013767, 3.6413325733784667]","[-6.014976764520608, 7.269408900432028]",0,60,60,"[0, 0]"
nearest_complete_0.5mm,10.0,0,20,S2,780,13,-0.9112907830533423,-0.9112907830533425,,"[4, 9]","[-3.2006326813572508, 1.5680262050975953]","[-4.7583352722584955, 6.107392496588054]",0,60,60,"[0, 0]"
nearest_complete_0.5mm,10.0,0,100,L1,780,13,-4.807139519939254,-4.807139519939253,,"[1, 12]","[-10.498893401009965, 0.8844921483187128]","[-20.733837221268654, 16.836350308993083]",0,60,60,"[0, 0]"
nearest_complete_0.5mm,10.0,0,100,L2,780,13,-1.2948627836576718,-1.2948627836576723,,"[3, 10]","[-5.008982328050309, 6.830123771844826]","[-14.96311590213165, 15.965943448528035]",0,60,60,"[0, 0]"
nearest_complete_0.5mm,10.0,0,100,L3,780,13,-0.30828926315910177,-0.30828926315910177,,"[6, 7]","[-8.835816086363431, 9.508171943969517]","[-24.829263818912978, 20.78852279315947]",0,60,60,"[0, 0]"
nearest_complete_0.5mm,10.0,0,100,L4,780,13,0.2636405833191721,0.2636405833191721,,"[9, 4]","[-8.227885217897736, 3.730468009052254]","[-12.921200649742282, 12.427694331894894]",0,60,60,"[0, 0]"
nearest_complete_0.5mm,10.0,0,100,L5,780,13,0.8683364427521983,0.8683364427521983,,"[10, 3]","[-9.047007401937423, 5.847437758278433]","[-22.668591132100218, 38.44367596756421]",0,60,60,"[0, 0]"
nearest_complete_0.5mm,10.0,0,100,S1,780,13,0.8151872374492476,0.8151872374492478,,"[8, 5]","[-6.454385928037652, 6.967558883623433]","[-22.868763113094932, 18.386751066270776]",0,60,60,"[0, 0]"
nearest_complete_0.5mm,10.0,0,100,S2,780,13,4.463127303235408,4.463127303235408,,"[12, 1]","[-0.5585530276666055, 8.77780776678211]","[-14.079743173919976, 34.15822996521621]",0,60,60,"[0, 0]"
nearest_complete_0.5mm,10.0,10,20,L1,780,13,1.1760302751512468,1.1760302751512468,,"[12, 1]","[-3.752749894916048, 2.716285547007595]","[-11.400448813635508, 7.140922301196206]",0,60,60,"[0, 0]"
nearest_complete_0.5mm,10.0,10,20,L2,780,13,0.344112017773845,0.344112017773845,,"[10, 3]","[-3.275536032299046, 1.7029843679028749]","[-4.44832634216255, 5.868106233039821]",0,60,60,"[0, 0]"
nearest_complete_0.5mm,10.0,10,20,L3,780,13,-0.06932663341364396,-0.06932663341364399,,"[8, 5]","[-3.223868281317852, 1.7986978038314616]","[-3.992857861875404, 3.019305900624442]",0,60,60,"[0, 0]"
nearest_complete_0.5mm,10.0,10,20,L4,780,13,-0.24160795858216202,-0.24160795858216214,,"[4, 9]","[-1.29751338833021, 1.2015683704025288]","[-2.038267316388624, 2.3456341371590197]",0,60,60,"[0, 0]"
nearest_complete_0.5mm,10.0,10,20,L5,780,13,-0.4929127133048548,-0.4929127133048548,,"[2, 11]","[-1.2964391574460543, 1.3314753047313892]","[-2.7421442484804937, 3.649952848116711]",0,60,60,"[0, 0]"
nearest_complete_0.5mm,10.0,10,20,S1,780,13,-0.34103109897679856,-0.3410310989767985,,"[3, 10]","[-1.5547917081420315, 2.141387012549114]","[-3.102110540048897, 3.7842931144109526]",0,60,60,"[0, 0]"
nearest_complete_0.5mm,10.0,10,20,S2,780,13,-0.37526388864763255,-0.3752638886476325,,"[4, 9]","[-1.4392762702448043, 0.9715700452690401]","[-2.2730648240001763, 4.04595031437496]",0,60,60,"[0, 0]"
nearest_complete_0.5mm,10.0,10,100,L1,780,13,-6.366018310973462,-6.366018310973463,,"[0, 13]","[-10.798826675147568, -1.7891909508658075]","[-17.837928015535418, 11.059159953548988]",0,60,60,"[0, 0]"
nearest_complete_0.5mm,10.0,10,100,L2,780,13,-1.7895171406222943,-1.7895171406222936,,"[3, 10]","[-6.969054667026772, 9.204761035925971]","[-16.42796004869821, 16.442587002568782]",0,60,60,"[0, 0]"
nearest_complete_0.5mm,10.0,10,100,L3,780,13,-0.192656444322613,-0.19265644432261336,,"[6, 7]","[-7.6097114341867815, 11.794224244613236]","[-22.76276734801712, 22.683154234248736]",0,60,60,"[0, 0]"
nearest_complete_0.5mm,10.0,10,100,L4,780,13,0.5681003488880598,0.56810034888806,,"[9, 4]","[-9.161723499561372, 4.54085066077672]","[-14.031944929417495, 12.903187780559172]",0,60,60,"[0, 0]"
nearest_complete_0.5mm,10.0,10,100,L5,780,13,1.423251847337995,1.4232518473379954,,"[11, 2]","[-10.040751008195041, 6.53015920373749]","[-20.878267792591625, 36.08777565497991]",0,60,60,"[0, 0]"
nearest_complete_0.5mm,10.0,10,100,S1,780,13,1.3576855020511953,1.3576855020511953,,"[8, 5]","[-5.405274250258596, 7.093813941990108]","[-21.539556566773115, 17.145647640419103]",0,60,60,"[0, 0]"
nearest_complete_0.5mm,10.0,10,100,S2,780,13,4.9991541976411185,4.9991541976411185,,"[13, 0]","[0.6786889585072047, 8.754838860660344]","[-14.003309910887094, 33.408597033417756]",0,60,60,"[0, 0]"
nearest_complete_0.5mm,10.0,20,100,L1,780,13,-7.542048586124708,-7.542048586124708,,"[0, 13]","[-13.148389877978097, -3.2203332052121656]","[-19.38181901738674, 5.63949842929497]",0,60,60,"[0, 0]"
nearest_complete_0.5mm,10.0,20,100,L2,780,13,-2.1336291583961393,-2.133629158396139,,"[2, 11]","[-8.485917727966367, 12.480297068225015]","[-17.59359440934441, 20.60358920705528]",0,60,60,"[0, 0]"
nearest_complete_0.5mm,10.0,20,100,L3,780,13,-0.12332981090896909,-0.12332981090896951,,"[5, 8]","[-6.2473982514885815, 15.018092525931085]","[-19.875862504565706, 24.705729380256898]",0,60,60,"[0, 0]"
nearest_complete_0.5mm,10.0,20,100,L4,780,13,0.8097083074702222,0.8097083074702219,,"[10, 3]","[-10.363291869963904, 5.239646371070221]","[-16.02707120313787, 12.362617979879092]",0,60,60,"[0, 0]"
nearest_complete_0.5mm,10.0,20,100,L5,780,13,1.9161645606428497,1.9161645606428503,,"[11, 2]","[-11.372226312926427, 7.141730054877455]","[-18.877809915468763, 32.437822806863196]",0,60,60,"[0, 0]"
nearest_complete_0.5mm,10.0,20,100,S1,780,13,1.6987166010279942,1.6987166010279937,,"[8, 5]","[-7.546661262807714, 7.46551057818524]","[-20.578358439904964, 18.49778499149027]",0,60,60,"[0, 0]"
nearest_complete_0.5mm,10.0,20,100,S2,780,13,5.37441808628875,5.3744180862887525,,"[13, 0]","[0.7626063419013275, 9.273609490025688]","[-14.334589503330614, 32.42687931340182]",0,60,60,"[0, 0]"
p1_complete_0.25mm,all,0,10,L1,2460,14,0.6483940275886044,0.6504463136035373,0.192027141174619,"[13, 1]","[-3.1134924175723415, 1.7625409827978107]","[-10.566248069406969, 7.218462322073766]",120,180,60,"[85, 35]"
p1_complete_0.25mm,all,0,10,L2,2460,14,0.20788547632419613,0.1886188671205494,0.06962596420306195,"[10, 4]","[-2.2695344598028075, 1.1746936538702921]","[-3.880170794227439, 6.622457591924425]",120,180,60,"[72, 48]"
p1_complete_0.25mm,all,0,10,L3,2460,14,-0.12246664982438112,-0.11837372471163994,-0.11989843477420355,"[8, 6]","[-1.788445888011932, 0.9179044675156287]","[-5.785433710478122, 4.502806625314005]",120,180,60,"[32, 88]"
p1_complete_0.25mm,all,0,10,L4,2460,14,-0.03850750889609405,-0.04823933543439919,0.08839831910489526,"[4, 10]","[-0.47878700564111104, 0.9438861209026307]","[-4.798150343833712, 3.1946061170973703]",120,180,60,"[83, 37]"
p1_complete_0.25mm,all,0,10,L5,2460,14,-0.2970689961015937,-0.28530202560927703,-0.16792397366396983,"[5, 9]","[-1.1665203094148873, 0.5127742089944691]","[-5.706342544974097, 2.2372698432100906]",120,180,60,"[24, 96]"
p1_complete_0.25mm,all,0,10,S1,2460,14,-0.2556044015383255,-0.24799409121120103,-0.10970716425444361,"[4, 10]","[-1.094083962146036, 1.4365729393470563]","[-5.131361109566229, 4.72898360031973]",120,180,60,"[35, 85]"
p1_complete_0.25mm,all,0,10,S2,2460,14,-0.14263194755240638,-0.13915600375756992,0.047478148210040684,"[4, 10]","[-0.806347358555428, 0.7412424896670757]","[-4.120651276108692, 5.94344798369807]",120,180,60,"[64, 56]"
p1_complete_0.25mm,all,0,20,L1,2460,14,1.1539636422534327,1.1679367384714447,0.35762005763485955,"[13, 1]","[-7.472021586134665, 3.6398813728412462]","[-22.777641917051927, 13.948595787366349]",120,180,60,"[85, 35]"
p1_complete_0.25mm,all,0,20,L2,2460,14,0.286145691257374,0.24827544833141554,0.03531271906446094,"[11, 3]","[-5.128835216014507, 2.157704977200576]","[-7.937397927237024, 11.142360477137048]",120,180,60,"[62, 58]"
p1_complete_0.25mm,all,0,20,L3,2460,14,-0.2848907279329464,-0.2703927169109803,-0.3054405290411087,"[8, 6]","[-3.8522390392415824, 1.822894595191661]","[-12.280533020410338, 9.387994753229878]",120,180,60,"[20, 100]"
p1_complete_0.25mm,all,0,20,L4,2460,14,-0.052769645683696575,-0.08345949365539604,0.16913596537548567,"[5, 9]","[-1.341743260495083, 1.7842742357819363]","[-8.467119035903625, 5.612843186414135]",120,180,60,"[80, 40]"
p1_complete_0.25mm,all,0,20,L5,2460,14,-0.5129498526384473,-0.49039022927700043,-0.256290057025599,"[5, 9]","[-2.4376205121844707, 1.2023419366376058]","[-11.188952145541464, 5.5412365120843186]",120,180,60,"[31, 89]"
p1_complete_0.25mm,all,0,20,S1,2460,14,-0.44715269493837095,-0.43348679979363663,-0.2338042920931224,"[5, 9]","[-2.5790355817919237, 3.2685757951937906]","[-11.210309946959086, 10.254793595364301]",120,180,60,"[34, 86]"
p1_complete_0.25mm,all,0,20,S2,2460,14,-0.14234641231734552,-0.1384829471658477,0.23346613608502387,"[6, 8]","[-1.3387231915980278, 1.8185556621912766]","[-7.7352000953006845, 12.2152479383482]",120,180,60,"[70, 50]"
p1_complete_0.25mm,all,0,100,L1,2460,14,-2.461833398145217,-2.3116811604315117,-1.4058783637079215,"[4, 10]","[-9.913377310888125, 3.844560585830407]","[-31.35236872251096, 30.738741218543225]",120,180,60,"[38, 82]"
p1_complete_0.25mm,all,0,100,L2,2460,14,-2.8248636080218064,-3.256782869730005,-3.510113928029237,"[3, 11]","[-20.965472599766212, 6.8162343656292705]","[-52.31134207376766, 35.833434917615925]",120,180,60,"[6, 114]"
p1_complete_0.25mm,all,0,100,L3,2460,14,0.2245641418250376,0.3918221925896211,0.4558142207283827,"[5, 9]","[-12.376175113283004, 11.035944421033198]","[-37.597509717541065, 45.80255895837324]",120,180,60,"[82, 38]"
p1_complete_0.25mm,all,0,100,L4,2460,14,-0.859743028648449,-1.1760728899263162,-1.4526627808232888,"[7, 7]","[-14.145597202318886, 2.997448121060814]","[-45.48962514925058, 14.658197555839061]",120,180,60,"[44, 76]"
p1_complete_0.25mm,all,0,100,L5,2460,14,1.241161694853812,1.3492098918201774,1.3662627114456216,"[11, 3]","[-9.584472029990302, 5.7791859674411565]","[-37.48023034014891, 37.152771297293086]",120,180,60,"[103, 17]"
p1_complete_0.25mm,all,0,100,S1,2460,14,-0.716304528277423,-0.49832104670711935,-1.3477761883217103,"[7, 7]","[-11.21222681542407, 8.439001697675334]","[-39.84581597570038, 28.202414074684658]",120,180,60,"[40, 80]"
p1_complete_0.25mm,all,0,100,S2,2460,14,5.397018726414047,5.501825882385157,5.894354328708152,"[14, 0]","[0.09737478560060092, 13.324204777796295]","[-24.422178164749855, 45.721417317227136]",120,180,60,"[120, 0]"
p1_complete_0.25mm,all,10,20,L1,2460,14,0.5055696146648283,0.5174904248679079,0.16559291646024055,"[13, 1]","[-4.358529168562322, 1.8773403900434373]","[-13.155074738833871, 6.850753373552953]",120,180,60,"[78, 42]"
p1_complete_0.25mm,all,10,20,L2,2460,14,0.07826021493317797,0.05965658121086625,-0.034313245138601,"[10, 4]","[-2.8593007562116983, 0.9830113233302861]","[-4.58961283710778, 6.472120090270969]",120,180,60,"[54, 66]"
p1_complete_0.25mm,all,10,20,L3,2460,14,-0.16242407810856538,-0.15201899219934029,-0.1855420942669051,"[8, 6]","[-2.063793151229651, 0.9049901276760324]","[-6.495099309932217, 4.895445062230672]",120,180,60,"[21, 99]"
p1_complete_0.25mm,all,10,20,L4,2460,14,-0.014262136787602514,-0.03522015822099691,0.08073764627059049,"[6, 8]","[-0.8944990369901725, 0.8403881148793049]","[-4.930859292848094, 2.6163041055433407]",120,180,60,"[74, 46]"
p1_complete_0.25mm,all,10,20,L5,2460,14,-0.21588085653685363,-0.2050882036677235,-0.08836608336162922,"[5, 9]","[-1.2711002027695828, 0.6895677276431377]","[-6.5415059623088245, 3.590961249067537]",120,180,60,"[39, 81]"
p1_complete_0.25mm,all,10,20,S1,2460,14,-0.1915482934000456,-0.1854927085824355,-0.12409712783867875,"[5, 9]","[-1.4849516196458883, 1.8320028558467336]","[-6.227084367769148, 5.52580999504457]",120,180,60,"[31, 89]"
p1_complete_0.25mm,all,10,20,S2,2460,14,0.0002855352350608653,0.0006730565917222199,0.1859879878749831,"[7, 7]","[-0.6826073675274572, 1.0773131725242013]","[-3.6315480915944107, 6.275333148680357]",120,180,60,"[76, 44]"
p1_complete_0.25mm,all,10,100,L1,2460,14,-3.110227425733822,-2.9621274740350496,-1.5979055048825404,"[1, 13]","[-7.3044019136322, 3.1099705456146083]","[-22.00456143027536, 27.476410805965372]",120,180,60,"[35, 85]"
p1_complete_0.25mm,all,10,100,L2,2460,14,-3.032749084346002,-3.4454017368505556,-3.579739892232299,"[3, 11]","[-20.364160489537237, 9.085768825432071]","[-52.48292095771111, 35.641298846375236]",120,180,60,"[6, 114]"
p1_complete_0.25mm,all,10,100,L3,2460,14,0.3470307916494187,0.510195917301262,0.5757126555025862,"[5, 9]","[-10.933884025416313, 12.82439030904513]","[-35.315873508242504, 44.11959091314369]",120,180,60,"[85, 35]"
p1_complete_0.25mm,all,10,100,L4,2460,14,-0.8212355197523552,-1.1278335544919165,-1.5410610999281837,"[7, 7]","[-13.698352978813979, 3.0304711185218958]","[-45.501674016337915, 14.746732631891904]",120,180,60,"[42, 78]"
p1_complete_0.25mm,all,10,100,L5,2460,14,1.5382306909554058,1.6345119174294547,1.5341866851095916,"[13, 1]","[-10.097246238984768, 5.582042202865454]","[-33.899446541975124, 34.995305112893234]",120,180,60,"[108, 12]"
p1_complete_0.25mm,all,10,100,S1,2460,14,-0.46070012673909766,-0.2503269554959173,-1.2380690240672667,"[7, 7]","[-10.287407708376689, 8.374973065474437]","[-36.69623033840986, 26.392233851976066]",120,180,60,"[40, 80]"
p1_complete_0.25mm,all,10,100,S2,2460,14,5.539650673966453,5.6409818861427246,5.846876180498112,"[14, 0]","[0.13054886718565784, 12.58296228812921]","[-23.10499899547219, 42.07798078276019]",120,180,60,"[120, 0]"
p1_complete_0.25mm,all,20,100,L1,2460,14,-3.6157970403986504,-3.479617898902957,-1.763498421342781,"[1, 13]","[-8.528054603022037, 2.103726902420436]","[-18.63603244267192, 25.332389514820232]",120,180,60,"[33, 87]"
p1_complete_0.25mm,all,20,100,L2,2460,14,-3.1110092992791807,-3.505058318061422,-3.5454266470936977,"[2, 12]","[-19.66106808813333, 11.945069581643777]","[-51.32255993866433, 32.653858443546774]",120,180,60,"[7, 113]"
p1_complete_0.25mm,all,20,100,L3,2460,14,0.5094548697579843,0.6622149095006009,0.7612547497694913,"[5, 9]","[-8.911925952957864, 14.888183460274776]","[-30.793757073148537, 42.74954747725622]",120,180,60,"[92, 28]"
p1_complete_0.25mm,all,20,100,L4,2460,14,-0.8069733829647525,-1.0926133962709204,-1.621798746198774,"[7, 7]","[-12.803853941823808, 3.4757478765349132]","[-46.03329138797404, 14.80076150745943]",120,180,60,"[40, 80]"
p1_complete_0.25mm,all,20,100,L5,2460,14,1.754111547492259,1.8396001210971773,1.6225527684712207,"[13, 1]","[-10.786813966627909, 5.34463163889884]","[-29.60299652699198, 31.737717010711712]",120,180,60,"[114, 6]"
p1_complete_0.25mm,all,20,100,S1,2460,14,-0.269151833339052,-0.06483424691348333,-1.1139718962285878,"[7, 7]","[-9.199693751463341, 8.312186796534856]","[-36.61176000573337, 24.445368400582936]",120,180,60,"[41, 79]"
p1_complete_0.25mm,all,20,100,S2,2460,14,5.539365138731392,5.640308829551004,5.660888192623128,"[14, 0]","[0.059734703523107016, 11.505649115605014]","[-21.9031070342648, 37.128686775494316]",120,180,60,"[120, 0]"
p1_complete_0.25mm,2.0,0,10,L1,840,14,0.19894461988983247,0.19894461988983259,0.19894461988983247,"[12, 2]","[-2.867228221894263, 1.0228227042412499]","[-7.3893068071237415, 6.227456785882046]",60,60,0,"[44, 16]"
p1_complete_0.25mm,2.0,0,10,L2,840,14,-0.05188559872178533,-0.05188559872178535,-0.05188559872178534,"[8, 6]","[-1.848512516827781, 0.5182464789771352]","[-3.880170794227439, 4.913750952444717]",60,60,0,"[24, 36]"
p1_complete_0.25mm,2.0,0,10,L3,840,14,-0.17846980112625174,-0.17846980112625174,-0.17846980112625174,"[6, 8]","[-1.6481023340376975, 0.610512796989772]","[-5.785433710478122, 4.502806625314005]",60,60,0,"[9, 51]"
p1_complete_0.25mm,2.0,0,10,L4,840,14,-0.013194680792542806,-0.013194680792542768,-0.013194680792542789,"[7, 7]","[-0.807259721769848, 0.7772193435203815]","[-4.798150343833712, 3.1946061170973703]",60,60,0,"[37, 23]"
p1_complete_0.25mm,2.0,0,10,L5,840,14,-0.10352507379932116,-0.10352507379932119,-0.1035250737993212,"[7, 7]","[-1.0891042109525215, 0.43372455239499513]","[-3.4263730689215066, 2.2372698432100906]",60,60,0,"[19, 41]"
p1_complete_0.25mm,2.0,0,10,S1,840,14,-0.0858598555577449,-0.08585985555774478,-0.08585985555774489,"[7, 7]","[-1.6173824790355575, 1.4314927672587785]","[-4.751193216527033, 4.151120777759268]",60,60,0,"[23, 37]"
p1_complete_0.25mm,2.0,0,10,S2,840,14,0.23399039010781322,0.23399039010781317,0.23399039010781322,"[9, 5]","[-0.340095055974563, 1.3041879458346555]","[-4.120651276108692, 5.94344798369807]",60,60,0,"[44, 16]"
p1_complete_0.25mm,2.0,0,20,L1,840,14,0.3679138794393573,0.36791387943935744,0.36791387943935744,"[12, 2]","[-6.1201520756323236, 1.9067935537976917]","[-16.891426804611196, 11.370094230949967]",60,60,0,"[45, 15]"
p1_complete_0.25mm,2.0,0,20,L2,840,14,-0.227979103361414,-0.227979103361414,-0.227979103361414,"[7, 7]","[-3.867986492100786, 0.815606974193151]","[-7.835388707943569, 10.297970375184084]",60,60,0,"[17, 43]"
p1_complete_0.25mm,2.0,0,20,L3,840,14,-0.2894126265441393,-0.2894126265441393,-0.28941262654413935,"[6, 8]","[-3.8686620706029227, 1.4296736265254801]","[-12.280533020410338, 9.387994753229878]",60,60,0,"[11, 49]"
p1_complete_0.25mm,2.0,0,20,L4,840,14,-0.03203245885482798,-0.03203245885482794,-0.03203245885482797,"[7, 7]","[-2.026599326093226, 1.227214598623724]","[-8.467119035903625, 5.612843186414135]",60,60,0,"[35, 25]"
p1_complete_0.25mm,2.0,0,20,L5,840,14,-0.1396945862600538,-0.13969458626005388,-0.13969458626005377,"[8, 6]","[-2.263858845188783, 0.9281753409426651]","[-8.051065373728349, 3.8632298705175927]",60,60,0,"[23, 37]"
p1_complete_0.25mm,2.0,0,20,S1,840,14,-0.2689919044595978,-0.26899190445959764,-0.26899190445959775,"[7, 7]","[-3.61747943051437, 2.8951539689272234]","[-10.595318027667172, 8.06947672620613]",60,60,0,"[19, 41]"
p1_complete_0.25mm,2.0,0,20,S2,840,14,0.5901968000406752,0.5901968000406752,0.5901968000406753,"[10, 4]","[-0.7930417507432372, 3.103006736553027]","[-7.7352000953006845, 12.2152479383482]",60,60,0,"[46, 14]"
p1_complete_0.25mm,2.0,0,100,L1,840,14,0.6065360610704447,0.6065360610704446,0.6065360610704446,"[8, 6]","[-6.59124653167741, 7.02886861361071]","[-18.42564711247049, 30.738741218543225]",60,60,0,"[38, 22]"
p1_complete_0.25mm,2.0,0,100,L2,840,14,-2.863642752899998,-2.8636427528999984,-2.863642752899998,"[6, 8]","[-21.3244629563433, 5.999801342310767]","[-52.31134207376766, 35.833434917615925]",60,60,0,"[6, 54]"
p1_complete_0.25mm,2.0,0,100,L3,840,14,1.0766269539608557,1.0766269539608555,1.0766269539608555,"[7, 7]","[-12.044373212022986, 13.189185847736201]","[-33.52128127409556, 45.80255895837324]",60,60,0,"[50, 10]"
p1_complete_0.25mm,2.0,0,100,L4,840,14,-1.520853254829839,-1.5208532548298392,-1.5208532548298395,"[8, 6]","[-12.05220826251367, 4.600868444210183]","[-40.815129662470596, 14.658197555839061]",60,60,0,"[21, 39]"
p1_complete_0.25mm,2.0,0,100,L5,840,14,1.2046699824038094,1.2046699824038094,1.2046699824038094,"[11, 3]","[-9.580917953618636, 5.084011317856153]","[-36.28369027214001, 21.418053556890204]",60,60,0,"[45, 15]"
p1_complete_0.25mm,2.0,0,100,S1,840,14,-3.235014414530477,-3.235014414530478,-3.235014414530478,"[5, 9]","[-14.493854395287265, 6.42083992993701]","[-39.84581597570038, 28.202414074684658]",60,60,0,"[9, 51]"
p1_complete_0.25mm,2.0,0,100,S2,840,14,4.731677424825206,4.731677424825205,4.731677424825205,"[12, 2]","[-5.494316567255176, 18.22469528266857]","[-24.422178164749855, 40.14834931062694]",60,60,0,"[60, 0]"
p1_complete_0.25mm,2.0,10,20,L1,840,14,0.16896925954952485,0.1689692595495248,0.16896925954952485,"[12, 2]","[-3.2529238537380594, 1.1091233329047208]","[-9.51291204757401, 5.674871157650941]",60,60,0,"[38, 22]"
p1_complete_0.25mm,2.0,10,20,L2,840,14,-0.17609350463962858,-0.17609350463962864,-0.17609350463962864,"[7, 7]","[-2.0194739752730055, 0.43917554698075284]","[-4.227607124050918, 5.613658733498997]",60,60,0,"[13, 47]"
p1_complete_0.25mm,2.0,10,20,L3,840,14,-0.11094282541788761,-0.11094282541788757,-0.11094282541788757,"[7, 7]","[-2.2205597365652254, 0.8191608295357086]","[-6.495099309932217, 4.885188127915874]",60,60,0,"[18, 42]"
p1_complete_0.25mm,2.0,10,20,L4,840,14,-0.01883777806228517,-0.018837778062285156,-0.018837778062285187,"[7, 7]","[-1.2193396043233782, 0.44999525510334315]","[-4.930859292848094, 2.4182370693167643]",60,60,0,"[31, 29]"
p1_complete_0.25mm,2.0,10,20,L5,840,14,-0.0361695124607326,-0.0361695124607326,-0.0361695124607326,"[8, 6]","[-1.1747546342362614, 0.5840016750208691]","[-4.820969795951502, 3.590961249067537]",60,60,0,"[23, 37]"
p1_complete_0.25mm,2.0,10,20,S1,840,14,-0.18313204890185297,-0.18313204890185292,-0.18313204890185292,"[7, 7]","[-2.0000969514788114, 1.4636612016684447]","[-5.844124811140139, 3.918355948446861]",60,60,0,"[14, 46]"
p1_complete_0.25mm,2.0,10,20,S2,840,14,0.3562064099328621,0.3562064099328621,0.3562064099328621,"[11, 3]","[-0.45294669476867383, 1.798818790718372]","[-3.6315480915944107, 6.275333148680357]",60,60,0,"[48, 12]"
p1_complete_0.25mm,2.0,10,100,L1,840,14,0.4075914411806122,0.40759144118061214,0.4075914411806123,"[7, 7]","[-4.112021150239667, 6.23119839271774]","[-16.95718462365857, 27.476410805965372]",60,60,0,"[35, 25]"
p1_complete_0.25mm,2.0,10,100,L2,840,14,-2.8117571541782125,-2.8117571541782134,-2.8117571541782125,"[6, 8]","[-20.79380923117595, 7.848313859138546]","[-52.48292095771111, 35.641298846375236]",60,60,0,"[6, 54]"
p1_complete_0.25mm,2.0,10,100,L3,840,14,1.255096755087107,1.2550967550871073,1.2550967550871075,"[7, 7]","[-10.396270877985293, 13.957147624570018]","[-29.445534511322453, 44.11959091314369]",60,60,0,"[50, 10]"
p1_complete_0.25mm,2.0,10,100,L4,840,14,-1.507658574037296,-1.5076585740372965,-1.5076585740372965,"[8, 6]","[-11.244948540743824, 5.101796300828284]","[-40.18463483302883, 14.746732631891904]",60,60,0,"[20, 40]"
p1_complete_0.25mm,2.0,10,100,L5,840,14,1.3081950562031308,1.3081950562031304,1.3081950562031308,"[10, 4]","[-9.096416994235, 4.739837651934355]","[-33.34154460997239, 21.145784935440147]",60,60,0,"[49, 11]"
p1_complete_0.25mm,2.0,10,100,S1,840,14,-3.149154558972733,-3.1491545589727323,-3.149154558972733,"[5, 9]","[-13.934305676097871, 6.39115871436202]","[-36.69623033840986, 26.392233851976066]",60,60,0,"[9, 51]"
p1_complete_0.25mm,2.0,10,100,S2,840,14,4.497687034717391,4.497687034717392,4.497687034717392,"[12, 2]","[-5.352896957849859, 16.920507336833914]","[-23.10499899547219, 37.77253483019945]",60,60,0,"[60, 0]"
p1_complete_0.25mm,2.0,20,100,L1,840,14,0.2386221816310874,0.238622181631087,0.2386221816310873,"[6, 8]","[-4.314084736934284, 5.122075059813018]","[-17.531658807937482, 24.931783719846663]",60,60,0,"[33, 27]"
p1_complete_0.25mm,2.0,20,100,L2,840,14,-2.6356636495385843,-2.635663649538584,-2.6356636495385843,"[6, 8]","[-19.923544970223897, 9.867787834411557]","[-51.32255993866433, 32.653858443546774]",60,60,0,"[7, 53]"
p1_complete_0.25mm,2.0,20,100,L3,840,14,1.366039580504995,1.3660395805049947,1.3660395805049947,"[8, 6]","[-8.175711141420066, 14.00749327261169]","[-28.655886792545715, 42.74954747725622]",60,60,0,"[52, 8]"
p1_complete_0.25mm,2.0,20,100,L4,840,14,-1.4888207959750115,-1.4888207959750113,-1.4888207959750108,"[8, 6]","[-10.025608936420447, 5.340096633946813]","[-37.41874633719943, 14.80076150745943]",60,60,0,"[19, 41]"
p1_complete_0.25mm,2.0,20,100,L5,840,14,1.344364568663863,1.3443645686638634,1.3443645686638634,"[11, 3]","[-8.465402885704059, 4.155835976913488]","[-29.60299652699198, 19.247537023263604]",60,60,0,"[54, 6]"
p1_complete_0.25mm,2.0,20,100,S1,840,14,-2.96602251007088,-2.96602251007088,-2.96602251007088,"[5, 9]","[-13.067295645314283, 6.372976829627294]","[-36.61176000573337, 24.445368400582936]",60,60,0,"[10, 50]"
p1_complete_0.25mm,2.0,20,100,S2,840,14,4.1414806247845295,4.141480624784529,4.1414806247845295,"[12, 2]","[-5.434168920535414, 15.12168854611554]","[-21.9031070342648, 34.32086479065729]",60,60,0,"[60, 0]"
p1_complete_0.25mm,5.0,0,10,L1,840,14,0.1851096624594055,0.18510966245940555,0.1851096624594055,"[11, 3]","[-4.302497662425873, 1.53213943022912]","[-10.566248069406969, 4.7990752268312065]",60,60,0,"[41, 19]"
p1_complete_0.25mm,5.0,0,10,L2,840,14,0.1911375271279092,0.19113752712790918,0.1911375271279092,"[9, 5]","[-2.592003873906706, 1.8729704159201728]","[-3.347785090129243, 6.622457591924425]",60,60,0,"[48, 12]"
p1_complete_0.25mm,5.0,0,10,L3,840,14,-0.06132706842215541,-0.06132706842215523,-0.061327068422155365,"[7, 7]","[-2.31875367267539, 0.8622053206422617]","[-4.385924158884475, 4.293613655895448]",60,60,0,"[23, 37]"
p1_complete_0.25mm,5.0,0,10,L4,840,14,0.1899913190023333,0.1899913190023333,0.1899913190023333,"[6, 8]","[-0.42289066563965155, 1.3829500232396206]","[-2.3972276322824144, 2.491722401201768]",60,60,0,"[46, 14]"
p1_complete_0.25mm,5.0,0,10,L5,840,14,-0.23232287352861844,-0.2323228735286184,-0.23232287352861844,"[6, 8]","[-1.6554900987167518, 1.0129091665137515]","[-5.706342544974097, 2.063620877477876]",60,60,0,"[5, 55]"
p1_complete_0.25mm,5.0,0,10,S1,840,14,-0.13355447295114237,-0.13355447295114242,-0.13355447295114234,"[6, 8]","[-1.404559434586518, 1.3736082861041106]","[-5.131361109566229, 4.72898360031973]",60,60,0,"[12, 48]"
p1_complete_0.25mm,5.0,0,10,S2,840,14,-0.1390340936877318,-0.13903409368773173,-0.1390340936877318,"[4, 10]","[-0.9706438004988663, 0.8632554075445745]","[-3.312583316288925, 4.172307474908673]",60,60,0,"[20, 40]"
p1_complete_0.25mm,5.0,0,20,L1,840,14,0.34732623583036176,0.3473262358303617,0.34732623583036165,"[11, 3]","[-10.344600129764377, 3.471130304036718]","[-22.777641917051927, 9.560521631314483]",60,60,0,"[40, 20]"
p1_complete_0.25mm,5.0,0,20,L2,840,14,0.2986045414903359,0.29860454149033605,0.29860454149033594,"[9, 5]","[-5.88259986699228, 4.0844690129461885]","[-7.937397927237024, 11.142360477137048]",60,60,0,"[45, 15]"
p1_complete_0.25mm,5.0,0,20,L3,840,14,-0.3214684315380781,-0.32146843153807797,-0.321468431538078,"[7, 7]","[-5.236450353311722, 1.4829726823303047]","[-9.539345827818574, 9.18905871812612]",60,60,0,"[9, 51]"
p1_complete_0.25mm,5.0,0,20,L4,840,14,0.3703043896057994,0.3703043896057994,0.3703043896057995,"[6, 8]","[-0.9371987097117482, 2.3626031964907033]","[-4.681741877314348, 4.3272944454712805]",60,60,0,"[45, 15]"
p1_complete_0.25mm,5.0,0,20,L5,840,14,-0.37288552779114426,-0.37288552779114414,-0.3728855277911442,"[6, 8]","[-3.580301011188294, 2.3612947926378194]","[-11.188952145541464, 4.181872677142251]",60,60,0,"[8, 52]"
p1_complete_0.25mm,5.0,0,20,S1,840,14,-0.19861667972664693,-0.198616679726647,-0.19861667972664693,"[6, 8]","[-3.5995760338291793, 3.251971479496516]","[-11.210309946959086, 10.254793595364301]",60,60,0,"[15, 45]"
p1_complete_0.25mm,5.0,0,20,S2,840,14,-0.12326452787062765,-0.12326452787062765,-0.12326452787062765,"[4, 10]","[-1.6615260704443808, 2.0174690634896257]","[-6.4183542703488055, 9.520782339416686]",60,60,0,"[24, 36]"
p1_complete_0.25mm,5.0,0,100,L1,840,14,-3.418292788486288,-3.418292788486287,-3.418292788486288,"[2, 12]","[-12.432150866768916, 0.6939552613040856]","[-31.35236872251096, 29.040916976349518]",60,60,0,"[0, 60]"
p1_complete_0.25mm,5.0,0,100,L2,840,14,-4.156585103158475,-4.156585103158476,-4.156585103158474,"[2, 12]","[-20.606482243189124, 6.817989307120725]","[-49.50021964020379, 23.913567918146896]",60,60,0,"[0, 60]"
p1_complete_0.25mm,5.0,0,100,L3,840,14,-0.16499851250409017,-0.1649985125040901,-0.16499851250409014,"[5, 9]","[-16.305468889231964, 10.770698412678664]","[-37.597509717541065, 29.232348748891702]",60,60,0,"[32, 28]"
p1_complete_0.25mm,5.0,0,100,L4,840,14,-1.384472306816738,-1.3844723068167377,-1.384472306816738,"[8, 6]","[-16.23898614212412, 3.766826467977983]","[-45.48962514925058, 13.579713112245162]",60,60,0,"[23, 37]"
p1_complete_0.25mm,5.0,0,100,L5,840,14,1.5278554404874345,1.527855440487434,1.5278554404874338,"[11, 3]","[-10.261108269669085, 7.621919597595999]","[-37.48023034014891, 13.031896889239436]",60,60,0,"[58, 2]"
p1_complete_0.25mm,5.0,0,100,S1,840,14,0.5394620378870576,0.5394620378870576,0.5394620378870579,"[8, 6]","[-14.66794414400114, 10.457163465413648]","[-39.47519582699139, 26.328042471795264]",60,60,0,"[31, 29]"
p1_complete_0.25mm,5.0,0,100,S2,840,14,7.0570312325911,7.0570312325911,7.057031232591101,"[14, 0]","[3.0007906237260453, 13.909563229742478]","[-9.612769232014859, 45.721417317227136]",60,60,0,"[60, 0]"
p1_complete_0.25mm,5.0,10,20,L1,840,14,0.16221657337095632,0.16221657337095616,0.16221657337095627,"[12, 2]","[-6.042102467338503, 1.938990873807599]","[-13.155074738833871, 4.761446404483277]",60,60,0,"[40, 20]"
p1_complete_0.25mm,5.0,10,20,L2,840,14,0.10746701436242663,0.10746701436242662,0.10746701436242662,"[9, 5]","[-3.290595993085573, 2.2114985970260133]","[-4.58961283710778, 6.472120090270969]",60,60,0,"[41, 19]"
p1_complete_0.25mm,5.0,10,20,L3,840,14,-0.2601413631159226,-0.2601413631159226,-0.2601413631159226,"[7, 7]","[-2.9176966806363303, 0.6207673616880428]","[-5.877741115658952, 4.895445062230672]",60,60,0,"[3, 57]"
p1_complete_0.25mm,5.0,10,20,L4,840,14,0.18031307060346613,0.18031307060346619,0.18031307060346613,"[9, 5]","[-0.569658469656967, 0.9903234924435582]","[-2.881901108164542, 2.6163041055433407]",60,60,0,"[43, 17]"
p1_complete_0.25mm,5.0,10,20,L5,840,14,-0.1405626542625258,-0.14056265426252584,-0.14056265426252582,"[7, 7]","[-1.9248109124715425, 1.3483856261240688]","[-6.5415059623088245, 2.3452535023052556]",60,60,0,"[16, 44]"
p1_complete_0.25mm,5.0,10,20,S1,840,14,-0.06506220677550456,-0.06506220677550449,-0.06506220677550459,"[6, 8]","[-2.195016599242661, 1.878363193392406]","[-6.227084367769148, 5.52580999504457]",60,60,0,"[17, 43]"
p1_complete_0.25mm,5.0,10,20,S2,840,14,0.015769565817104158,0.01576956581710419,0.015769565817104165,"[6, 8]","[-0.7219783511778137, 1.154213655945052]","[-3.1057709540598806, 5.348474864508013]",60,60,0,"[28, 32]"
p1_complete_0.25mm,5.0,10,100,L1,840,14,-3.6034024509456932,-3.6034024509456932,-3.6034024509456932,"[0, 14]","[-8.129653204343047, -0.011257301488525212]","[-22.00456143027536, 27.46465271794124]",60,60,0,"[0, 60]"
p1_complete_0.25mm,5.0,10,100,L2,840,14,-4.347722630286385,-4.347722630286385,-4.347722630286385,"[2, 12]","[-19.934511747898544, 9.409993181027433]","[-49.08120318627452, 25.863779674034287]",60,60,0,"[0, 60]"
p1_complete_0.25mm,5.0,10,100,L3,840,14,-0.10367144408193461,-0.10367144408193504,-0.10367144408193485,"[5, 9]","[-14.791837878062747, 13.08945208535405]","[-35.315873508242504, 31.59062751110345]",60,60,0,"[35, 25]"
p1_complete_0.25mm,5.0,10,100,L4,840,14,-1.5744636258190714,-1.5744636258190718,-1.5744636258190714,"[7, 7]","[-16.151757416884145, 3.39583815273167]","[-45.501674016337915, 13.46528992351711]",60,60,0,"[22, 38]"
p1_complete_0.25mm,5.0,10,100,L5,840,14,1.7601783140160525,1.7601783140160525,1.7601783140160525,"[12, 2]","[-11.27401743618284, 7.4970612176135445]","[-33.899446541975124, 15.461788619975758]",60,60,0,"[59, 1]"
p1_complete_0.25mm,5.0,10,100,S1,840,14,0.6730165108381999,0.6730165108381994,0.6730165108382,"[8, 6]","[-13.263384709414625, 10.358787416586846]","[-36.410370156512805, 25.21868140665887]",60,60,0,"[31, 29]"
p1_complete_0.25mm,5.0,10,100,S2,840,14,7.196065326278831,7.196065326278833,7.196065326278831,"[14, 0]","[3.1587200917972713, 13.046307822197905]","[-10.211447962240486, 42.07798078276019]",60,60,0,"[60, 0]"
p1_complete_0.25mm,5.0,20,100,L1,840,14,-3.76561902431665,-3.76561902431665,-3.76561902431665,"[0, 14]","[-8.03967026693308, -0.6820457615270018]","[-16.430671211832223, 25.332389514820232]",60,60,0,"[0, 60]"
p1_complete_0.25mm,5.0,20,100,L2,840,14,-4.4551896446488115,-4.4551896446488115,-4.4551896446488115,"[2, 12]","[-19.39859120604276, 12.700589174113006]","[-48.26172539376298, 25.190837045062274]",60,60,0,"[0, 60]"
p1_complete_0.25mm,5.0,20,100,L3,840,14,0.156469919033988,0.15646991903398771,0.15646991903398777,"[5, 9]","[-12.398191245794237, 16.007148765990383]","[-30.793757073148537, 33.72568221715089]",60,60,0,"[40, 20]"
p1_complete_0.25mm,5.0,20,100,L4,840,14,-1.7547766964225375,-1.754776696422538,-1.754776696422538,"[7, 7]","[-15.58209894722718, 3.1691979080648567]","[-46.03329138797404, 13.070925065613059]",60,60,0,"[21, 39]"
p1_complete_0.25mm,5.0,20,100,L5,840,14,1.9007409682785783,1.9007409682785779,1.9007409682785785,"[12, 2]","[-12.622403062306914, 7.360029682251766]","[-29.5358704221756, 17.024788274079626]",60,60,0,"[60, 0]"
p1_complete_0.25mm,5.0,20,100,S1,840,14,0.7380787176137046,0.7380787176137047,0.7380787176137046,"[8, 6]","[-11.45711735451174, 10.251396763442427]","[-30.91816652456192, 23.65696307302694]",60,60,0,"[31, 29]"
p1_complete_0.25mm,5.0,20,100,S2,840,14,7.1802957604617275,7.1802957604617275,7.1802957604617275,"[14, 0]","[3.1732080391273865, 12.430600068850442]","[-11.550456252031607, 37.128686775494316]",60,60,0,"[60, 0]"
p1_complete_0.25mm,10.0,0,10,L1,780,13,1.6313380906341115,1.6313380906341115,,"[12, 1]","[-2.1707513683968895, 3.0537947446982128]","[-8.44424513280565, 7.218462322073766]",0,60,60,"[0, 0]"
p1_complete_0.25mm,10.0,0,10,L2,780,13,0.5056751947389465,0.5056751947389466,,"[7, 6]","[-2.3680869886739346, 2.0656426195600535]","[-3.3034218875875263, 3.682515186401912]",0,60,60,"[0, 0]"
p1_complete_0.25mm,10.0,0,10,L3,780,13,-0.12799818993245576,-0.12799818993245576,,"[6, 7]","[-2.2786222145265875, 1.692154332526187]","[-2.793481704620407, 3.037387934747404]",0,60,60,"[0, 0]"
p1_complete_0.25mm,10.0,0,10,L4,780,13,-0.3118431384366864,-0.3118431384366864,,"[4, 9]","[-1.4836377246953092, 1.5441745638465418]","[-2.0279454306119717, 2.5910217859130626]",0,60,60,"[0, 0]"
p1_complete_0.25mm,10.0,0,10,L5,780,13,-0.575227505967245,-0.5752275059672449,,"[2, 11]","[-1.4712569583493187, 1.009914419853291]","[-2.383506327750734, 2.1574661843998477]",0,60,60,"[0, 0]"
p1_complete_0.25mm,10.0,0,10,S1,780,13,-0.569844604918994,-0.569844604918994,,"[2, 11]","[-1.7514035063365356, 1.5046177646782783]","[-3.3578851451760263, 3.473814929780877]",0,60,60,"[0, 0]"
p1_complete_0.25mm,10.0,0,10,S2,780,13,-0.552099846117677,-0.552099846117677,,"[3, 10]","[-1.7113565483224964, 0.6324024440753838]","[-2.7938358688154157, 2.6788967485594894]",0,60,60,"[0, 0]"
p1_complete_0.25mm,10.0,0,20,L1,780,13,2.8691652091242057,2.8691652091242057,,"[12, 1]","[-5.9513125530072895, 5.61493636296667]","[-19.849191391781957, 13.948595787366349]",0,60,60,"[0, 0]"
p1_complete_0.25mm,10.0,0,20,L2,780,13,0.8264013236728792,0.8264013236728792,,"[9, 4]","[-5.635919288950452, 3.816434981659252]","[-7.859771849396665, 8.658735699754232]",0,60,60,"[0, 0]"
p1_complete_0.25mm,10.0,0,20,L3,780,13,-0.24062961785382775,-0.24062961785382783,,"[6, 7]","[-5.501959339537534, 3.5161491778811347]","[-6.728331498199902, 5.449720416938128]",0,60,60,"[0, 0]"
p1_complete_0.25mm,10.0,0,20,L4,780,13,-0.5307201925803967,-0.5307201925803968,,"[4, 9]","[-2.801843570917524, 2.7304021856158314]","[-3.724523703993808, 4.668539607883432]",0,60,60,"[0, 0]"
p1_complete_0.25mm,10.0,0,20,L5,780,13,-1.065755566266121,-1.0657555662661204,,"[2, 11]","[-2.793757382723815, 2.36124608518957]","[-5.1995779997659195, 5.5412365120843186]",0,60,60,"[0, 0]"
p1_complete_0.25mm,10.0,0,20,S1,780,13,-0.9066723318358296,-0.9066723318358298,,"[3, 10]","[-3.3679811608429326, 3.6586019371576275]","[-6.208101253641746, 7.272871017319227]",0,60,60,"[0, 0]"
p1_complete_0.25mm,10.0,0,20,S2,780,13,-0.9517888242609104,-0.9517888242609105,,"[3, 10]","[-3.1087550972457865, 1.659494497566025]","[-3.7837343296511476, 6.243296574385088]",0,60,60,"[0, 0]"
p1_complete_0.25mm,10.0,0,100,L1,780,13,-4.73619808770247,-4.736198087702469,,"[1, 12]","[-10.716734534218055, 1.250532650959556]","[-19.588201572987018, 18.231555042923574]",0,60,60,"[0, 0]"
p1_complete_0.25mm,10.0,0,100,L2,780,13,-1.348939841851956,-1.3489398418519558,,"[3, 10]","[-4.546749004183399, 7.630912447456308]","[-15.172650434520712, 12.515711055732769]",0,60,60,"[0, 0]"
p1_complete_0.25mm,10.0,0,100,L3,780,13,-0.2735129511975515,-0.2735129511975518,,"[6, 7]","[-8.778683238594057, 9.14794900268474]","[-24.13699901960601, 21.235765577933748]",0,60,60,"[0, 0]"
p1_complete_0.25mm,10.0,0,100,L4,780,13,0.4173148991127438,0.4173148991127436,,"[9, 4]","[-8.23391215268007, 3.9796731455882286]","[-11.913529168843178, 9.278266721030688]",0,60,60,"[0, 0]"
p1_complete_0.25mm,10.0,0,100,L5,780,13,0.9717133514252984,0.9717133514252987,,"[11, 2]","[-8.91138986668318, 5.655633237582693]","[-23.85192108663461, 37.152771297293086]",0,60,60,"[0, 0]"
p1_complete_0.25mm,10.0,0,100,S1,780,13,0.6437882779718099,0.6437882779718099,,"[8, 5]","[-6.4426494154069385, 6.983214640205973]","[-23.07164778058648, 19.979675940191044]",0,60,60,"[0, 0]"
p1_complete_0.25mm,10.0,0,100,S2,780,13,4.325834352242126,4.325834352242126,,"[12, 1]","[-0.4522664975808197, 7.838355820977823]","[-14.344774084288813, 32.90286309746997]",0,60,60,"[0, 0]"
p1_complete_0.25mm,10.0,10,20,L1,780,13,1.2378271184900942,1.2378271184900944,,"[12, 1]","[-3.780561184610402, 2.882275549043604]","[-11.404946258976306, 6.850753373552953]",0,60,60,"[0, 0]"
p1_complete_0.25mm,10.0,10,20,L2,780,13,0.3207261289339327,0.3207261289339327,,"[10, 3]","[-3.2678323002765195, 1.7507923620991999]","[-4.556349961809139, 4.976220513352319]",0,60,60,"[0, 0]"
p1_complete_0.25mm,10.0,10,20,L3,780,13,-0.11263142792137205,-0.1126314279213721,,"[7, 6]","[-3.2233371250109486, 1.8239948453549495]","[-4.023341137047306, 2.7860432145738105]",0,60,60,"[0, 0]"
p1_complete_0.25mm,10.0,10,20,L4,780,13,-0.21887705414371048,-0.21887705414371056,,"[4, 9]","[-1.318205846222215, 1.2036571647718095]","[-1.8992007708135097, 2.4781480531405027]",0,60,60,"[0, 0]"
p1_complete_0.25mm,10.0,10,20,L5,780,13,-0.4905280602988754,-0.4905280602988754,,"[2, 11]","[-1.3225004243744964, 1.35133166533628]","[-2.819266357903044, 3.383770327684471]",0,60,60,"[0, 0]"
p1_complete_0.25mm,10.0,10,20,S1,780,13,-0.33682772691683555,-0.33682772691683566,,"[3, 10]","[-1.6165776545063966, 2.1539841724793485]","[-2.957185247445654, 3.7990560875383492]",0,60,60,"[0, 0]"
p1_complete_0.25mm,10.0,10,20,S2,780,13,-0.3996889781432333,-0.3996889781432333,,"[4, 9]","[-1.3973985489232894, 1.027092053490641]","[-1.8987051242472852, 3.6026606519979327]",0,60,60,"[0, 0]"
p1_complete_0.25mm,10.0,10,100,L1,780,13,-6.367536178336581,-6.367536178336581,,"[0, 13]","[-10.77962945084601, -1.1621269720499228]","[-16.47799148655998, 12.596213108993485]",0,60,60,"[0, 0]"
p1_complete_0.25mm,10.0,10,100,L2,780,13,-1.8546150365909029,-1.8546150365909027,,"[3, 10]","[-6.559080560104939, 9.998999436130246]","[-16.011192036632753, 13.176293714849846]",0,60,60,"[0, 0]"
p1_complete_0.25mm,10.0,10,100,L3,780,13,-0.14551476126509572,-0.14551476126509502,,"[6, 7]","[-7.613543320200917, 11.426571217211336]","[-22.17275481703944, 23.34587324877487]",0,60,60,"[0, 0]"
p1_complete_0.25mm,10.0,10,100,L4,780,13,0.7291580375494303,0.72915803754943,,"[9, 4]","[-9.175787880720167, 4.779729129887174]","[-12.436706937168337, 9.684740099526184]",0,60,60,"[0, 0]"
p1_complete_0.25mm,10.0,10,100,L5,780,13,1.5469408573925436,1.5469408573925436,,"[11, 2]","[-9.921304286536468, 6.410599856158081]","[-21.972667769449497, 34.995305112893234]",0,60,60,"[0, 0]"
p1_complete_0.25mm,10.0,10,100,S1,780,13,1.213632882890804,1.2136328828908045,,"[8, 5]","[-6.6847648364055035, 7.144849365856978]","[-21.791784374980615, 16.505861010410168]",0,60,60,"[0, 0]"
p1_complete_0.25mm,10.0,10,100,S2,780,13,4.877934198359802,4.877934198359802,,"[13, 0]","[0.19415309783784104, 8.072980260359117]","[-14.635892855258053, 32.619636583921675]",0,60,60,"[0, 0]"
p1_complete_0.25mm,10.0,20,100,L1,780,13,-7.605363296826677,-7.605363296826676,,"[0, 13]","[-13.230408805198756, -2.627241196412408]","[-18.63603244267192, 8.464352356414706]",0,60,60,"[0, 0]"
p1_complete_0.25mm,10.0,20,100,L2,780,13,-2.175341165524835,-2.1753411655248356,,"[2, 11]","[-8.194019887883213, 13.266831736406761]","[-16.423374729814523, 16.92420555147652]",0,60,60,"[0, 0]"
p1_complete_0.25mm,10.0,20,100,L3,780,13,-0.032883333343723585,-0.032883333343724085,,"[5, 8]","[-6.161875471659291, 14.649908342222275]","[-19.51087586648362, 26.213253063067622]",0,60,60,"[0, 0]"
p1_complete_0.25mm,10.0,20,100,L4,780,13,0.9480350916931408,0.9480350916931406,,"[10, 3]","[-10.379445045491977, 5.493821903724442]","[-14.231629982186897, 10.185776882457278]",0,60,60,"[0, 0]"
p1_complete_0.25mm,10.0,20,100,L5,780,13,2.0374689176914194,2.0374689176914194,,"[11, 2]","[-11.272635951872752, 7.12433491775903]","[-19.82884589677994, 31.737717010711712]",0,60,60,"[0, 0]"
p1_complete_0.25mm,10.0,20,100,S1,780,13,1.55046060980764,1.5504606098076394,,"[8, 5]","[-8.838749008884855, 7.109244302040192]","[-21.23862927596557, 13.439931595869414]",0,60,60,"[0, 0]"
p1_complete_0.25mm,10.0,20,100,S2,780,13,5.2776231765030355,5.2776231765030355,,"[13, 0]","[0.18943875606949387, 9.470378809282407]","[-15.374993459070119, 29.016975931923746]",0,60,60,"[0, 0]"
p1_complete_0.125mm,all,0,10,L1,2460,14,0.6480707831705542,0.6501670323328624,0.19162592165067655,"[13, 1]","[-3.1122533992725008, 1.75899035254534]","[-10.571276704042564, 7.217399057233692]",120,180,60,"[85, 35]"
p1_complete_0.125mm,all,0,10,L2,2460,14,0.2074315375948497,0.18814314411146985,0.0689835165951561,"[10, 4]","[-2.267679106357433, 1.1728471259140976]","[-3.864382358992835, 6.624703683082034]",120,180,60,"[71, 49]"
p1_complete_0.125mm,all,0,10,L3,2460,14,-0.12280769624461355,-0.1187108137933719,-0.12041036844965662,"[8, 6]","[-1.7873901407139927, 0.9192258391165599]","[-5.788566679659507, 4.511147522146603]",120,180,60,"[32, 88]"
p1_complete_0.125mm,all,0,10,L4,2460,14,-0.038363915613337705,-0.048092810983988495,0.08858545269586841,"[4, 10]","[-0.47654603432532794, 0.9446212597025787]","[-4.783624435704695, 3.2095840488181206]",120,180,60,"[83, 37]"
p1_complete_0.125mm,all,0,10,L5,2460,14,-0.29683041703045726,-0.28508345599188645,-0.1675636096733241,"[5, 9]","[-1.1653472941729965, 0.5116488628912309]","[-5.718713964691435, 2.23760354887943]",120,180,60,"[24, 96]"
p1_complete_0.125mm,all,0,10,S1,2460,14,-0.25535950942138813,-0.24775967865960793,-0.10935209107339448,"[4, 10]","[-1.0936359182720257, 1.435968233980081]","[-5.132746741901656, 4.73237941218437]",120,180,60,"[33, 87]"
p1_complete_0.125mm,all,0,10,S2,2460,14,-0.14214078245560718,-0.13866341701547735,0.04813117825467429,"[4, 10]","[-0.8055185324762555, 0.7412787126905804]","[-4.118608186176445, 5.665775316526584]",120,180,60,"[64, 56]"
p1_complete_0.125mm,all,0,20,L1,2460,14,1.1536339704557976,1.1676489041556843,0.35727426574312854,"[13, 1]","[-7.469274646345789, 3.636526283611706]","[-22.78982433595085, 13.94701928234883]",120,180,60,"[85, 35]"
p1_complete_0.125mm,all,0,20,L2,2460,14,0.28471780703877164,0.24680054271728905,0.03330313644214968,"[11, 3]","[-5.126450090176239, 2.155067527700198]","[-7.936425058750511, 11.167585834436503]",120,180,60,"[62, 58]"
p1_complete_0.125mm,all,0,20,L3,2460,14,-0.28547611228611924,-0.270979459774012,-0.3063559929320523,"[8, 6]","[-3.8509272640323657, 1.82390796323793]","[-12.287853336966192, 9.406212342216497]",120,180,60,"[20, 100]"
p1_complete_0.125mm,all,0,20,L4,2460,14,-0.05259840657103475,-0.08324708729768773,0.16934198287581387,"[5, 9]","[-1.339842997090466, 1.7852603364509019]","[-8.418334764376656, 5.655216980598548]",120,180,60,"[80, 40]"
p1_complete_0.125mm,all,0,20,L5,2460,14,-0.5122011242430226,-0.4896880437217273,-0.25521519599378745,"[5, 9]","[-2.434036948050656, 1.2022036495042532]","[-11.194329337087938, 5.5415255928605465]",120,180,60,"[31, 89]"
p1_complete_0.125mm,all,0,20,S1,2460,14,-0.44677994050834197,-0.43313981330520573,-0.23321135718718847,"[5, 9]","[-2.5797860672266797, 3.2675774160910485]","[-11.210072628713569, 10.258090288843732]",120,180,60,"[34, 86]"
p1_complete_0.125mm,all,0,20,S2,2460,14,-0.14129619388605077,-0.13739504277434159,0.23486316105193603,"[6, 8]","[-1.338914988588873, 1.8199076135232493]","[-7.73226499892623, 11.94631426666774]",120,180,60,"[70, 50]"
p1_complete_0.125mm,all,0,100,L1,2460,14,-2.465036925098833,-2.3150036537346668,-1.4104707479904195,"[4, 10]","[-9.914925818690698, 3.8363604721961626]","[-31.366522412544874, 30.793537815931092]",120,180,60,"[38, 82]"
p1_complete_0.125mm,all,0,100,L2,2460,14,-2.8229901928630405,-3.254768669672507,-3.5073849040729104,"[3, 11]","[-20.95768621886061, 6.818087510144609]","[-52.34545628627689, 35.96136959659499]",120,180,60,"[6, 114]"
p1_complete_0.125mm,all,0,100,L3,2460,14,0.22356228672874554,0.39085187206866073,0.4543423031467471,"[5, 9]","[-12.37498527054239, 11.035887966739102]","[-37.62287097226397, 45.81845673450058]",120,180,60,"[83, 37]"
p1_complete_0.125mm,all,0,100,L4,2460,14,-0.8598295657878393,-1.1761783750443409,-1.452560777698527,"[7, 7]","[-14.146479554560894, 2.9961986581590727]","[-45.475453020925485, 14.678451098348571]",120,180,60,"[44, 76]"
p1_complete_0.125mm,all,0,100,L5,2460,14,1.2411943720069645,1.3493088552405292,1.3662461408547166,"[11, 3]","[-9.581608722398844, 5.7820026678166965]","[-37.48035299507816, 37.16246181749461]",120,180,60,"[104, 16]"
p1_complete_0.125mm,all,0,100,S1,2460,14,-0.715602193730704,-0.4977025320342286,-1.3468045017500474,"[7, 7]","[-11.21231281373569, 8.436183597521271]","[-39.89331950691206, 28.216139923015977]",120,180,60,"[40, 80]"
p1_complete_0.125mm,all,0,100,S2,2460,14,5.398702218744708,5.503492503176552,5.896632487510442,"[14, 0]","[0.1111825850112283, 13.327205509822178]","[-24.458045843513172, 45.73037755967286]",120,180,60,"[120, 0]"
p1_complete_0.125mm,all,10,20,L1,2460,14,0.5055631872852432,0.5174818718228222,0.16564834409245194,"[13, 1]","[-4.357021247073285, 1.877535931066364]","[-13.15761759156356, 6.849700874743824]",120,180,60,"[78, 42]"
p1_complete_0.125mm,all,10,20,L2,2460,14,0.07728626944392201,0.05865739860581951,-0.03568038015300642,"[10, 4]","[-2.8587709838188027, 0.9822204017861017]","[-4.591068954999882, 6.489390840581691]",120,180,60,"[54, 66]"
p1_complete_0.125mm,all,10,20,L3,2460,14,-0.16266841604150575,-0.1522686459806398,-0.18594562448239565,"[8, 6]","[-2.063537123318371, 0.9046821241213702]","[-6.499286657306685, 4.910344983155215]",120,180,60,"[21, 99]"
p1_complete_0.125mm,all,10,20,L4,2460,14,-0.014234490957696995,-0.035154276313699315,0.08075653017994548,"[6, 8]","[-0.8928654759097949, 0.8406390767483227]","[-4.941546480020592, 2.613928570087323]",120,180,60,"[73, 47]"
p1_complete_0.125mm,all,10,20,L5,2460,14,-0.2153707072125652,-0.20460458772984086,-0.08765158632046337,"[5, 9]","[-1.2686896538776595, 0.6905547866130229]","[-6.544836387552822, 3.592894101477384]",120,180,60,"[39, 81]"
p1_complete_0.125mm,all,10,20,S1,2460,14,-0.19142043108695375,-0.18538013464559758,-0.12385926611379397,"[5, 9]","[-1.486150148954655, 1.8316091821109677]","[-6.228004483203209, 5.525710876659362]",120,180,60,"[31, 89]"
p1_complete_0.125mm,all,10,20,S2,2460,14,0.0008445885695563968,0.0012683742411357703,0.1867319827972617,"[7, 7]","[-0.6810901736574437, 1.0786289008326686]","[-3.6136568127497855, 6.280538950141157]",120,180,60,"[76, 44]"
p1_complete_0.125mm,all,10,100,L1,2460,14,-3.1131077082693874,-2.9651706860675286,-1.602096669641096,"[1, 13]","[-7.304256338738208, 3.1002472242086667]","[-22.016346980107517, 27.454963828138222]",120,180,60,"[35, 85]"
p1_complete_0.125mm,all,10,100,L2,2460,14,-3.03042173045789,-3.4429118137839767,-3.576368420668066,"[3, 11]","[-20.355005230153505, 9.085766616502047]","[-52.46622909349181, 35.695380511657646]",120,180,60,"[6, 114]"
p1_complete_0.125mm,all,10,100,L3,2460,14,0.34636998297335914,0.5095626858620336,0.5747526715964038,"[5, 9]","[-10.932509754074324, 12.8232781074531]","[-35.341694332442, 44.16866423997596]",120,180,60,"[85, 35]"
p1_complete_0.125mm,all,10,100,L4,2460,14,-0.8214656501745016,-1.1280855640603518,-1.5411462303943957,"[7, 7]","[-13.699502033380224, 3.0326466258841607]","[-45.49156459242227, 14.739910457641676]",120,180,60,"[42, 78]"
p1_complete_0.125mm,all,10,100,L5,2460,14,1.5380247890374221,1.6343923112324157,1.5338097505280408,"[13, 1]","[-10.09325758529007, 5.585460721227179]","[-33.89908434924959, 35.00485053153958]",120,180,60,"[108, 12]"
p1_complete_0.125mm,all,10,100,S1,2460,14,-0.46024268430931575,-0.24994285337462097,-1.2374524106766531,"[7, 7]","[-10.288398683639734, 8.372350214947884]","[-36.75826476771826, 26.405511295627125]",120,180,60,"[40, 80]"
p1_complete_0.125mm,all,10,100,S2,2460,14,5.540843001200314,5.642155920192028,5.8485013092557665,"[14, 0]","[0.14323914633135293, 12.5859267971316]","[-23.12606175934933, 42.084536191523526]",120,180,60,"[120, 0]"
p1_complete_0.125mm,all,20,100,L1,2460,14,-3.6186708955546307,-3.482652557890351,-1.767745013733548,"[1, 13]","[-8.52770801352988, 2.094099286345106]","[-18.606301428554517, 25.322499790034414]",120,180,60,"[33, 87]"
p1_complete_0.125mm,all,20,100,L2,2460,14,-3.107707999901812,-3.5015692123897955,-3.540688040515061,"[2, 12]","[-19.64987892439712, 11.94453760032084]","[-51.346332068797615, 32.72403045822766]",120,180,60,"[7, 113]"
p1_complete_0.125mm,all,20,100,L3,2460,14,0.5090383990148648,0.6618313318426735,0.7606982960787994,"[5, 9]","[-8.91016197564672, 14.886815230771477]","[-30.830595832916796, 42.82372139644497]",120,180,60,"[92, 28]"
p1_complete_0.125mm,all,20,100,L4,2460,14,-0.8072311592168048,-1.0929312877466528,-1.6219027605743408,"[7, 7]","[-12.806636557470434, 3.480304648236864]","[-46.02310572070483, 14.786666050721628]",120,180,60,"[40, 80]"
p1_complete_0.125mm,all,20,100,L5,2460,14,1.7533954962499871,1.8389968989622567,1.6214613368485045,"[13, 1]","[-10.783812371903096, 5.348654410165323]","[-29.53504124449799, 31.75847475933352]",120,180,60,"[114, 6]"
p1_complete_0.125mm,all,20,100,S1,2460,14,-0.268822253222362,-0.06456271872902337,-1.1135931445628588,"[7, 7]","[-9.199925866725241, 8.310078195497878]","[-36.56648477247599, 24.4370802854379]",120,180,60,"[41, 79]"
p1_complete_0.125mm,all,20,100,S2,2460,14,5.539998412630757,5.640887545950892,5.661769326458505,"[14, 0]","[0.07167430062635732, 11.507297896298924]","[-21.91872798377011, 37.13255100268575]",120,180,60,"[120, 0]"
p1_complete_0.125mm,2.0,0,10,L1,840,14,0.19840109464623062,0.19840109464623057,0.19840109464623062,"[12, 2]","[-2.8616050427437556, 1.013874186447129]","[-7.39744215548609, 6.250036855655505]",60,60,0,"[44, 16]"
p1_complete_0.125mm,2.0,0,10,L2,840,14,-0.05326860105962891,-0.05326860105962897,-0.053268601059628905,"[8, 6]","[-1.8430974332829209, 0.5103138885359318]","[-3.864382358992835, 4.920412654230388]",60,60,0,"[23, 37]"
p1_complete_0.125mm,2.0,0,10,L3,840,14,-0.17936681105436772,-0.1793668110543677,-0.17936681105436772,"[6, 8]","[-1.6490301967137369, 0.6102164376797212]","[-5.788566679659507, 4.511147522146603]",60,60,0,"[9, 51]"
p1_complete_0.125mm,2.0,0,10,L4,840,14,-0.012915528590824607,-0.012915528590824572,-0.012915528590824598,"[7, 7]","[-0.8073848028808827, 0.7765866964161646]","[-4.783624435704695, 3.2095840488181206]",60,60,0,"[37, 23]"
p1_complete_0.125mm,2.0,0,10,L5,840,14,-0.10294787940815585,-0.10294787940815585,-0.10294787940815585,"[7, 7]","[-1.085509559841276, 0.43410199818633194]","[-3.4209120367708232, 2.23760354887943]",60,60,0,"[19, 41]"
p1_complete_0.125mm,2.0,0,10,S1,840,14,-0.08520148683596253,-0.08520148683596254,-0.08520148683596251,"[7, 7]","[-1.618065958281147, 1.42864470504174]","[-4.756385291134141, 4.118569785049825]",60,60,0,"[22, 38]"
p1_complete_0.125mm,2.0,0,10,S2,840,14,0.23529921230270984,0.23529921230270984,0.2352992123027099,"[9, 5]","[-0.3509114889269134, 1.306034356354825]","[-4.118608186176445, 5.665775316526584]",60,60,0,"[44, 16]"
p1_complete_0.125mm,2.0,0,20,L1,840,14,0.3678916264135233,0.3678916264135232,0.36789162641352313,"[12, 2]","[-6.109178845227727, 1.9109634378183686]","[-16.91058252439886, 11.44064897521776]",60,60,0,"[45, 15]"
p1_complete_0.125mm,2.0,0,20,L2,840,14,-0.23156501356457504,-0.231565013564575,-0.231565013564575,"[7, 7]","[-3.8604458722674755, 0.8080587557382488]","[-7.796905177160529, 10.304578653674437]",60,60,0,"[17, 43]"
p1_complete_0.125mm,2.0,0,20,L3,840,14,-0.2909297312084138,-0.29092973120841387,-0.29092973120841387,"[6, 8]","[-3.869478776881559, 1.4322350949989298]","[-12.287853336966192, 9.406212342216497]",60,60,0,"[11, 49]"
p1_complete_0.125mm,2.0,0,20,L4,840,14,-0.031636451705755714,-0.03163645170575563,-0.03163645170575569,"[7, 7]","[-2.023689313909598, 1.2285678509615727]","[-8.418334764376656, 5.655216980598548]",60,60,0,"[35, 25]"
p1_complete_0.125mm,2.0,0,20,L5,840,14,-0.1381077702218877,-0.13810777022188767,-0.13810777022188772,"[8, 6]","[-2.253875017746803, 0.9312706289041564]","[-8.039665516986583, 3.9585860142952733]",60,60,0,"[23, 37]"
p1_complete_0.125mm,2.0,0,20,S1,840,14,-0.26808289947093816,-0.26808289947093805,-0.26808289947093816,"[7, 7]","[-3.6202230320169866, 2.8904983134264914]","[-10.601532059365374, 8.015165702752592]",60,60,0,"[19, 41]"
p1_complete_0.125mm,2.0,0,20,S2,840,14,0.5924302397580472,0.5924302397580472,0.5924302397580471,"[10, 4]","[-0.7961531532793966, 3.1078040619046217]","[-7.73226499892623, 11.94631426666774]",60,60,0,"[46, 14]"
p1_complete_0.125mm,2.0,0,100,L1,840,14,0.6002526585568195,0.6002526585568195,0.6002526585568195,"[8, 6]","[-6.592260999164489, 7.020731386518938]","[-18.420884633497156, 30.793537815931092]",60,60,0,"[38, 22]"
p1_complete_0.125mm,2.0,0,100,L2,840,14,-2.8579415484902193,-2.8579415484902193,-2.8579415484902193,"[6, 8]","[-21.308876723828515, 6.007351557836156]","[-52.34545628627689, 35.96136959659499]",60,60,0,"[6, 54]"
p1_complete_0.125mm,2.0,0,100,L3,840,14,1.0741647064347892,1.0741647064347895,1.074164706434789,"[7, 7]","[-12.03323009291195, 13.194053596044158]","[-33.568873198847484, 45.81845673450058]",60,60,0,"[50, 10]"
p1_complete_0.125mm,2.0,0,100,L4,840,14,-1.5205806478593171,-1.520580647859317,-1.5205806478593173,"[8, 6]","[-12.055714354140338, 4.6136343508296465]","[-40.788054229983594, 14.678451098348571]",60,60,0,"[21, 39]"
p1_complete_0.125mm,2.0,0,100,L5,840,14,1.203809670353807,1.203809670353807,1.203809670353807,"[11, 3]","[-9.571614034415527, 5.080613537478782]","[-36.130942922012125, 21.582583668413456]",60,60,0,"[46, 14]"
p1_complete_0.125mm,2.0,0,100,S1,840,14,-3.233180328257864,-3.2331803282578626,-3.2331803282578626,"[5, 9]","[-14.490843605265205, 6.414222801870811]","[-39.89331950691206, 28.216139923015977]",60,60,0,"[9, 51]"
p1_complete_0.125mm,2.0,0,100,S2,840,14,4.733475489261984,4.733475489261984,4.733475489261984,"[12, 2]","[-5.459516956372753, 18.22298812302424]","[-24.458045843513172, 40.19074107878429]",60,60,0,"[60, 0]"
p1_complete_0.125mm,2.0,10,20,L1,840,14,0.1694905317672926,0.16949053176729265,0.16949053176729256,"[12, 2]","[-3.2475738024839718, 1.1092842185480785]","[-9.530764783692621, 5.678132997519136]",60,60,0,"[38, 22]"
p1_complete_0.125mm,2.0,10,20,L2,840,14,-0.17829641250494604,-0.17829641250494613,-0.17829641250494613,"[7, 7]","[-2.0173484389845555, 0.4372106527294594]","[-4.2189319628900614, 5.6146608861252725]",60,60,0,"[13, 47]"
p1_complete_0.125mm,2.0,10,20,L3,840,14,-0.11156292015404613,-0.1115629201540461,-0.1115629201540461,"[7, 7]","[-2.220448580167823, 0.8220186573192092]","[-6.499286657306685, 4.895064820069894]",60,60,0,"[17, 43]"
p1_complete_0.125mm,2.0,10,20,L4,840,14,-0.01872092311493111,-0.018720923114931082,-0.018720923114931096,"[7, 7]","[-1.2163045110287154, 0.45198115454540866]","[-4.941546480020592, 2.445632931780428]",60,60,0,"[30, 30]"
p1_complete_0.125mm,2.0,10,20,L5,840,14,-0.035159890813731845,-0.035159890813731776,-0.03515989081373184,"[8, 6]","[-1.1683654579055274, 0.583656729775829]","[-4.82709458154228, 3.592894101477384]",60,60,0,"[23, 37]"
p1_complete_0.125mm,2.0,10,20,S1,840,14,-0.18288141263497565,-0.18288141263497562,-0.1828814126349756,"[7, 7]","[-2.0021570737358405, 1.4618536083847506]","[-5.845146768231232, 3.8965959177027667]",60,60,0,"[14, 46]"
p1_complete_0.125mm,2.0,10,20,S2,840,14,0.3571310274553373,0.35713102745533737,0.35713102745533737,"[11, 3]","[-0.44524166435248264, 1.801769705549797]","[-3.6136568127497855, 6.280538950141157]",60,60,0,"[48, 12]"
p1_complete_0.125mm,2.0,10,100,L1,840,14,0.40185156391058885,0.40185156391058885,0.40185156391058874,"[7, 7]","[-4.108748404558997, 6.219052167248649]","[-16.94501030799144, 27.300344463904096]",60,60,0,"[35, 25]"
p1_complete_0.125mm,2.0,10,100,L2,840,14,-2.80467294743059,-2.8046729474305905,-2.8046729474305905,"[6, 8]","[-20.77533657216544, 7.850448991119073]","[-52.46622909349181, 35.695380511657646]",60,60,0,"[6, 54]"
p1_complete_0.125mm,2.0,10,100,L3,840,14,1.2535315174891568,1.2535315174891568,1.2535315174891568,"[7, 7]","[-10.384199896198217, 13.95802519991973]","[-29.502602988149217, 44.16866423997596]",60,60,0,"[50, 10]"
p1_complete_0.125mm,2.0,10,100,L4,840,14,-1.5076651192684927,-1.5076651192684931,-1.5076651192684924,"[8, 6]","[-11.24832955125946, 5.107702853999326]","[-40.20483094416291, 14.739910457641676]",60,60,0,"[20, 40]"
p1_complete_0.125mm,2.0,10,100,L5,840,14,1.3067575497619626,1.3067575497619626,1.3067575497619626,"[11, 3]","[-9.083963299736968, 4.732999638350455]","[-33.19176105971695, 21.21689175559557]",60,60,0,"[49, 11]"
p1_complete_0.125mm,2.0,10,100,S1,840,14,-3.1479788414219008,-3.1479788414219003,-3.1479788414219008,"[5, 9]","[-13.934064489553638, 6.384991671326758]","[-36.75826476771826, 26.405511295627125]",60,60,0,"[9, 51]"
p1_complete_0.125mm,2.0,10,100,S2,840,14,4.498176276959274,4.498176276959274,4.498176276959274,"[12, 2]","[-5.322349929331504, 16.91695376666941]","[-23.12606175934933, 37.81663495797933]",60,60,0,"[60, 0]"
p1_complete_0.125mm,2.0,20,100,L1,840,14,0.2323610321432963,0.2323610321432964,0.23236103214329626,"[6, 8]","[-4.311490109756229, 5.10976794870057]","[-17.52159615850936, 24.76116557276655]",60,60,0,"[33, 27]"
p1_complete_0.125mm,2.0,20,100,L2,840,14,-2.6263765349256443,-2.6263765349256434,-2.6263765349256443,"[6, 8]","[-19.90128451699695, 9.867797430103629]","[-51.346332068797615, 32.72403045822766]",60,60,0,"[7, 53]"
p1_complete_0.125mm,2.0,20,100,L3,840,14,1.365094437643203,1.3650944376432026,1.365094437643203,"[8, 6]","[-8.163751316030394, 14.006285494495193]","[-28.605772468231354, 42.82372139644497]",60,60,0,"[52, 8]"
p1_complete_0.125mm,2.0,20,100,L4,840,14,-1.4889441961535614,-1.4889441961535617,-1.4889441961535612,"[8, 6]","[-10.032025040230746, 5.353426477830774]","[-37.39724747449843, 14.786666050721628]",60,60,0,"[19, 41]"
p1_complete_0.125mm,2.0,20,100,L5,840,14,1.3419174405756946,1.3419174405756946,1.3419174405756946,"[11, 3]","[-8.456307973927803, 4.149342908574625]","[-29.45668880689487, 19.27079137182033]",60,60,0,"[54, 6]"
p1_complete_0.125mm,2.0,20,100,S1,840,14,-2.9650974287869247,-2.9650974287869247,-2.9650974287869247,"[5, 9]","[-13.06382438880836, 6.367633424297415]","[-36.56648477247599, 24.4370802854379]",60,60,0,"[10, 50]"
p1_complete_0.125mm,2.0,20,100,S2,840,14,4.141045249503937,4.141045249503938,4.141045249503937,"[12, 2]","[-5.404106196585114, 15.115184061119614]","[-21.91872798377011, 34.33543015647145]",60,60,0,"[60, 0]"
p1_complete_0.125mm,5.0,0,10,L1,840,14,0.18485074865512258,0.18485074865512258,0.18485074865512255,"[11, 3]","[-4.304125375871658, 1.5309111873750452]","[-10.571276704042564, 4.797094717029651]",60,60,0,"[41, 19]"
p1_complete_0.125mm,5.0,0,10,L2,840,14,0.19123563424994117,0.19123563424994122,0.1912356342499411,"[9, 5]","[-2.5916744887576066, 1.874164745383763]","[-3.3453561037506296, 6.624703683082034]",60,60,0,"[48, 12]"
p1_complete_0.125mm,5.0,0,10,L3,840,14,-0.06145392584494557,-0.06145392584494555,-0.06145392584494555,"[7, 7]","[-2.31941224799185, 0.8614179477624134]","[-4.382002687151093, 4.305883281532383]",60,60,0,"[23, 37]"
p1_complete_0.125mm,5.0,0,10,L4,840,14,0.1900864339825614,0.19008643398256142,0.19008643398256142,"[6, 8]","[-0.42056450879830565, 1.3831639159346547]","[-2.4021354675393027, 2.501791141241827]",60,60,0,"[46, 14]"
p1_complete_0.125mm,5.0,0,10,L5,840,14,-0.2321793399384923,-0.2321793399384923,-0.2321793399384923,"[6, 8]","[-1.6555291676918529, 1.0126959367604644]","[-5.718713964691435, 2.061419427812425]",60,60,0,"[5, 55]"
p1_complete_0.125mm,5.0,0,10,S1,840,14,-0.13350269531082648,-0.13350269531082642,-0.13350269531082645,"[6, 8]","[-1.402618827550802, 1.374628829834319]","[-5.132746741901656, 4.73237941218437]",60,60,0,"[11, 49]"
p1_complete_0.125mm,5.0,0,10,S2,840,14,-0.13903685579336125,-0.13903685579336134,-0.13903685579336125,"[4, 10]","[-0.9703651122899494, 0.8616905694760714]","[-3.3136457384689204, 4.174467002185891]",60,60,0,"[20, 40]"
p1_complete_0.125mm,5.0,0,20,L1,840,14,0.346656905072734,0.3466569050727338,0.3466569050727339,"[11, 3]","[-10.346801711179632, 3.4694176358715563]","[-22.78982433595085, 9.556037710389138]",60,60,0,"[40, 20]"
p1_complete_0.125mm,5.0,0,20,L2,840,14,0.2981712864488743,0.2981712864488745,0.2981712864488743,"[9, 5]","[-5.88249432143582, 4.084929547811916]","[-7.936425058750511, 11.167585834436503]",60,60,0,"[45, 15]"
p1_complete_0.125mm,5.0,0,20,L3,840,14,-0.3217822546556907,-0.3217822546556907,-0.32178225465569066,"[7, 7]","[-5.238122615307484, 1.4821645731771254]","[-9.536880931085562, 9.216228264687597]",60,60,0,"[9, 51]"
p1_complete_0.125mm,5.0,0,20,L4,840,14,0.3703204174573834,0.3703204174573835,0.37032041745738353,"[6, 8]","[-0.9373133419366613, 2.363040703197977]","[-4.668553826368827, 4.328807487755992]",60,60,0,"[45, 15]"
p1_complete_0.125mm,5.0,0,20,L5,840,14,-0.37232262176568715,-0.37232262176568726,-0.37232262176568726,"[6, 8]","[-3.5793671588381244, 2.3606719276179278]","[-11.194329337087938, 4.1833215662832215]",60,60,0,"[8, 52]"
p1_complete_0.125mm,5.0,0,20,S1,840,14,-0.19833981490343877,-0.19833981490343872,-0.19833981490343877,"[6, 8]","[-3.5989460190623315, 3.2537987014466663]","[-11.210072628713569, 10.258090288843732]",60,60,0,"[15, 45]"
p1_complete_0.125mm,5.0,0,20,S2,840,14,-0.12270391765417518,-0.12270391765417524,-0.12270391765417518,"[4, 10]","[-1.660424499645301, 2.0171110271431916]","[-6.419111544017397, 9.526188205752215]",60,60,0,"[24, 36]"
p1_complete_0.125mm,5.0,0,100,L1,840,14,-3.4211941545376585,-3.4211941545376585,-3.421194154537658,"[2, 12]","[-12.435466298885656, 0.6961717694168262]","[-31.366522412544874, 29.03135842874711]",60,60,0,"[0, 60]"
p1_complete_0.125mm,5.0,0,100,L2,840,14,-4.156828259655602,-4.156828259655603,-4.156828259655602,"[2, 12]","[-20.6064957138927, 6.815058607391829]","[-49.506208505829385, 23.93518384014032]",60,60,0,"[0, 60]"
p1_complete_0.125mm,5.0,0,100,L3,840,14,-0.1654801001412948,-0.16548010014129474,-0.1654801001412948,"[5, 9]","[-16.311192467000897, 10.768132720465719]","[-37.62287097226397, 29.297078107507335]",60,60,0,"[33, 27]"
p1_complete_0.125mm,5.0,0,100,L4,840,14,-1.3845409075377368,-1.384540907537737,-1.3845409075377368,"[8, 6]","[-16.237244754981454, 3.7678050071732194]","[-45.475453020925485, 13.569282054700077]",60,60,0,"[23, 37]"
p1_complete_0.125mm,5.0,0,100,L5,840,14,1.5286826113556264,1.528682611355627,1.5286826113556262,"[11, 3]","[-10.262138188891308, 7.625703291713161]","[-37.48035299507816, 13.148594919639034]",60,60,0,"[58, 2]"
p1_complete_0.125mm,5.0,0,100,S1,840,14,0.5395713247577684,0.5395713247577684,0.5395713247577681,"[8, 6]","[-14.674993767931271, 10.458144393171725]","[-39.47523355963574, 26.341003682537078]",60,60,0,"[31, 29]"
p1_complete_0.125mm,5.0,0,100,S2,840,14,7.059789485758898,7.059789485758898,7.059789485758899,"[14, 0]","[3.000122154936865, 13.92530537937473]","[-9.5396625660901, 45.73037755967286]",60,60,0,"[60, 0]"
p1_complete_0.125mm,5.0,10,20,L1,840,14,0.1618061564176113,0.1618061564176113,0.16180615641761134,"[12, 2]","[-6.042676335307974, 1.9385064484965113]","[-13.15761759156356, 4.758942993359486]",60,60,0,"[40, 20]"
p1_complete_0.125mm,5.0,10,20,L2,840,14,0.10693565219893326,0.10693565219893314,0.10693565219893326,"[9, 5]","[-3.2908198326782134, 2.2107648024281503]","[-4.591068954999882, 6.489390840581691]",60,60,0,"[41, 19]"
p1_complete_0.125mm,5.0,10,20,L3,840,14,-0.26032832881074514,-0.260328328810745,-0.26032832881074514,"[7, 7]","[-2.918710367315637, 0.6207466254147114]","[-5.873899954419409, 4.910344983155215]",60,60,0,"[4, 56]"
p1_complete_0.125mm,5.0,10,20,L4,840,14,0.18023398347482206,0.18023398347482203,0.18023398347482206,"[9, 5]","[-0.5694264407908745, 0.9901316778234692]","[-2.880561106495505, 2.613928570087323]",60,60,0,"[43, 17]"
p1_complete_0.125mm,5.0,10,20,L5,840,14,-0.14014328182719488,-0.14014328182719485,-0.14014328182719488,"[7, 7]","[-1.9238379911462717, 1.347975990857464]","[-6.544836387552822, 2.3454289849748595]",60,60,0,"[16, 44]"
p1_complete_0.125mm,5.0,10,20,S1,840,14,-0.06483711959261226,-0.06483711959261232,-0.06483711959261229,"[6, 8]","[-2.196327191511529, 1.8791698716123468]","[-6.228004483203209, 5.525710876659362]",60,60,0,"[17, 43]"
p1_complete_0.125mm,5.0,10,20,S2,840,14,0.0163329381391861,0.01633293813918609,0.0163329381391861,"[6, 8]","[-0.7203269508625529, 1.15542045766712]","[-3.105465805548477, 5.351721203566323]",60,60,0,"[28, 32]"
p1_complete_0.125mm,5.0,10,100,L1,840,14,-3.606044903192781,-3.606044903192781,-3.6060449031927817,"[0, 14]","[-8.131340923014, -0.018557718831317474]","[-22.016346980107517, 27.454963828138222]",60,60,0,"[0, 60]"
p1_complete_0.125mm,5.0,10,100,L2,840,14,-4.348063893905544,-4.348063893905542,-4.348063893905543,"[2, 12]","[-19.934673888141567, 9.406733096149438]","[-49.087060832018935, 25.856459259118893]",60,60,0,"[0, 60]"
p1_complete_0.125mm,5.0,10,100,L3,840,14,-0.10402617429634943,-0.1040261742963497,-0.10402617429634926,"[5, 9]","[-14.79775448856783, 13.087544968457568]","[-35.341694332442, 31.65535126408899]",60,60,0,"[35, 25]"
p1_complete_0.125mm,5.0,10,100,L4,840,14,-1.574627341520298,-1.5746273415202985,-1.5746273415202985,"[7, 7]","[-16.15067451550099, 3.396676511611595]","[-45.49156459242227, 13.455196258593777]",60,60,0,"[22, 38]"
p1_complete_0.125mm,5.0,10,100,L5,840,14,1.7608619512941186,1.7608619512941186,1.7608619512941186,"[12, 2]","[-11.274834125651779, 7.500750430362232]","[-33.89908434924959, 15.578625473824703]",60,60,0,"[59, 1]"
p1_complete_0.125mm,5.0,10,100,S1,840,14,0.6730740200685945,0.6730740200685942,0.6730740200685944,"[8, 6]","[-13.27237494038048, 10.359708758569006]","[-36.46487944928567, 25.230324841156577]",60,60,0,"[31, 29]"
p1_complete_0.125mm,5.0,10,100,S2,840,14,7.198826341552259,7.198826341552259,7.198826341552259,"[14, 0]","[3.1586991534744953, 13.063614809898652]","[-10.218389962422672, 42.084536191523526]",60,60,0,"[60, 0]"
p1_complete_0.125mm,5.0,20,100,L1,840,14,-3.767851059610393,-3.767851059610393,-3.767851059610393,"[0, 14]","[-8.042086839780739, -0.6845352882475163]","[-16.424982798523168, 25.322499790034414]",60,60,0,"[0, 60]"
p1_complete_0.125mm,5.0,20,100,L2,840,14,-4.454999546104476,-4.454999546104476,-4.454999546104477,"[2, 12]","[-19.398473331797284, 12.697552928827651]","[-48.268266288694164, 25.187621295664798]",60,60,0,"[0, 60]"
p1_complete_0.125mm,5.0,20,100,L3,840,14,0.15630215451439616,0.156302154514396,0.15630215451439586,"[5, 9]","[-12.402559429243535, 16.006255335773208]","[-30.830595832916796, 33.75646033456063]",60,60,0,"[40, 20]"
p1_complete_0.125mm,5.0,20,100,L4,840,14,-1.7548613249951206,-1.7548613249951206,-1.7548613249951206,"[7, 7]","[-15.581248074710121, 3.1678367488789263]","[-46.02310572070483, 13.06279730548714]",60,60,0,"[21, 39]"
p1_complete_0.125mm,5.0,20,100,L5,840,14,1.9010052331213136,1.9010052331213136,1.9010052331213132,"[12, 2]","[-12.622810116509239, 7.363723817633443]","[-29.53504124449799, 17.1420820042961]",60,60,0,"[60, 0]"
p1_complete_0.125mm,5.0,20,100,S1,840,14,0.7379111396612069,0.7379111396612066,0.7379111396612068,"[8, 6]","[-11.458553353687861, 10.25252296669834]","[-30.893221362014955, 23.66635073975656]",60,60,0,"[31, 29]"
p1_complete_0.125mm,5.0,20,100,S2,840,14,7.182493403413074,7.182493403413074,7.182493403413072,"[14, 0]","[3.1783671684772243, 12.432397296950489]","[-11.558000908566305, 37.13255100268575]",60,60,0,"[60, 0]"
p1_complete_0.125mm,10.0,0,10,L1,780,13,1.6311827925979832,1.6311827925979825,,"[12, 1]","[-2.171029779202089, 3.0540201006511842]","[-8.44518130694758, 7.217399057233692]",0,60,60,"[0, 0]"
p1_complete_0.125mm,10.0,0,10,L2,780,13,0.5056272751326513,0.5056272751326512,,"[7, 6]","[-2.3682653970317675, 2.0658038787229396]","[-3.3038559234467355, 3.682959224178886]",0,60,60,"[0, 0]"
p1_complete_0.125mm,10.0,0,10,L3,780,13,-0.12797117149529005,-0.12797117149529003,,"[6, 7]","[-2.278786570274559, 1.6925166122698252]","[-2.7933917432238804, 3.0375018947393166]",0,60,60,"[0, 0]"
p1_complete_0.125mm,10.0,0,10,L4,780,13,-0.3117933242793201,-0.31179332427932016,,"[4, 9]","[-1.4837653851253132, 1.5441133763358235]","[-2.027908136804826, 2.5908777805732046]",0,60,60,"[0, 0]"
p1_complete_0.125mm,10.0,0,10,L5,780,13,-0.5752512328765904,-0.5752512328765903,,"[2, 11]","[-1.471307239122177, 1.0099013865917905]","[-2.3839436485872945, 2.1576112859550243]",0,60,60,"[0, 0]"
p1_complete_0.125mm,10.0,0,10,S1,780,13,-0.5698370258632208,-0.5698370258632208,,"[2, 11]","[-1.7515157577686382, 1.5046311670641865]","[-3.357878745288878, 3.4739416235100853]",0,60,60,"[0, 0]"
p1_complete_0.125mm,10.0,0,10,S2,780,13,-0.5519573132162134,-0.5519573132162134,,"[3, 10]","[-1.7110654609550457, 0.6324873609335636]","[-2.793473035934999, 2.680418131118306]",0,60,60,"[0, 0]"
p1_complete_0.125mm,10.0,0,20,L1,780,13,2.8688702575292386,2.868870257529238,,"[12, 1]","[-5.951843382629999, 5.613849991076925]","[-19.852006509097, 13.94701928234883]",0,60,60,"[0, 0]"
p1_complete_0.125mm,10.0,0,20,L2,780,13,0.8262263283238039,0.8262263283238039,,"[9, 4]","[-5.636410076825412, 3.816737139140617]","[-7.862758821388695, 8.660259943188528]",0,60,60,"[0, 0]"
p1_complete_0.125mm,10.0,0,20,L3,780,13,-0.24050406166410981,-0.24050406166410987,,"[6, 7]","[-5.502427278338573, 3.516209630836621]","[-6.729138412834415, 5.448869334933357]",0,60,60,"[0, 0]"
p1_complete_0.125mm,10.0,0,20,L4,780,13,-0.5306238607642471,-0.5306238607642473,,"[4, 9]","[-2.801945191455908, 2.730324133250301]","[-3.724359686635846, 4.670272574844295]",0,60,60,"[0, 0]"
p1_complete_0.125mm,10.0,0,20,L5,780,13,-1.065709277395221,-1.0657092773952213,,"[2, 11]","[-2.793716225007502, 2.361245081382556]","[-5.200583277907378, 5.5415255928605465]",0,60,60,"[0, 0]"
p1_complete_0.125mm,10.0,0,20,S1,780,13,-0.9067738122769802,-0.9067738122769802,,"[3, 10]","[-3.367823753061483, 3.6584352333999903]","[-6.208035506469339, 7.272954140951943]",0,60,60,"[0, 0]"
p1_complete_0.125mm,10.0,0,20,S2,780,13,-0.9514855737524839,-0.9514855737524839,,"[3, 10]","[-3.1082528106541045, 1.6597880163935472]","[-3.786281209412419, 6.246930454037189]",0,60,60,"[0, 0]"
p1_complete_0.125mm,10.0,0,100,L1,780,13,-4.736410229640031,-4.736410229640031,,"[1, 12]","[-10.717050158021944, 1.2504554949848181]","[-19.584327293638502, 18.244986261954836]",0,60,60,"[0, 0]"
p1_complete_0.125mm,10.0,0,100,L2,780,13,-1.3489092764110127,-1.3489092764110129,,"[3, 10]","[-4.544905015683871, 7.631852365205849]","[-15.186331214423296, 12.52280076930382]",0,60,60,"[0, 0]"
p1_complete_0.125mm,10.0,0,100,L3,780,13,-0.2735023640177189,-0.27350236401771894,,"[6, 7]","[-8.780533251714333, 9.145477583707443]","[-24.144944840687785, 21.238047721053842]",0,60,60,"[0, 0]"
p1_complete_0.125mm,10.0,0,100,L4,780,13,0.41682227525056453,0.4168222752505647,,"[9, 4]","[-8.234428648908331, 3.9768327510485735]","[-11.915365563397879, 9.269638030118971]",0,60,60,"[0, 0]"
p1_complete_0.125mm,10.0,0,100,L5,780,13,0.9718521006425754,0.9718521006425754,,"[11, 2]","[-8.911073943889678, 5.654686042495607]","[-23.85362031672785, 37.16246181749461]",0,60,60,"[0, 0]"
p1_complete_0.125mm,10.0,0,100,S1,780,13,0.6439104696955736,0.6439104696955734,,"[8, 5]","[-6.445223610740988, 6.982681797543193]","[-23.07248127532696, 19.959718886388046]",0,60,60,"[0, 0]"
p1_complete_0.125mm,10.0,0,100,S2,780,13,4.326237024480049,4.326237024480049,,"[12, 1]","[-0.44921881304214645, 7.833323027067579]","[-14.343427455212337, 32.88199839789513]",0,60,60,"[0, 0]"
p1_complete_0.125mm,10.0,10,20,L1,780,13,1.237687464931255,1.237687464931255,,"[12, 1]","[-3.780813603427912, 2.88166430726308]","[-11.406825202149417, 6.849700874743824]",0,60,60,"[0, 0]"
p1_complete_0.125mm,10.0,10,20,L2,780,13,0.32059905319115245,0.3205990531911525,,"[10, 3]","[-3.2681446797936458, 1.750933260417676]","[-4.558902897941959, 4.977300719009642]",0,60,60,"[0, 0]"
p1_complete_0.125mm,10.0,10,20,L3,780,13,-0.11253289016881979,-0.11253289016881984,,"[7, 6]","[-3.2236407080640137, 1.8236930185667954]","[-4.023926201322261, 2.785073766414492]",0,60,60,"[0, 0]"
p1_complete_0.125mm,10.0,10,20,L4,780,13,-0.21883053648492695,-0.21883053648492695,,"[4, 9]","[-1.3181798063305954, 1.2035361701127902]","[-1.8987404201878666, 2.4757889676417397]",0,60,60,"[0, 0]"
p1_complete_0.125mm,10.0,10,20,L5,780,13,-0.49045804451863073,-0.49045804451863084,,"[2, 11]","[-1.3224089858853254, 1.3513436947907658]","[-2.8199834365781715, 3.383914306905522]",0,60,60,"[0, 0]"
p1_complete_0.125mm,10.0,10,20,S1,780,13,-0.33693678641375946,-0.3369367864137595,,"[3, 10]","[-1.6163079952928465, 2.1538040663358027]","[-2.9562596829761203, 3.7990125174418576]",0,60,60,"[0, 0]"
p1_complete_0.125mm,10.0,10,20,S2,780,13,-0.39952826053627044,-0.39952826053627055,,"[4, 9]","[-1.397187349699059, 1.0273006554599824]","[-1.8991943095561599, 3.6003475392547863]",0,60,60,"[0, 0]"
p1_complete_0.125mm,10.0,10,100,L1,780,13,-6.367593022238014,-6.367593022238014,,"[0, 13]","[-10.779194284479775, -1.1607009366192584]","[-16.45365664577435, 12.60991103503269]",0,60,60,"[0, 0]"
p1_complete_0.125mm,10.0,10,100,L2,780,13,-1.8545365515436643,-1.8545365515436638,,"[3, 10]","[-6.5570183619976365, 10.000117762237618]","[-16.0217442216325, 13.176007197369714]",0,60,60,"[0, 0]"
p1_complete_0.125mm,10.0,10,100,L3,780,13,-0.14553119252242872,-0.1455311925224287,,"[6, 7]","[-7.615574877456924, 11.424264153982005]","[-22.17995972391504, 23.348380311841748]",0,60,60,"[0, 0]"
p1_complete_0.125mm,10.0,10,100,L4,780,13,0.7286155995298851,0.728615599529885,,"[9, 4]","[-9.176332549263806, 4.776383345766369]","[-12.438562851183024, 9.67494637951297]",0,60,60,"[0, 0]"
p1_complete_0.125mm,10.0,10,100,L5,780,13,1.5471033335191655,1.547103333519165,,"[11, 2]","[-9.920975330481468, 6.409689197481468]","[-21.974014329134544, 35.00485053153958]",0,60,60,"[0, 0]"
p1_complete_0.125mm,10.0,10,100,S1,780,13,1.2137474955587946,1.2137474955587941,,"[8, 5]","[-6.6857523705712545, 7.144247119557525]","[-21.79257665324189, 16.48577726287796]",0,60,60,"[0, 0]"
p1_complete_0.125mm,10.0,10,100,S2,780,13,4.878194337696262,4.8781943376962635,,"[13, 0]","[0.19516804213851427, 8.07318811035672]","[-14.634867247849392, 32.58935971807272]",0,60,60,"[0, 0]"
p1_complete_0.125mm,10.0,20,100,L1,780,13,-7.605280487169269,-7.605280487169271,,"[0, 13]","[-13.229547091052662, -2.6263498163235486]","[-18.606301428554517, 8.4676348614452]",0,60,60,"[0, 0]"
p1_complete_0.125mm,10.0,20,100,L2,780,13,-2.1751356047348165,-2.1751356047348165,,"[2, 11]","[-8.191391905066046, 13.268262442031265]","[-16.432703653797994, 16.924239842570334]",0,60,60,"[0, 0]"
p1_complete_0.125mm,10.0,20,100,L3,780,13,-0.03299830235360897,-0.032998302353609156,,"[5, 8]","[-6.164175181666235, 14.647904862046019]","[-19.515812130256265, 26.21601921212576]",0,60,60,"[0, 0]"
p1_complete_0.125mm,10.0,20,100,L4,780,13,0.9474461360148118,0.9474461360148118,,"[10, 3]","[-10.3798687193766, 5.490559875842413]","[-14.236026932805073, 10.202796518490342]",0,60,60,"[0, 0]"
p1_complete_0.125mm,10.0,20,100,L5,780,13,2.037561378037797,2.0375613780377977,,"[11, 2]","[-11.272319025272234, 7.123554710062649]","[-19.829726511621427, 31.75847475933352]",0,60,60,"[0, 0]"
p1_complete_0.125mm,10.0,20,100,S1,780,13,1.5506842819725537,1.550684281972554,,"[8, 5]","[-8.83955643690706, 7.108300111145384]","[-21.239442708275156, 13.4236214979846]",0,60,60,"[0, 0]"
p1_complete_0.125mm,10.0,20,100,S2,780,13,5.277722598232533,5.277722598232533,,"[13, 0]","[0.190223012906336, 9.470375460055779]","[-15.37424662291631, 28.98901217881793]",0,60,60,"[0, 0]"
